,2026,2027,2028,2029,2030,2031,2032,2033,2034,2035,2036,2037,2038,2039,2040,2041,2042,2043,2044,2045,2046,2047,2048,2049,2050,2051,2052,2053,2054,2055,2056,2057,2058,2059,2060,2061,2062,2063,2064,2065,2066,2067,2068,2069,2070,2071,2072,2073,2074,2075,2076,2077,2078,2079,2080,2081,2082,2083,2084,2085,2086,2087,2088,2089,2090,2091,2092,2093,2094,2095,2096,2097,2098,2099,2100
0,40.35471607771651,38.573523066647894,36.792293541285055,35.011027501666206,33.229724947681014,31.90255882864853,30.57536122183509,29.248132127331118,27.920871544952497,26.59357947475426,25.670743150160447,24.74789067660504,23.825022053917532,22.902137282282432,21.97923636158881,21.164829240181405,20.35041634916652,19.535997688496728,18.72157325816069,17.907143058216278,17.01542453104647,16.12370151306793,15.23197400428041,14.34024200466974,13.44850551423399,12.881708521218759,12.31490814590052,11.74810438817734,11.181297248177419,10.61448672585369,10.17794558042718,9.741402109705719,9.30485631361277,8.868308192131758,8.43175774532703,8.10517810728248,7.77859664762361,7.452013366423661,7.12542826365369,6.798841339361369,6.472272067001571,6.145701314893789,5.819129082988891,5.492555371360829,5.165980179869281,4.7054071459451805,4.244832907490199,3.784257464592811,3.323680817213031,2.86310296529106,2.40253583229696,1.941967687154381,1.4813985299132892,1.0208283605701096,0.5602571791595398,0.040585799554939815,-0.4790864807682214,-0.9987596618389408,-1.5184337436464406,-2.0381087261892605,-2.557800989809498,-3.077494398748989,-3.59718895297497,-4.1168846525302705,-4.63658149736755,-4.964020047518461,-5.29145912990692,-5.618898744446227,-5.946338891182079,-6.2737795699475685,-6.601220780986949,-6.9286625241743405,-7.256104799468349,-7.583547607010649,-7.910990946703801
1,38.718563908755456,36.381504674727566,34.04433755247225,31.707062541948833,29.369679643162012,27.908029118602222,26.446352979490705,24.984651225939217,23.52292385784991,22.061170875274755,21.01888469529857,19.976586729476207,18.934276977791807,17.891955440248115,16.849622116837114,16.042404894193623,15.235177874127412,14.427941056651273,13.62069444170969,12.813438029341109,12.195487814698424,11.577529319723926,10.95956254443405,10.341587488829344,9.723604152888075,9.442634332757443,9.1616583844484,8.880676307941634,8.59968810322219,8.318693770353228,8.19656829890473,8.074439072008301,7.952306089660285,7.830169351887758,7.70802885865062,7.674089148047189,7.640146345615838,7.606200451369786,7.572251465309677,7.538299387425485,7.504467895807961,7.470633813098138,7.436797139304274,7.40295787446331,7.369116018498659,7.353175650346403,7.3372330675760775,7.321288270218874,7.305341258239078,7.289392031648634,7.273482371503841,7.257570778602749,7.2416572529423755,7.225741794553624,7.209824403410423,7.175617525800669,7.141408925506074,7.10719860247808,7.072986556770837,7.038772788359292,7.004523888726474,6.970272908105364,6.936019846428516,6.9017647037504455,6.867507480041897,6.823657841419502,6.779807011392699,6.735954989938304,6.692101777069761,6.648247372807097,6.604392623909417,6.560536683631306,6.5166795519427945,6.472821228851664,6.428961714321893
2,38.22256836560103,36.5862841028451,34.949962073901325,33.31360227872364,31.67720471734376,30.461702168366386,29.24618036983735,28.030639321799843,26.815079024252483,25.59949947716806,24.77087640666351,23.942236857634654,23.11358083001176,22.284908323883798,21.456219339185736,20.70853592783494,19.960832617781744,19.21310940902308,18.465366301559484,17.71760329541222,16.86463415521607,16.01164474897386,15.158635076710391,14.305605138389268,13.452554934060135,12.899651428240222,12.346734522140755,11.793804215724782,11.240860509073645,10.6879034021036,10.365138992165525,10.042365988537519,9.719584391168512,9.396794200132726,9.073995415367541,9.046503512093501,9.019006888167159,8.991505543558127,8.963999478267164,8.936488692297692,8.909069518014968,8.88164661284014,8.854219976688837,8.826789609622223,8.799355511585802,8.77548329805152,8.751605152785688,8.727721075753196,8.703831067001623,8.67993512653289,8.655953875014179,8.631965960148385,8.607971381968573,8.583970140453241,8.559962235596888,8.503357736586944,8.446748082319592,8.390133272836168,8.333513308123006,8.276888188172665,8.220515006795242,8.164139028089068,8.107760252023285,8.051378678632894,7.994994307884889,7.973265890161076,7.95153686684058,7.929807237959496,7.908077003524612,7.886346163549306,7.86492772338252,7.8435114913015855,7.822097467314771,7.800685651394977,7.779276043563892
3,41.19093375172123,39.397747255268904,37.60448952427521,35.81116055896603,34.01776035914514,32.57908272625035,31.140355299553324,29.70157807950186,28.262751065806434,26.82387425829133,25.730504672703862,24.63710679685821,23.543680630548764,22.450226174260102,21.356743427492994,20.45881912811694,19.560885031122783,18.662941136744482,17.764987444907867,16.867023955617153,15.8942813730261,14.921530510094387,13.948771366812933,12.976003943400416,12.003228239502759,11.288074617231972,10.5729148669114,9.85774898822634,9.142576981477768,8.427398846442276,7.853293894489355,7.279185186972364,6.705072724167232,6.13095650575717,5.55683653201424,5.11446652091018,4.672093417927819,4.229717223233501,3.78733793667628,3.344955558500621,2.90261186451362,2.4602655793893806,2.0179167035999,1.5755652363225805,1.1332111783800405,0.8386877916379254,0.5441621903733214,0.2496343743710476,-0.044895655675347985,-0.33942790089847086,-0.633941322198047,-0.9284566760646383,-1.2229739628768252,-1.517493182631459,-1.812014334540073,-2.024276773026271,-2.2365409332383126,-2.4488068169225836,-2.661074423119261,-2.8733437514539224,-3.085651411608902,-3.2979611521870695,-3.5102729743955505,-3.7225868776031934,-3.9349028616282,-4.146345960986326,-4.35779025217893,-4.569235734363394,-4.7806824078115415,-4.992130272820945,-5.20358203666827,-5.415034992054674,-5.626489139276566,-5.837944477866753,-6.049401007349818
4,47.96905965233526,44.008567931319284,40.04795996180904,36.08723574380832,32.126395277304724,29.596097584135283,27.06577317706398,24.53542205610322,22.005044221252998,19.47463967251332,17.905568263688398,16.3364850689962,14.767390088444099,13.1982833220321,11.6291647697602,10.72242132954148,9.815668091895061,8.90890505682472,8.00213222430944,7.09534959436646,6.56543090632476,6.035503937958601,5.5055686892655,4.97562516026034,4.44567335092824,4.215357461532481,3.98503544395624,3.75470729818228,3.52437302421544,3.2940326220792793,3.245228131827456,3.196419886124792,3.1476078849748887,3.098792128381524,3.0499726163373198,3.021286819003009,2.9925979298333005,2.96390594885423,2.9352108760521594,2.9065127114369504,2.885047000692278,2.8635786988648655,2.842107805954714,2.820634321977822,2.7991582468984104,2.7758399479348883,2.752519434356745,2.729196706180164,2.7058717633853617,2.6825446059871,2.66061286153009,2.63867918432336,2.6167435743545093,2.59480603164834,2.5728665561936896,2.593260449545143,2.613652620213757,2.634043068159971,2.6544317934233446,2.6748187959729384,2.6943684130702983,2.7139159491679004,2.733461404226361,2.7530047782726625,2.7725460712958228,2.7829312448493377,2.793315227005773,2.8036980177329474,2.8140796170382423,2.8244600249550773,2.833412770719584,2.8423643250782136,2.8513146880483817,2.860263859595429,2.869211839720598
5,37.97869765697111,35.55264831278858,33.126593786747186,30.700534078844747,28.274469189114217,27.089499944289805,25.904523532947994,24.719539955126606,23.534549210814813,22.349551300008844,21.47501003428434,20.60046008242621,19.72590144439019,18.851334120195116,17.97675810983676,17.23971006293316,16.5026532767658,15.765587751327125,15.028513486633305,14.291430482686545,13.713865923175115,13.13629343147953,12.558713007609983,11.981124651567095,11.403528363356228,11.03535369670226,10.667172633939552,10.298985175086484,9.930791320162498,9.56259106910875,9.29808558824531,9.03357566362693,8.769061295244372,8.504542483140293,8.240019227247233,8.106516154598316,7.973010557072859,7.839502434724862,7.705991787479305,7.572478615411208,7.439030385259551,7.305580268172615,7.172128264146616,7.038674373164321,6.905218595255364,6.897108408218039,6.888995737752735,6.880880583843273,6.872762946505827,6.864642825736624,6.856484041532941,6.848322446924636,6.840158041949533,6.831990826580628,6.8238208008195045,6.810061217663273,6.796299183833943,6.782534699313133,6.768767764121422,6.7549983782528304,6.741327833866441,6.72765585419929,6.713982439211979,6.7003075889293084,6.686631303326477,6.672482581363829,6.6583337882249385,6.64418492392221,6.630035988476659,6.615886981867271,6.6019198379425434,6.587954357743912,6.573990541246583,6.560028388483974,6.546067899435065
6,40.12042138817191,38.26235546052195,36.40420299704751,34.54596399770358,32.68763846255721,31.131652399058368,29.57565412440944,28.019643638638378,26.46362094175641,24.90758603375913,23.75958103805122,22.61156425645416,21.463535688988397,20.31549533567591,19.167443196520253,18.207862784420104,17.24827257493783,16.28867256798246,15.329062763607752,14.369443161820742,13.482851126042288,12.596250809968499,11.709642213556771,10.823025336837343,9.936400179820415,9.50806189399526,9.079718666406265,8.65137049700827,8.223017385764104,7.794659332717476,7.419646537170152,7.04462879980024,6.669606120624576,6.294578499650433,5.9195459368453,5.609747360577626,5.2999459428186615,4.990141683652397,4.680334583054822,4.370524640972398,4.0609894777355615,3.751451473027592,3.4419106269247433,3.132366939336026,2.8228204103257966,2.647235213325732,2.471647942691456,2.2960585983320705,2.1204671802886748,1.9448736886185305,1.7693331655509648,1.59379056884689,1.4182458984310555,1.2426991543748709,1.0671503365999961,0.9774200861958968,0.887687933951757,0.7979538798421366,0.7082179238439973,0.6184800659793099,0.52889991297497,0.43931785813662994,0.34973390141190935,0.26014804283541015,0.17056028235655019,0.0708317522057101,-0.02889796940228942,-0.12862888238739004,-0.22836098680975025,-0.3280942826028304,-0.4278704249000599,-0.5276477586133901,-0.6274262837295802,-0.7272060002621696,-0.8269869082163397
7,39.18752756551928,37.16984716247498,35.15213725023764,33.134397828277045,31.11662889660936,30.170747618276266,29.224760493159987,28.278667521179667,27.332468701999083,26.38616403601161,25.44142565343027,24.496679734175128,23.55192627834793,22.60716528543908,21.662396755984503,20.77110042440766,19.879798844164302,18.988492016321384,18.097179939853838,17.205862615735462,16.30468709198704,15.40350640528043,14.502320554720628,13.601129540849692,12.69993336369517,12.17071016761391,11.64148399517789,11.11225484605675,10.58302272045063,10.053787618179207,9.56066767046721,9.067544769137399,8.574418914171673,8.08129010571337,7.588158343716021,7.1214163944046405,6.65467267987745,6.18792720026787,5.7211799553963605,5.25443094554006,4.78778815390471,4.321143597061321,3.85449727516525,3.3878491881625403,2.921199335960169,2.450661882588589,1.98012330867156,1.5095836141187,1.039042799039621,0.5685008633888702,0.09766898642295904,-0.37316401098696905,-0.84399812916478,-1.3148333677195,-1.7856697269778499,-2.30003421026928,-2.814399716530219,-3.3287662457745206,-3.8431337980271305,-4.357502373174829,-4.871534850151341,-5.385568349986628,-5.8996028729063,-6.41363841876488,-6.9276749875169505,-7.460269693770721,-7.992864932488,-8.525460703760169,-9.058057007519432,-9.590653843778881,-10.12256269804068,-10.65447208476438,-11.18638200401546,-11.71829245577664,-12.250203440028116
8,37.523770820542566,34.86176196222776,32.1997480654037,29.53772912996998,26.875705156122102,25.54117764537704,24.206642827691805,22.87210070343599,21.537551272280375,20.202994534597682,19.22013384032783,18.237264752402467,17.254387270729204,16.27150139523547,15.288607126176865,14.537448492795308,13.786281218903365,13.0351053043418,12.283920749198597,11.532727553442452,10.929767540691541,10.326799594416695,9.723823714398062,9.120839901023889,8.517848154079765,8.176212408788755,7.834570278125233,7.492921762226653,7.151266860768652,6.809605573843091,6.8210392694488,6.832468522708568,6.843893333614929,6.855313702089898,6.866729628021587,6.8700978773184955,6.873463602436064,6.87682680362692,6.880187480916987,6.8835456341509165,6.886968651043085,6.890389781033773,6.8938090242298005,6.89722638033033,6.900641849465197,6.905140748663907,6.909637164439136,6.9141310967283065,6.918622545667896,6.923111511114027,6.927561813210576,6.932009304875707,6.9364539859629355,6.940895856896265,6.9453349173497045,6.93316304861111,6.9209887292699435,6.908811959169598,6.896632738311452,6.884451067233727,6.8723682373355,6.860283972088813,6.84819827149394,6.836111135571633,6.824022564513467,6.8103145438897315,6.79660645177263,6.782898288587815,6.769190054109552,6.75548174851958,6.741955305740337,6.728430526561123,6.71490741103108,6.701385959444486,6.687866171359262
9,45.11848062923044,42.087545100126405,39.056573056730855,36.02556449900676,32.99451942697515,30.42284776133535,27.85114460789769,25.27940996668319,22.70764383766345,20.135846220863087,18.476748588513747,16.817634807167007,15.158504876782066,13.499358797383724,11.840196568968201,10.91879370000827,9.997385061420285,9.075970653197976,8.154550475345127,7.2331245278592,6.822196184515292,6.411263350358844,6.000326025372616,5.589384209586248,5.17843790297748,4.953153322204086,4.7278653591046735,4.502574013654619,4.277279285873524,4.051981175762809,3.794789086230798,3.5375946713443462,3.280397931092294,3.023198865493181,2.76599747453225,2.522582688074673,2.279166080034674,2.0357476504382968,1.792327399271898,1.54890532655272,1.305500905840842,1.0620950053413842,0.8186876250691055,0.5752787650178673,0.33186842516665016,0.1568382953410574,-0.01819303897641488,-0.1932255777695867,-0.3682593210508586,-0.5432942688276095,-0.7183184977232028,-0.8933437387282755,-1.0683699918478464,-1.243397257057118,-1.4184255343598693,-1.5051063122490043,-1.5917879908660988,-1.678470570235952,-1.765154050326385,-1.85183843116834,-1.9385400930861145,-2.025242900300828,-2.111946852822341,-2.198651950660575,-2.2853581937969905,-2.362771417715377,-2.4401851737902045,-2.51759946203889,-2.5950142824688176,-2.672429635039186,-2.7498455197649334,-2.8272619366633003,-2.9046788857094863,-2.982096366938153,-3.0595143803406804
10,41.98291743192488,39.178638637238954,36.37425195426342,33.56975738310226,30.765154923594647,29.22505852281531,27.68493650753502,26.14478887777176,24.604615633508203,23.064416774745542,21.99846721464411,20.93250586866033,19.86653273682667,18.800547819117742,17.734551115538956,16.912850289721458,16.0911396664699,15.269419245796268,14.447689027683468,13.62594901211927,13.125745758519265,12.6255342245893,12.125314410306306,11.625086315738114,11.124849940843808,10.843395657321393,10.56193524559272,10.280468705720406,9.998996037639305,9.717517241368991,9.522643285213206,9.327765573645893,9.132884106607328,8.93799888414931,8.743109906201145,8.642754134740166,8.542395271517668,8.442033316408327,8.341668269481188,8.241300130797118,8.141166452733614,8.041030183611383,7.940891323402812,7.840749872126888,7.740605829752657,7.674881230427245,7.609154416430913,7.543425387877071,7.477694144682978,7.411960686922826,7.346483736794092,7.281004853870428,7.215524038229854,7.15004128985945,7.084556608728866,7.008688752974015,6.932819174554914,6.856947873389013,6.781074849579272,6.7052001030087895,6.62881894337878,6.55243570271902,6.47605038101271,6.39966297831093,6.323273494575129,6.28044962296238,6.23762455989465,6.19479830545556,6.15197085953669,6.10914222228566,6.06625272065291,6.02336202761177,5.98047014319227,5.9375770673379495,5.89468280006946
11,41.59546027155407,39.85843783226659,38.12140989886635,36.38437647124557,34.647337549260236,33.312631746943794,31.97791848912451,30.643197776019143,29.308469607624183,27.97373398390265,27.08475470474007,26.19576652401305,25.306769441414882,24.41776345714228,23.52874857116361,22.75408244914793,21.97940732257642,21.204723191435907,20.430030055638568,19.65532791539713,18.76421456360879,17.873093111105497,16.981963557828255,16.090825903739944,15.199680148754696,14.613790445766375,14.02789426366938,13.4419916024987,12.856082462558444,12.27016684337754,11.83662767327446,11.403083982645683,10.969535771705388,10.535983040202733,10.102425788196651,9.80073816430369,9.499048004315904,9.197355308034341,8.895660075779535,8.593962307353928,8.292320742381383,7.990677277594819,7.689031913363513,7.38738464958182,7.085735486068236,6.725014451690867,6.364290955869608,6.003564998641309,5.642836579946731,5.282105699839494,4.921338068388095,4.5605676482537785,4.199794439273609,3.83901844176611,3.478239655555913,2.946777952345561,2.4153137825160083,1.8838471462586968,1.3523780432980144,0.820906473714022,0.28953400402723073,-0.2418399080772006,-0.7732152626904947,-1.3045920597360172,-1.8359702992306088,-2.272812977562719,-2.7096557450736807,-3.1464986015739718,-3.583341547343643,-4.020184582062366,-4.456844081630717,-4.893501919349897,-5.330158095255071,-5.76681260945198,-6.203465461629101
12,38.17024209513999,35.78247514637308,33.39470301574729,31.00692570326045,28.61914320894553,27.43099812121861,26.242845866974285,25.054686446250376,23.86651985903607,22.67834610532758,21.789923636259513,20.9014924810578,20.0130526396782,19.124604112139544,18.23614689843761,17.437376366535894,16.638597095370407,15.839809084933606,15.041012335241659,14.242206846296776,13.58789757866902,12.933580378857096,12.279255246871216,11.624922182711996,10.970581186384798,10.578214792269247,10.185842002044957,9.79346281573031,9.40107723334474,9.008685254829413,8.746388032528701,8.484086366473049,8.22178025665322,7.959469703111872,7.697154705781541,7.6110328271167385,7.5249084235753925,7.438781495211509,7.352652041950065,7.266520063866081,7.180453027698538,7.094384104595712,7.008313294553829,6.9222405975556445,6.836166013630801,6.832809476706478,6.829450456354173,6.82608895255771,6.822724965333267,6.819358494677063,6.815953360586379,6.812545416091075,6.809134661228971,6.805721095973068,6.802304720324944,6.78993347262882,6.777559774259597,6.765183625198893,6.752805025467289,6.740423975058805,6.72814176613252,6.715858121925478,6.703573042398273,6.69128652757571,6.678998577432986,6.6641852409170355,6.649371833224847,6.634558354368816,6.619744804369966,6.604931183207276,6.590299424729246,6.575669329977316,6.561040898926685,6.546414131610776,6.531789028008566
13,45.816915399636535,43.66242244877625,41.507842962063876,39.353176939575135,37.19842438112602,35.22091681099349,33.24339702965387,31.26586503724392,29.28832083369509,27.31076441902981,26.03920309255708,24.767629980215634,23.49604508200618,22.22444839792804,20.95283992800612,19.887157286745065,18.821464848076047,17.755762611981652,16.690050578434423,15.624328747430758,14.964189518375012,14.304042009027482,13.64388621932692,12.983722149287688,12.323549798960515,11.799523971222518,11.27549320173337,10.751457490376472,10.227416837181458,9.703371242225188,9.41991230176586,9.136448419543823,8.852979595467936,8.569505829552357,8.28602712186313,8.120316506780416,7.954603050246111,7.788886752264278,7.623167612837835,7.457445631979982,7.291720809646267,7.125993145867983,6.960262640644169,6.794529293999576,6.628793105884611,6.634086759115863,6.639378338700675,6.644667844547908,6.649955276728789,6.655240635279733,6.660523920123464,6.665805131305697,6.671084268761689,6.676361332599901,6.681636322713705,6.68630334535313,6.690968466113734,6.695631685027229,6.700293002080796,6.704952417254714,6.709609930580748,6.714265542067875,6.718919251651959,6.723571059395221,6.728220965237201,6.65848835350501,6.588754550312059,6.519019555760911,6.44928336973279,6.37954599237006,6.309807423530391,6.240067663309509,6.170326711701979,6.1005845686266404,6.030841234187929
14,45.51451955813525,43.43802150460986,41.36145221668079,39.2848116944096,37.20809993768241,35.19743820387585,33.18672667647885,31.1759653555806,29.1651542410056,27.15429333278301,25.731163487254467,24.30800535152114,22.88481892545581,21.46160420922935,20.03836120273083,18.68014714556272,17.3219232909875,15.96368963896777,14.605446189467392,13.24719294256402,12.23891653724421,11.23063185160375,10.222338885657154,9.21403763937548,8.20572811276419,7.305355480346839,6.404976719772019,5.504591830945179,4.604200813979759,3.7038036688508296,3.067949529916399,2.4320916355906204,1.7962299858117095,1.1603645805483396,0.5244954198722289,0.10342214781520007,-0.3176542161091303,-0.7387336718275211,-1.1598162193689108,-1.58090185869301,-2.001944555990631,-2.4229898443313895,-2.8440377237791887,-3.2650881942379315,-3.6861412558626996,-3.900006209828441,-4.1138733784478,-4.32774276163231,-4.54161435942933,-4.755488171876521,-4.96933687768732,-5.183187516286841,-5.397040087632489,-5.61089459172785,-5.824751028545599,-5.95505960350894,-6.085369901145721,-6.215681921499701,-6.34599566455272,-6.476311130303318,-6.6066648433792405,-6.737020637477232,-6.867378512594051,-6.99773846873563,-7.1281005058841505,-7.286950938809681,-7.4458025632134,-7.604655379023373,-7.7635093862705205,-7.922364584795332,-8.081220973764571,-8.24007855411508,-8.39893732581285,-8.55779728899955,-8.71665844358512
15,38.37991451399499,36.02960604847036,33.67929240108687,31.328973571842322,28.978649560769686,27.73298215594663,26.487307584606175,25.241625846786135,23.9959369424757,22.75024087167109,21.86011617713899,20.969982796473257,20.079840729629645,19.18968997662697,18.29953053746101,17.47104406102959,16.6425488453344,15.81404489036789,14.98553219614624,14.157010762671653,13.48010471032335,12.803190725790884,12.126268809084461,11.449338960204695,10.772401179156954,10.352184047239808,9.931960519213925,9.511730595097683,9.091494274910518,8.671251558593594,8.385370093627015,8.099484184905497,7.8135938324198,7.527699036212582,7.241799796216384,7.202875333966919,7.163948346840913,7.125018834892367,7.086086798046261,7.047152236377615,7.008282616625409,6.969411109937924,6.930537716311377,6.891662435728531,6.852785268219025,6.847380525030962,6.841973298414921,6.836563588354719,6.831151394866535,6.825736717946595,6.820283377592171,6.8148272268331285,6.809368265707286,6.803906494187644,6.798441912275781,6.786928415316982,6.775412467685083,6.763894069361702,6.752373220367424,6.740849920696264,6.7294254625073044,6.717999569037585,6.706572240247705,6.695143476162467,6.683713276757065,6.668168596970403,6.6526238460075,6.637079023880757,6.6215341306111934,6.60598916617779,6.590626064429048,6.575264626406405,6.55990485208506,6.544546741498437,6.529190294625515
16,34.08284389394895,31.33326294840897,28.58367685390734,25.83408561041704,23.08448921798346,21.841848028075937,20.599199660119012,19.356544114138106,18.113881390110002,16.871211488055717,15.903180517251743,14.935141169718928,13.96709344543783,12.999037344402476,12.030972866633439,11.359803353364784,10.68862520961757,10.017438435421433,9.346243030755357,8.67503899563394,8.220885405562838,7.766723882687577,7.312554426993556,6.8583770385309935,6.404191717243252,6.406157599490338,6.408117096329884,6.410070207755471,6.412016933798936,6.413957274413843,6.4312792506621355,6.448596784507086,6.46590987590226,6.4832185249027106,6.500522731453383,6.524779472008286,6.549033689484651,6.573285383911675,6.597534555263939,6.621781203566863,6.646092694276227,6.670402298719909,6.694710016894134,6.719015848781658,6.743319794412122,6.753453379001208,6.763584492388713,6.773713134608057,6.7838393056506225,6.793963005512627,6.804046952872953,6.8141280905354575,6.824206418525562,6.834281936853469,6.844354645471153,6.832865325600722,6.821373540499592,6.809879290149381,6.798382574570671,6.7868833937574795,6.775484500700489,6.764084172362738,6.752682408704827,6.741279209751558,6.729874575478127,6.714826909178851,6.699779171703336,6.684731363063981,6.669683483281805,6.6546355323357895,6.639769444074434,6.62490501953918,6.6100422587052226,6.595181161605987,6.5803217282204525
17,29.890561743571762,28.642511434452302,27.39446112533285,26.146410816213407,24.898360507093958,23.969068993833652,23.03977748057335,22.11048596731305,21.181194454052743,20.25190294079244,19.669647928640334,19.087392916488223,18.50513790433612,17.922882892184006,17.3406278800319,16.63483527273212,15.929042665432332,15.223250058132548,14.517457450832762,13.81166484353298,13.204591931469611,12.597519019406244,11.990446107342876,11.383373195279507,10.77630028321614,10.294414163273155,9.812528043330172,9.330641923387189,8.848755803444204,8.36686968350122,7.8873078164881285,7.407745949475036,6.928184082461944,6.448622215448851,5.969060348435761,5.622448180286159,5.27583601213656,4.92922384398696,4.582611675837361,4.235999507687759,3.8053054353060833,3.3746113629244077,2.943917290542732,2.5132232181610563,2.08252914577938,1.5407740136176042,0.9990188814558281,0.457263749294052,-0.08449138286772427,-0.6262465150294995,-1.0405259777134128,-1.4548054403973236,-1.8690849030812369,-2.2833643657651477,-2.6976438284490607,-2.96328725155972,-3.22893067467038,-3.494574097781041,-3.7602175208917012,-4.0258609440023605,-4.335369664493192,-4.644878384984025,-4.954387105474857,-5.2638958259656885,-5.573404546456521,-5.849694969728325,-6.125985393000128,-6.402275816271931,-6.678566239543738,-6.954856662815541,-7.259557055926009,-7.564257449036475,-7.868957842146944,-8.173658235257413,-8.478358628367882
18,38.06479063628662,34.87345915425292,31.682062163599838,28.490599664374137,25.29907165644948,22.89792070418222,20.496718390946747,18.09546471669396,15.69415968151175,13.292803285355813,12.02602232278311,10.7592175929398,9.492389095689239,8.22553683106753,6.9586607990845915,6.27080275454236,5.582934912570829,4.895057273186469,4.207169836346079,3.519272602079589,3.3334075012817097,3.14753412016878,2.96165245873051,2.7757625169826885,2.5898642948622106,2.475065365458,2.3602603078730904,2.245449122086469,2.1306318081111804,2.015808365977661,1.9460654760384295,1.87631883070447,1.806568429901179,1.7368142736168113,1.6670563619449097,1.6326757686137299,1.5982920834352308,1.5639053064639694,1.5295154376592208,1.49512247705342,1.4607724585195885,1.426419848940021,1.3920646482501995,1.35770685651595,1.3233464736678788,1.3401153659559994,1.3568820436422895,1.3736465067488488,1.39040875520569,1.4071687890776687,1.4239539295376293,1.4407371372345692,1.4575184121375793,1.4742977543577893,1.4910751638194093,1.4292727806798597,1.367468674832459,1.30566284629468,1.2438552950442494,1.1820460210537402,1.1201984998032084,1.058348897503819,0.9964972142221004,0.9346434498532108,0.8727876044888698,0.8506236298377099,0.8284584637874696,0.8062921063115707,0.7841245573984907,0.7619558171106504,0.7397858864984895,0.7176147644295304,0.6954424510230311,0.673268946205641,0.6510942499250901
19,36.99219531628295,34.43237260491226,31.87254485503232,29.312712066542723,26.75287423963896,25.463253331571156,24.173625116563176,22.88398959498462,21.59434676650626,20.30469663150082,19.344835537801817,18.384966050447307,17.425088169344885,16.465201894422,15.505307225934244,14.760477908722109,14.015639950999585,13.27079335260744,12.525938113633655,11.781074234046931,11.16551640670579,10.54995064584071,9.934376951231844,9.318795323267441,8.703205761733084,8.325199631088422,7.94718711507125,7.569168213819018,7.191142927007364,6.813111254728151,6.82264253240032,6.832169367726549,6.841691760699369,6.851209711240799,6.860723219238947,6.860730182405531,6.8607346213927745,6.860736536453308,6.860735927613053,6.860732794716656,6.8607945254785,6.860854369338864,6.860912326404568,6.860968396374772,6.861022579379316,6.8649867714541095,6.868948480105424,6.872907705270677,6.876864447086352,6.880818705408566,6.884734300381199,6.888647084922413,6.8925570588857275,6.896464222695141,6.900368576024665,6.888042372159547,6.875713717691861,6.863382612464991,6.851049056480323,6.838713050276077,6.826475885251328,6.81423728487812,6.801997249156722,6.789755778107895,6.777512871923207,6.763362247480108,6.749211551543642,6.735060784539464,6.720909946241838,6.706759036832499,6.692789990233892,6.678822607235314,6.6648568878859065,6.650892832479949,6.6369304405753615
20,36.73632471305546,34.485454749127555,32.23447689697225,29.98339115654883,27.732197527862017,26.41800602182223,25.10378890123071,23.78954616619922,22.475277816629923,21.160983852574756,20.212434493898563,19.263873349376208,18.315300418991807,17.366715702748117,16.418119200637115,15.638600228173624,14.859071458287412,14.079532890991272,13.29998452622969,12.520426364041109,11.914686036918424,11.308937429463926,10.70318054169405,10.097415373609344,9.491641925188079,9.202315764757444,8.9129834761484,8.623645059341635,8.33430051432219,8.044949841153226,7.908376115864729,7.7717986351283015,7.635217398940284,7.498632407327757,7.362043660250619,7.314338290457189,7.266629828835836,7.218918275399787,7.171203630149677,7.123485893075485,7.075888742267962,7.028289000368138,6.9806866673842745,6.933081743353312,6.8854742281986585,6.851576075726403,6.817675708636077,6.783773126958873,6.749868330659079,6.715961319748633,6.682093875283842,6.648224498062749,6.614353188082377,6.580479945373624,6.546604769910423,6.494532526950668,6.442458561306074,6.390382872928081,6.338305461870837,6.286226328109292,6.234112063126472,6.181995717155364,6.1298772901285155,6.077756782100446,6.025634193041896,5.958639136779502,5.8916428891127,5.824645450018306,5.757646819509762,5.6906469976070975,5.623646831069417,5.556645473151307,5.489642923822796,5.422639183091666,5.355634250921895
21,30.33323781572669,29.098531823328383,27.86382583093008,26.629119838531768,25.39441384613346,24.496666271175933,23.598918696218423,22.701171121260902,21.80342354630338,20.90567597134586,20.366054323546983,19.826432675748105,19.28681102794923,18.74718938015036,18.207567732351478,17.486662457464192,16.765757182576905,16.044851907689615,15.323946632802329,14.60304135791504,13.980028945178296,13.357016532441552,12.734004119704808,12.11099170696806,11.48797929423132,10.99825014606534,10.50852099789936,10.018791849733379,9.5290627015674,9.03933355340142,8.567837083687705,8.096340613973988,7.624844144260272,7.153347674546556,6.68185120483284,6.310830639188784,5.939810073544728,5.568789507900672,5.197768942256616,4.826748376612561,4.414503370868724,4.002258365124888,3.590013359381052,3.177768353637216,2.765523347893381,2.266908826380004,1.7682943048666275,1.269679783353252,0.7710652618398756,0.2724507403265006,-0.1848375482906929,-0.6421258369078846,-1.0994141255250751,-1.5567024141422685,-2.01399070275946,-2.2965917374302722,-2.579192772101083,-2.861793806771897,-3.1443948414427085,-3.4269958761135206,-3.73228557092892,-4.037575265744321,-4.342864960559721,-4.64815465537512,-4.953444350190521,-5.2312705085319235,-5.509096666873327,-5.786922825214733,-6.064748983556135,-6.34257514189754,-6.652623723094008,-6.962672304290473,-7.272720885486946,-7.582769466683411,-7.8928180478798815
22,47.836246661078086,46.270486898652564,44.704655901826065,43.13875367058494,41.57278020494662,39.19005023652042,36.807270474486884,34.424440918865784,32.04156156963733,29.65863242680032,27.27756003508804,24.896459353135178,22.51533038094422,20.134173118526324,17.752987565877703,16.12191194052912,14.49082651775284,12.85973129755264,11.2286262799075,9.59751146483466,7.96651115391008,6.33550256266104,4.704485691085059,3.07346053919702,1.4424271069820405,1.0813831049366804,0.7203329747108406,0.35927671628728025,-0.0017856703291600055,-0.3628541851149198,-0.7236563543477409,-1.0844622790314014,-1.4452719591622993,-1.80608539473666,-2.1669025857618593,-2.38826357670962,-2.609627659492781,-2.8309948340853004,-3.052365100500821,-3.273738458729481,-3.49506887485688,-3.7164018820670206,-3.9377374803599,-4.1590756697195195,-4.38041645018166,-4.5047908593614405,-4.6291674831558405,-4.753546321548681,-4.877927374559741,-5.00231064217426,-5.1266688031991,-5.2510288969736605,-5.3753909235103405,-5.499754882784342,-5.624120774806819,-5.631599350822219,-5.63907964952046,-5.646561670941102,-5.654045415044583,-5.661530881861838,-5.66905459600282,-5.676580391143561,-5.684108267323442,-5.691638224515481,-5.699170262730658,-5.8430153576884605,-5.986861644043339,-6.130709121827483,-6.274557791033501,-6.418407651627982,-6.562258702548382,-6.706110944874661,-6.849964378589402,-6.9938190037272605,-7.1376748202870015
23,38.825530649871986,36.46902010383688,34.112504375942926,31.755983466187903,29.399457374604808,28.084426113087105,26.769387685052,25.45434209053732,24.139289329532232,22.82422940203297,21.909768453868264,20.99529881956992,20.0808204990937,19.166333492458417,18.251837799659853,17.39718684619576,16.542527153467905,15.687858721468732,14.833181550214418,13.978495639707164,13.289800302847109,12.601097033802889,11.912385832584711,11.223666699193192,10.534939633633696,10.082621214923996,9.63029640010556,9.17796518919676,8.725627582217038,8.273283579107561,7.972728327115608,7.672168631368716,7.371604491857641,7.07103590862505,6.770462881603477,6.775282105060844,6.780098803641674,6.784912977399962,6.789724626260691,6.794533750298879,6.799407816253508,6.804279995272857,6.809150287353145,6.814018692477134,6.818885210674462,6.817607912264492,6.816328130426544,6.815045865144434,6.813761116434344,6.812473884292495,6.811147988716168,6.8098192827352175,6.8084877663874686,6.807153439645919,6.80581630251215,6.793084573236189,6.780350393287128,6.767613762646585,6.754874681335145,6.74213314934682,6.7294904588407,6.7168463330538195,6.704200771946777,6.691553775544374,6.678905343821813,6.662127030855737,6.645348646713421,6.628570191407265,6.611791664958288,6.595013067345472,6.578416332417316,6.561821261215258,6.545227853714503,6.528636109948466,6.51204602989613
24,42.03295865549009,40.30084208093203,38.56866520978752,36.8364280420685,35.104130577846945,33.36843286978746,31.632722459515886,29.896999346824334,28.16126353184799,26.425515014469347,24.89225750059704,23.35899296037711,21.82572139394244,20.292442801003546,18.75915718169597,17.362782519770438,15.966402278014609,14.5700164566473,13.173625055667856,11.777228075171825,10.95752714003148,10.13782172144949,9.318111819406896,8.498397434066982,7.678678565165291,7.449734680351112,7.220787414715,6.99183676838624,6.7628827411198,6.5339253332616805,6.6035716377546025,6.673215676070226,6.742857447827008,6.812496953260421,6.882134192313424,6.9153839025593,6.948631804768965,6.9818778990232095,7.015122185058235,7.048364662990811,7.089310094668496,7.13025405996916,7.171196559240356,7.212137591942602,7.253077158399227,7.319810115741889,7.386541854035694,7.453272373304055,7.520001673538339,7.586729754622561,7.623252182066225,7.659773582929347,7.6962939571429905,7.732813304714344,7.769331625641687,7.799459259165494,7.829586007519578,7.859711870245694,7.889836847422119,7.919960939724425,7.93975498121492,7.959547892891146,7.9793396748179815,7.999130326558326,8.018919848559129,8.029284798730185,8.039649223718786,8.050013123810599,8.060376498354362,8.070739347932474,8.073800489164737,8.076861105076729,8.07992119618529,8.082980761633063,8.086039802127786
25,37.23274276983066,35.27308359356843,33.31330816903474,31.35341649593677,29.393408574344182,27.520780317019078,25.64812534577948,23.775443660680672,21.90273526165855,20.03000014874625,18.596648859283118,17.16328578395339,15.729910922757373,14.296524275715187,12.863125842784772,11.32440927874196,9.785682917307316,8.246946758412884,6.7082008020771084,5.169445048310035,4.141607032755185,3.1137607368731044,2.085906160641654,1.0580433041103445,0.03017216722022386,-0.2666813121018781,-0.5635409196414419,-0.8604066553416034,-1.1572785192942572,-1.45415651135913,-1.5311206981559378,-1.608088640401717,-1.6850603381082359,-1.7620357912185556,-1.8390149998135648,-1.806223310984806,-1.773434713939178,-1.7406492087587793,-1.7078667953977806,-1.6750874738122512,-1.6430793453146018,-1.6110738079157523,-1.579070861552572,-1.5470705062833998,-1.5150727421402919,-1.4927959107962978,-1.470521294081723,-1.4482488919934184,-1.4259787045153134,-1.4037107316304889,-1.4067911958940365,-1.4098735929309028,-1.41295792268011,-1.416044185209845,-1.419132380481482,-1.414002330807377,-1.4088740038016418,-1.403747399553686,-1.398622517952361,-1.3934993590656461,-1.3590151043738452,-1.3245329306390956,-1.2900528379870233,-1.2555748262999744,-1.2210988956513646,-1.2244862057965145,-1.227874707296865,-1.231264400266146,-1.2346552846168068,-1.2380473603972577,-1.2663916287280033,-1.2947370884883318,-1.3230837396394468,-1.3514315821739538,-1.37978061615477
26,38.83791619332108,36.53396445688731,34.23000751569517,31.92604536975705,29.622078019037158,28.767408486361806,27.912731073561787,27.05804578064071,26.203352607599992,25.348651554457998,24.493889787954895,23.639118985636543,22.784339147451146,21.929550273446885,21.07475236358297,20.262913209306845,19.451064953148162,18.63920759514393,17.82734113525838,17.01546557351867,16.2037969427504,15.392120034235772,14.580434847967407,13.768741383941517,12.95703964215327,12.220460937519704,11.483875712372816,10.74728396671373,10.010685700569725,9.27408091390614,8.537733361670814,7.801381296856569,7.065024719419001,6.328663629423536,5.592298026804749,5.138663033961769,4.685025461133628,4.231385308300547,3.777742575478706,3.324097262659305,2.8705090005477443,2.4169188048519032,1.9633266755877807,1.5097326127183612,1.05613661627328,0.7815866658047967,0.5070342378668937,0.2324793324557912,-0.04207805044451198,-0.31663791081801507,-0.591234266226438,-0.8658334234995207,-1.1404353826608247,-1.4150401436831865,-1.6896477065899904,-1.8448574694003506,-2.00006969148651,-2.15528437282745,-2.310501513436809,-2.4657211133133496,-2.62084373173959,-2.7759678064937097,-2.93109333759047,-3.086220325002711,-3.24134876874283,-3.43087131152785,-3.6203939325285517,-3.809916631764712,-3.9994394091955305,-4.188962264849411,-4.37830423491745,-4.567644557524431,-4.756983232690129,-4.946320260393531,-5.135655640648271
27,41.97518770949859,40.19968989670118,38.424084712988474,36.648372158327895,34.87255223274866,33.14249785000815,31.4124187956866,29.68231506983456,27.95218667243828,26.222033603484178,24.858414623422494,23.494783857497087,22.13114130568266,20.76748696802736,19.40382084450696,18.413747677784944,17.423664713627424,16.433571952050052,15.443469393016185,14.453357036576705,13.66389078925869,12.874416261616219,12.084933453646808,11.295442365357529,10.505942996748416,10.241170120706682,9.976391116494696,9.711605984054481,9.446814723460005,9.1820173346881,9.190452739743604,9.198884389378998,9.207312283541613,9.21573642227385,9.2241568055661,9.20803903861958,9.191918179862977,9.175794229274528,9.159667186887164,9.143537052660971,9.12744986053183,9.111360077352055,9.095267703055836,9.079172737730183,9.063075181262562,9.016358749107779,8.969640102332429,8.922919240948515,8.876196164952903,8.82947087438081,8.782770690371416,8.736068573605646,8.689364524088152,8.64265854183464,8.595950626819647,8.628987584901283,8.662022820264372,8.695056332914469,8.728088122886087,8.761118190132223,8.79411001007728,8.827099749012469,8.860087406899725,8.893072983783611,8.92605647963757,8.806717727170135,8.68737778328574,8.568036647975896,8.44869432124113,8.329350803134506,8.210006094688401,8.090660194832607,7.971313103610232,7.851964820940856,7.732615346853672
28,41.76490292602031,40.267863094857525,38.770707015239374,37.27343468711854,35.7760461105032,34.06215701922315,32.348241214015445,30.634298694927082,28.92032946196026,27.20633351508418,25.460204873022487,23.71406444509709,21.967912231282664,20.22174823162736,18.47557244610696,17.316295862004946,16.157009480467426,14.997713301510052,13.838407325096185,12.679091551276702,12.12912642917869,11.57915302675622,11.029171344006809,10.479181380937527,9.929183137548415,9.649063652526682,9.368938039334697,9.08880629791448,8.808668428340004,8.5285244305881,8.411234296583604,8.293940407158997,8.176642762261613,8.059341361933846,7.942036206166101,7.83537441360958,7.728709529242978,7.622041553044525,7.515370485047165,7.408696325210973,7.3020651074718295,7.195431298682059,7.088794898775836,6.982155907840184,6.875514325762563,6.829177182477781,6.782837824572428,6.736496252058515,6.690152464932903,6.643806463230811,6.597485568091418,6.551162740195645,6.504837979548152,6.458511286164639,6.412182660019647,6.369717238331285,6.327250093924372,6.284781226804469,6.242310637006088,6.199838324482224,6.157327764657279,6.114815123822468,6.072300401939725,6.029783599053611,5.9872647151375675,5.910407144510134,5.8335483824657395,5.756688428995895,5.6798272841011315,5.602964947834505,5.526101421228401,5.4492367032126054,5.372370793830231,5.295503693000858,5.218635400753673
29,41.310220752342616,39.60054815637427,37.890804326002936,36.18098926119849,34.47110296196696,32.85419287942536,31.237233003289198,29.6202233335637,28.00316387021405,26.38605461328022,25.15798422541856,23.92988554727533,22.70175857891578,21.473603320379148,20.2454197715183,19.263289810895,18.28115005282891,17.29900049732019,16.31684114448074,15.33467199411108,14.294989014951959,13.255297755508291,12.215598215697769,11.175890395582899,10.13617429518608,9.348026846031493,8.55987326874063,7.771713563168639,6.983547729495669,6.19537576760068,5.52836844722162,4.86135737147791,4.19434254018617,3.5273239535107592,2.86030161139742,2.3442021459685587,1.8280995886958904,1.3119939396803704,0.7958851987830504,0.27977336610499015,-0.23735290089065178,-0.7544817589542293,-1.2716132081397489,-1.7887472483505114,-2.305883879671489,-2.58911288072048,-2.872344096367488,-3.1555775266272303,-3.4388131714945005,-3.72205103097823,-4.0063491158735705,-4.290649133466119,-4.574951083815201,-4.859254966948388,-5.143560782784871,-5.34671533954999,-5.549871618989538,-5.753029621101802,-5.956189345952301,-6.159350793423781,-6.363308654696632,-6.5672685969111395,-6.771230620182599,-6.97519472450651,-7.179160909795461,-7.336692093213602,-7.494224467974322,-7.651758034166811,-7.809292791836769,-7.966828740833491,-8.12368368060255,-8.280539811855,-8.43739713442451,-8.594255648415139,-8.75111535383125
30,38.16434623761966,34.44769554304576,30.73093696021808,27.014070489146658,23.297096129806697,20.85363159139772,18.41014143849994,15.966625671108341,13.523084289199538,11.079517292809319,9.5771182119913,8.074707345305997,6.5722846927608005,5.0698502543557,3.5674040300906995,2.7044868653428,1.8415599031671996,0.9786231435676794,0.11567658652321984,-0.7472797679489408,-1.2189169328785008,-1.6905623781325199,-2.16221610371348,-2.633878109606499,-3.1055483958264607,-3.2237066231666596,-3.34187097868734,-3.46004146240574,-3.578218074317019,-3.696400814397619,-3.6663463350273258,-3.636295611107872,-3.6062486426356566,-3.5762054296069046,-3.5461659720289904,-3.473328395651009,-3.400493911108426,-3.3276625183752055,-3.2548342174649822,-3.1820090083679,-3.0761447368881565,-2.970283056491153,-2.864423967176888,-2.758567468929364,-2.652713561784361,-2.531263524821161,-2.409815702472582,-2.28837009472244,-2.166926701590522,-2.045485523062061,-1.9136963776262443,-1.781909164940149,-1.6501238850161724,-1.5183405378295165,-1.3865591233913401,-1.20962517852174,-1.0326929563349796,-0.855762456870621,-0.6788336800891009,-0.5019066260213614,-0.32817310216946305,-0.15444165931732326,0.019287702495675584,0.1930149832965149,0.3667401830742135,0.5249778508141211,0.6832143271569497,0.8414496120705165,0.9996837055622048,1.1579166076654326,1.3054816007245809,1.4530454023778492,1.6006080126426583,1.748169431484346,1.8957296589041548
31,36.710020085374175,32.84486644898596,28.97967638856138,25.11444990408804,21.24918699558949,19.19146714897792,17.13372809905696,15.07596984581546,13.018192389237418,10.960395729351239,9.93915103783468,8.91789089773396,7.89661530905162,6.87532427180366,5.854017785959319,5.419531228599659,4.985025091682739,4.5504993752382,4.115954079237639,3.681389203688438,3.5723811808924846,3.4633529210390326,3.3543044241354583,3.2452356901880237,3.136146719169449,3.1087244983402877,3.0812888879742055,3.0538398880575643,3.026377498607602,2.998901719599699,2.984978013067674,2.971045714166587,2.9571048228644417,2.943155339209235,2.92919726315297,2.9124068345395813,2.8956116870465745,2.8788118206665656,2.862007235403338,2.8451979312604903,2.830607586968166,2.816013512421224,2.8014157076011204,2.786814172497996,2.7722089071341136,2.7522102607543504,2.7322056949418085,2.7121952097151465,2.692178805087884,2.6721564810414815,2.6516727657593098,2.631182387850897,2.610685347319845,2.5901816441761927,2.5696712783939004,2.590885766380144,2.6120950845132866,2.633299232789549,2.654498211200312,2.6756920197615743,2.695895062071941,2.7160953070636693,2.736292754704576,2.756487405012084,2.7766792579687705,2.787589168599348,2.798498473653127,2.8094071731425037,2.8203152670811225,2.8312227554627203,2.8408551644921793,2.8504897816112997,2.86012660680266,2.86976564008492,2.87940688145182
32,37.947847034681324,35.034839565136316,32.12182705708205,29.208809510418114,26.295786925340025,24.93646219389771,23.577130155515228,22.217790810562164,20.858444158709304,19.49909020032936,18.44762614605292,17.39615369812096,16.34467285644109,15.293183620940768,14.241685991875563,13.529804453313332,12.817914274240712,12.106015454498472,11.394107994174592,10.682191893237771,10.135266778616536,9.588333730471367,9.04139274858241,8.494443833337913,7.947486984523465,7.728139951817775,7.508786533739574,7.289426730426313,7.070060541553632,6.850687967213391,6.86204138479778,6.873390360036228,6.884734892921269,6.896074983374918,6.907410631285288,6.913994395049112,6.920575634633599,6.927154350291374,6.933730542048359,6.940304209749206,6.946942741108293,6.953579385565898,6.960214143228844,6.966847013796291,6.973477997398077,6.975274376301667,6.977068271781776,6.978859683775826,6.980648612420294,6.982435057571307,6.984182839372736,6.985927810742746,6.987669971534856,6.989409322173065,6.991145862331384,6.982843774712282,6.9745392364906085,6.966232247509754,6.957922807771101,6.949610917812866,6.941397869034133,6.933183384906938,6.924967465431555,6.916750110628741,6.908531320690067,6.892713405220642,6.876895418257846,6.86107736022734,6.845259230903386,6.829441030467719,6.813804692842784,6.798170018817878,6.782537008442143,6.766905662009856,6.751275979078941
33,40.7169780767589,39.45781049903887,38.198637740516,36.93945980161616,35.68027668209942,34.404014336154866,33.12774422629389,31.85146635256964,30.57518071497214,29.29888731346992,28.39472724493045,27.49055854662091,26.586381218527183,25.68219526066937,24.778000673045373,24.03999212921342,23.301974447364984,22.56394762750507,21.825911669636884,21.08786657376281,20.307243169668705,19.526611538819978,18.7459716811874,17.965323596806098,17.184667285658353,16.52803967192304,15.87140557011403,15.21476498020446,14.558117902204039,13.90146433612177,13.404313150009635,12.907157405741858,12.409997103293446,11.912832242658377,11.415662823872006,11.055732398044547,10.69579939613501,10.33586381817109,9.975925664129148,9.615984934044391,9.25610125859523,8.896215653468929,8.53632811873883,8.17643865434703,7.8165472602537305,7.58076246930984,7.344975211288769,7.10918548625657,6.873393294127282,6.6375986350141405,6.40176749121785,6.16593355603903,5.9300968293438405,5.694257311254832,5.45841500167395,5.23654867937178,5.0146798987533705,4.7928086598727,4.57093496268296,4.34905880722617,4.12728107050889,3.9055018927412,3.68372127395957,3.46193921413893,3.2401557132658394,2.96816859367156,2.6961813856884898,2.4241940893552494,2.1522067046342506,1.8802192315676496,1.6084132195538599,1.3366088504237212,1.064806124124449,0.7930050407134503,0.5212056001430306
34,39.14565338640903,36.892643089938176,34.63962758870893,32.386606882733716,30.133580971976738,29.286639775071315,28.439690698041236,27.592733740890093,26.745768903619307,25.898796186247246,25.05176275551409,24.204720288965664,23.357668786550207,22.510608248315883,21.66353867422189,20.82368434369818,19.983820911291897,19.14394837704008,18.304066740906936,17.464176002919633,16.624492195903773,15.784800111141553,14.945099748625593,14.10539110835211,13.265674190316274,12.53859081492234,11.811500919015092,11.084404502595643,10.357301565691275,9.630192108267323,8.903339885271635,8.176483149697027,7.449621901499097,6.722756140743269,5.9958858673641195,5.545001553440844,5.094114659532408,4.643225185619032,4.192333131716896,3.7414384978172004,3.290600914625345,2.839761397849208,2.388919947504792,1.938076563555076,1.4872312460297004,1.180595972615412,0.8739582217317039,0.5673179933747957,0.2606752875286877,-0.0459698957906203,-0.3526515741448476,-0.6593360543637359,-0.9660233364708444,-1.2727134204390123,-1.5794063062916195,-1.7359322799716723,-1.8924607129275253,-2.0489916051381587,-2.2055249566172117,-2.362060767363445,-2.5184995966593773,-2.6749398822831902,-2.831381624249644,-2.9878248225315778,-3.1442694771413904,-3.3447570914289892,-3.545244783932271,-3.74573255467101,-3.9462204036044097,-4.14670833076087,-4.34701537233149,-4.547320766441051,-4.74762451310933,-4.947926612315309,-5.14822706407263
35,30.98635011959565,29.7286469767463,28.47094383389696,27.213240691047613,25.955537548198258,25.07393867141538,24.192339794632506,23.310740917849625,22.42914204106673,21.54754316428386,21.02035249731391,20.493161830343965,19.96597116337401,19.43878049640407,18.91158982943412,18.246619530403287,17.581649231372456,16.916678932341622,16.25170863331079,15.58673833427996,14.942786359227192,14.298834384174425,13.654882409121656,13.01093043406889,12.36697845901612,11.850041997535659,11.333105536055198,10.816169074574738,10.29923261309428,9.78229615161382,9.291368512071303,8.800440872528789,8.309513232986271,7.818585593443756,7.32765795390124,6.947914336873384,6.568170719845527,6.188427102817672,5.808683485789816,5.42893986876196,5.013520264236284,4.5981006597106076,4.182681055184931,3.7672614506592557,3.35184184613358,2.86235877438344,2.372875702633299,1.8833926308831601,1.39390955913302,0.9044264873828805,0.5015162293854125,0.09860597138794314,-0.304304286609524,-0.7072145446069918,-1.1101248026044594,-1.456077394765472,-1.802029986926484,-2.147982579087495,-2.4939351712485083,-2.83988776340952,-3.157966160457191,-3.476044557504865,-3.794122954552537,-4.112201351600208,-4.430279748647879,-4.709592759948772,-4.988905771249664,-5.268218782550556,-5.547531793851449,-5.826844805152341,-6.1343163592802465,-6.441787913408154,-6.749259467536064,-7.056731021663971,-7.364202575791878
36,48.64160169400918,46.14483715300836,43.648001377606576,41.15109436779016,38.65411612357655,36.671682407302676,34.68919889742145,32.70666559395268,30.724082496876548,28.74144960619185,27.36899509034777,25.9965122842631,24.624001187940344,23.25146180139064,21.878894124610223,20.715457343369593,19.55201076470126,18.388554388609013,17.22508821507183,16.06161224410694,14.990564506153031,13.919508487874664,12.848444189269356,11.777371610351988,10.706290751107678,9.750200006692165,8.79410313409617,7.838000133302458,6.8818910043158645,5.92577574715995,5.106808986760017,4.2878384709092465,3.468864199611233,2.6498861728697616,1.8309043906774496,1.2911434381673916,0.7513793938219336,0.21161225766711494,-0.3281579703107033,-0.8679312901016606,-1.4076616677913598,-1.947394636563796,-2.4871301964189763,-3.026868347340891,-3.5666090893653304,-3.802172357792562,-4.037737840834415,-4.273305538474705,-4.508875450733217,-4.744447577595188,-4.979994597867482,-5.215543550889495,-5.451094436673625,-5.686647255195078,-5.922202006465009,-6.183800335902885,-6.445400388023599,-6.707002162866712,-6.968605660392666,-7.2302108806324,-7.491854348195856,-7.7534998967590685,-8.015147526361421,-8.27679723697594,-8.538449028613591,-8.7363034826866,-8.934159128156685,-9.132015965056027,-9.329873993377257,-9.527733213086943,-9.72559362312255,-9.92345522456404,-10.121318017393987,-10.31918200164705,-10.517047177321999
37,39.955555174159436,38.509289793202555,37.062902292626106,35.61639267213585,34.169760931790485,32.67760165819848,31.185408549871003,29.69318160679693,28.200920828969945,26.708626216357846,25.091404029519115,23.47417005678859,21.85692429821697,20.23966675377399,18.622397423467973,17.23939543776996,15.856383654680116,14.473362074130483,13.090330696139509,11.707289520717238,11.080984281812784,10.454670762581102,9.828348963025256,9.202018883144344,8.575680522929822,8.22231605147418,7.868946638198477,7.5155722831190355,7.1621929861685025,6.808808747453989,6.510828263075741,6.212842836853483,5.914852468847044,5.616857159011004,5.318856907358036,5.054567718955474,4.790275689132603,4.525980817829321,4.26168310508226,3.997382550885528,3.733136376862497,3.4688873613810487,3.2046355044753283,2.9403808061041583,2.6761232662757077,2.5046079391562217,2.333090538374297,2.161571063878061,1.9900495157046059,1.8185258938784121,1.6469991998689235,1.4754704321531373,1.3039395908018907,1.1324066757493536,0.960871687013318,0.8411138336606223,0.7213540784743391,0.6015924214087935,0.4818288624839399,0.3620634017101949,0.2423144689013749,0.12256363426076525,0.0028108977327360022,-0.11694374064243349,-0.2367002808809636,-0.33249146905791527,-0.4282838486226451,-0.524077419616346,-0.6198721820080069,-0.7156681358141179,-0.8114833356504441,-0.9072997269249704,-1.0031173095810872,-1.0989360836371747,-1.1947560491143703
38,48.39559502295622,45.91202114955714,43.42842931634071,40.944819523306926,38.461191770464396,36.64210050697905,34.82300192589579,33.00389602721839,31.18478281093192,29.36566227702289,28.186562726820373,27.007456413047407,25.82834333567058,24.64922349472692,23.470096890191797,22.55836613144797,21.64662997318611,20.73488841541376,19.823141458114748,18.9113891012941,18.25927158569969,17.607149720079505,16.955023504396515,16.302892938677886,15.6507580229137,15.272723317541205,14.89468582159977,14.51664553511402,14.138602458071725,13.76055659046409,13.418388397492837,13.076217454862347,12.734043762614652,12.391867320727501,12.049688129203371,11.743381406876631,11.437073063981734,11.130763100510055,10.824451516474001,10.518138311873559,10.21182348669994,9.905507040953324,9.599188974650946,9.292869287750769,8.98654798029483,8.696621052939157,8.406693037591324,8.116763934277374,7.826833742967662,7.536902463686809,7.246970096413798,6.957036641187066,6.667102097952173,6.377166466753521,6.08722974756035,5.766216395528496,5.445202065931821,5.124186758839529,4.803170474210814,4.482153212046921,4.1611349723577655,3.8401157551321923,3.519095560391217,3.198074388126224,2.8770522383161916,2.719077206979803,2.561101670437836,2.4031256286827287,2.2451490817232815,2.087172029574255,1.929194472204708,1.7712164096295804,1.6132378418413136,1.4552587688560858,1.297279190654121
39,43.876283624835246,41.74354720170986,39.61073954418079,37.4778606523096,35.34491052598241,33.47771356805585,31.61046681653885,29.7431702715206,27.8758239328256,26.008427800483016,24.68159879593447,23.354741501181138,22.02785591609581,20.70094204084935,19.37399987533083,18.16903796916272,16.964066265587498,15.759084764567767,14.55409346606739,13.349092370164021,12.441132161964209,11.533163673443749,10.62518690461715,9.71720185545548,8.80920852596419,7.921247421926839,7.033280189732021,6.14530682928518,5.257327340699759,4.3693417239508285,3.7089011900564,3.04845690077062,2.38800885603171,1.727557055808341,1.0671015001722293,0.6613527652952003,0.2556009385508691,-0.1501539799875201,-0.5559119903489115,-0.9616730924930103,-1.3673912526106295,-1.7731120037713897,-2.178835346039189,-2.584561279317931,-2.9902898037627,-3.202152163418441,-3.4140167377277995,-3.625883526602309,-3.8377525300893307,-4.049623748226519,-4.2614698597273195,-4.473317904016841,-4.6851678810524895,-4.897019790837848,-5.108873633345601,-5.261696294118939,-5.41452067756572,-5.567346783729699,-5.720174612592718,-5.87300416415332,-6.025871963039242,-6.178741842947232,-6.331613803874053,-6.4844878458256305,-6.637363968784151,-6.809273453529681,-6.9811841297534,-7.153095997383373,-7.32500905645052,-7.4969233067953285,-7.66883874758457,-7.840755379755079,-8.012673203272852,-8.18459221827955,-8.356512424685121
40,27.87502557992349,26.449506818548787,25.02398805717408,23.59846929579937,22.17295053442466,20.95142304781135,19.729895561198035,18.508368074584723,17.28684058797141,16.0653131013581,15.276091977555689,14.486870853753276,13.697649729950864,12.908428606148448,12.11920748234604,11.5282978984345,10.93738831452296,10.34647873061142,9.75556914669988,9.16465956278834,8.692931329928184,8.221203097068027,7.749474864207872,7.277746631347715,6.806018398487559,6.4215146918423995,6.03701098519724,5.65250727855208,5.268003571906919,4.88349986526176,4.71366836750144,4.54383686974112,4.374005371980799,4.20417387422048,4.03434237646016,4.02996918349916,4.02559599053816,4.02122279757716,4.016849604616159,4.01247641165516,4.013303550949644,4.014130690244128,4.014957829538612,4.015784968833096,4.016612108127581,4.01818991221088,4.01976771629418,4.02134552037748,4.02292332446078,4.02450112854408,4.041622267318283,4.058743406092488,4.075864544866692,4.0929856836408955,4.1101068224151005,4.093321628952621,4.07653643549014,4.05975124202766,4.04296604856518,4.0261808551027,4.012267832684641,3.998354810266581,3.98444178784852,3.97052876543046,3.9566157430124,3.943401940915992,3.930188138819584,3.9169743367231757,3.903760534626768,3.89054673253036,3.8780944610279837,3.865642189525609,3.853189918023232,3.840737646520856,3.82828537501848
41,40.25920059037549,38.43765381853668,36.61603581228029,34.794346571584626,32.97258609637724,31.69284781341551,30.41305973692074,29.13322186678032,27.853334203017944,26.573396745699,25.662647912945584,24.751870790123622,23.84106537710783,22.930231673807004,22.019369680290048,21.19048901654953,20.361598555592405,19.532698297154862,18.703788241332482,17.874868387830297,16.987968135284476,16.101059602354493,15.214142789002668,14.327217695438888,13.440284321542963,12.88693560246378,12.333580755334816,11.780219779819333,11.22685267629977,10.67347944457149,10.220095447636146,9.766707695381763,9.31331618754994,8.859920924388657,8.406521905639735,7.998936763429266,7.5913485294040965,7.183757203579797,6.776162785922269,6.368565276596701,5.961010708998524,5.553453550557575,5.145893800798287,4.7383314602983875,4.330766528745439,3.8184034394383253,3.3060381356087207,2.793670617041447,2.281300884430053,1.7689289366273273,1.2565820956245544,0.7442333220401621,0.23188261552477518,-0.28047002393306014,-0.7928245955448728,-1.2459916381254725,-1.6991604024173137,-2.152330890166781,-2.605503100443263,-3.0586770328723225,-3.5118892131862993,-3.965103473923469,-4.418319816276351,-4.871538239657591,-5.324758743841596,-5.531338951103324,-5.737920350184929,-5.9445029402729945,-6.151086721624739,-6.357671694523145,-6.56425785759447,-6.770845212219476,-6.97743375866537,-7.184023496479553,-7.390614425186619
42,43.67795578887447,41.03935412463342,38.40068695175409,35.76195427016174,33.12315608003334,31.546320874068453,29.96943430715649,28.39249637926367,26.815507090404687,25.238466440556003,23.9334059042361,22.62832160052132,21.323213529438384,20.018081691000624,18.712926085220253,17.4299973635601,16.14705884451783,14.864110528002456,13.581152414067754,12.29818450272074,11.305404208862287,10.312615634708498,9.319818780216771,8.327013645417344,7.334200230320418,6.846213546622402,6.358220734788345,5.8702217947632285,5.382216726535744,4.894205530132355,4.519784326325272,4.14535936706544,3.770930652348496,3.3964981822336733,3.0220619566453,2.770913357380946,2.519761666237282,2.268606883326697,2.0174490086091823,1.7662880420558185,1.515447637891661,1.2646046426159916,1.0137590563088437,0.7629108789124659,0.5120601104257966,0.3551329371444118,0.19820354928703646,0.04127194679259077,-0.11566187031884437,-0.27259790199756756,-0.4294537847987961,-0.5863116003035497,-0.7431713485969446,-0.9000330296099288,-1.0568966434000036,-1.163141502917303,-1.269388085109421,-1.3756363900203417,-1.4818864176323019,-1.5881381679765305,-1.6942685589150492,-1.8004010308380296,-1.9065355838174487,-2.0126722177917302,-2.11881093284345,-2.181208979672891,-2.2436082179521097,-2.306008647623189,-2.36841026874015,-2.43081308121797,-2.493258739105221,-2.555705588399951,-2.618153629081538,-2.68060286118815,-2.743053284716339
43,36.45522983508088,34.071544997829044,31.687855122067944,29.304160207697187,26.920460254912282,25.65228662328752,24.384105684722577,23.115917439587058,21.84772188755174,20.579519028989335,19.611781095260795,18.644034767876736,17.676280046744775,16.70851693179235,15.740745423275044,14.984591240797227,14.228428417809024,13.472256954151199,12.716076849911737,11.959888105059331,11.360771402810508,10.761646767037751,10.162514197521205,9.56337369464912,8.964225258207085,8.555413041664181,8.14659443974877,7.737769452598298,7.328938079888405,6.920100321710952,6.906978610865488,6.893852457674085,6.880721862129272,6.8675868241530695,6.854447343633587,6.85390498692243,6.85336010603193,6.852812701214723,6.852262772496724,6.851710319722586,6.851222730606688,6.85073325458931,6.850241891777273,6.849748641869735,6.849253504996536,6.852181067736893,6.855106147053768,6.858028742884585,6.860948855365821,6.863866484353597,6.866745449991793,6.869621605198568,6.872494949827445,6.875365484302421,6.878233208297505,6.866094422300036,6.853953185699996,6.841809498340776,6.829663360223755,6.817514771887156,6.805465024730056,6.793413842224496,6.781361224370747,6.769307171189567,6.7572516828725275,6.740836968545677,6.7244221827254576,6.708007325837528,6.69159239765615,6.6751773983630605,6.658944261880699,6.642712788998369,6.626482979765211,6.6102548344755006,6.594028352687162
44,39.290187504404884,36.87778670349894,34.465278014303415,32.05266143692226,29.63993697119465,28.04451018595531,26.44905778621502,24.85357977199176,23.2580761432682,21.662546900045545,20.62693773120411,19.59131677648033,18.55568403590667,17.520039509457742,16.484383197138957,15.776927452761457,15.069461910949897,14.36198657171627,13.654501435043468,12.94700650091927,12.402117856499267,11.857220931749302,11.312315726646306,10.767402241258113,10.222480475543804,9.932048359561392,9.64161011537272,9.351165743040408,9.060715242499304,8.770258613768991,8.558160831013208,8.346059292845892,8.133953999207325,7.921844950149311,7.709732145601146,7.593110853030166,7.476486468697667,7.359858992478327,7.243228424441186,7.126594764647117,7.010195565473616,6.893793775241384,6.777389393922812,6.66098242153689,6.544572858052657,6.476901735497245,6.409228398270913,6.34155284648707,6.273875080062978,6.206195099072826,6.138771625714092,6.071346219560428,6.003918880689854,5.936489609089449,5.869058404728865,5.796384803174014,5.723709478954913,5.651032431989012,5.578353662379272,5.505673170008789,5.43248626457878,5.35929727811902,5.28610621061271,5.212913062110931,5.13971783257513,5.08085629368238,5.021993563334649,4.96312964161556,4.90426452841669,4.84539822388566,4.78647105497291,4.7275426946517705,4.66861314295227,4.609682399817951,4.550750465269458
45,45.23209702821165,44.09390814958569,42.955713815628194,41.81751402635896,40.67930878174959,39.45308300106671,38.226849481161494,37.00060822206971,35.77435922375057,34.54810248623749,33.292059408083574,32.03600753789691,30.779946875660265,29.523877421377243,28.267799175044242,26.93440979036976,25.601011218201286,24.267603458566118,22.93418651143821,21.600760376824944,20.61254580888805,19.62432314365705,18.636092381134578,17.647853521319227,16.659606564191403,15.81374688034579,14.967880314271051,14.122006865956218,13.276126535425904,12.43023932265785,11.777331516522997,11.124419074179386,10.47150199558999,9.818580280800465,9.165653929757768,8.646199179968153,8.126741822291615,7.607281856760336,7.087819283353298,6.56835410207912,6.048948243763783,5.529540449421964,5.010130719099486,4.490719052761689,3.9713054504234506,3.5997473096950388,3.228186644462907,2.856623454715894,2.485057740484943,2.113489501739109,1.7418857180774372,1.3702790959750257,0.9986696354230734,0.6270573364142026,0.2554421989793495,-0.04586656869534406,-0.34717779403953786,-0.6484914770198125,-0.9498076176424264,-1.2511262159208996,-1.5523464767205941,-1.8535681787332472,-2.154791321963882,-2.456015906400096,-2.7572419320566497,-2.9508114743501763,-3.1443810974328454,-3.33795080128487,-3.5315205859050187,-3.725090451306924,-3.918479684503872,-4.11186727518664,-4.305253223355226,-4.498637528995993,-4.6920201921225795
46,41.81966335945971,40.09816947087944,38.37655346245681,36.65481533433787,34.932955085691866,33.36118708360127,31.78938524684068,30.21754957531982,28.64568006890671,27.0737767278824,25.86745403874752,24.66111956374536,23.4547733032557,22.248415256679028,21.04204542409557,20.02552330391543,19.00899138636729,17.99244967132422,16.97589815882722,15.95933684890612,15.02973394554842,14.100122762090859,13.17050329818177,12.240875553881109,11.311239529310011,10.80391533199709,10.29658619282918,9.78925211170892,9.281913088890272,8.77456912407004,8.458978009249421,8.14338195260452,7.827780954225441,7.5121750139289,7.19656413183938,7.04111045896559,6.88565394463683,6.73019458891463,6.5747323916810405,6.419267352993021,6.26479249282762,6.11031479103087,5.9558342478773705,5.8013508633304,5.64686463727818,5.54166506049353,5.436463410154549,5.33125968592499,5.226053888133181,5.12084601675956,5.01169569918223,4.9025433079333895,4.7933888431530205,4.68423230458707,4.575073692370639,4.4231237814503706,4.271171968757029,4.119218254118019,3.967262637617881,3.8153051193987806,3.662780243711692,3.51025346619189,3.3577247867550106,3.20519420533035,3.05266172216263,2.84797445154956,2.6432859895115293,2.43859633604621,2.233905491185621,2.0292134549368095,1.822819036113659,1.616423426070921,1.4100266244646105,1.2036286316104996,0.99722944727641
47,47.23446669800918,44.55879256100837,41.88304718960658,39.207230583790164,36.53134274357656,34.301286536502666,32.07118053582145,29.84102474155267,27.610819153676548,25.38056377219185,23.84512209554777,22.309652128663107,20.774153871540342,19.238627324190638,17.70307248661022,16.51371795056959,15.324353617101265,14.134979486209017,12.945595557871828,11.75620183210694,10.814459024953033,9.872707937474665,8.930948569669356,7.989180921551987,7.04740499310768,6.305972035892166,5.564532950496172,4.823087736902457,4.081636395115864,3.3401789251599503,2.745305811560018,2.1504289425092455,1.5555483180112346,0.9606639380697616,0.3657758026774514,0.018700191967392765,-0.32837851057806766,-0.6754603049328836,-1.022545191110702,-1.3696331691016619,-1.7166782049913591,-2.0637258319637968,-2.4107760500189737,-2.7578288591408917,-3.10488425936533,-3.2048997186925603,-3.3049173926344135,-3.4049372811747056,-3.50495938433322,-3.6049837020951885,-3.7049829132674823,-3.8049840571894937,-3.9049871338736257,-4.004992143295078,-4.104999085465011,-4.126065823402885,-4.147134284023599,-4.168204467366713,-4.189276373392667,-4.2103500021324,-4.231461878195855,-4.2525758352590675,-4.273691873361421,-4.294809992475936,-4.315930192613588,-4.425742448386596,-4.535555895556684,-4.645370534156032,-4.75518636417726,-4.865003385586945,-4.974821597322554,-5.084641000464038,-5.194461594993985,-5.304283380947054,-5.414106358321999
48,42.370465347022616,40.744869484734274,39.11920238804294,37.49346405691849,35.867654491366956,34.14972761082536,32.431750936689205,30.713724468963697,28.99564820761405,27.277522152680216,25.84734119709856,24.41713195123533,22.98689441515578,21.556628588899148,20.126334472318298,18.917104521095,17.707864772428913,16.49861522632019,15.28935588288074,14.08008674191108,12.78684771319196,11.493600404188289,10.20034481481777,8.9070809451429,7.613808795186081,6.61757765809149,5.621340392860629,4.6250969993486395,3.62884747773567,2.63259182790068,1.882057544841619,1.1315195064179095,0.3809777124461713,-0.3695678369092402,-1.120117141702581,-1.542326952471439,-1.9645398550841104,-2.3867558494396306,-2.808974935676949,-3.2311971136950106,-3.65443372603065,-4.077672929434229,-4.500914723959749,-4.9241591095105095,-5.34740608617149,-5.530641355720481,-5.713878839867488,-5.897118538627228,-6.080360451994499,-6.263604579978229,-6.44790893337357,-6.6322152194661195,-6.8165234383152,-7.000833589948389,-7.185145674284869,-7.28588239529999,-7.386620838989541,-7.4873610053518,-7.588102894452301,-7.688846506173781,-7.7903865316966305,-7.89192863816114,-7.993472825682598,-8.09501909425651,-8.19656744379546,-8.226326079083597,-8.25608590571432,-8.285846923776807,-8.315609133316768,-8.345372534183491,-8.374454925822553,-8.403538508945,-8.43262328338451,-8.46170924924514,-8.49079640653125
49,40.95812119152495,39.563770422142206,38.16934841835237,36.774855180059525,35.38029070746058,33.89434830531133,32.40835610957679,30.922314120250327,29.436222337312106,27.95008076077313,26.237084087848963,24.524059124662337,22.811005871228822,21.097924327581527,19.384814493720256,17.9754783933801,16.56613249565783,15.156776800462456,13.74741130784775,12.33803601782074,11.165043030502286,9.992041762888496,8.81903221493677,7.646014386677345,6.472988278120418,5.934693091842402,5.396391777428343,4.8580843348232285,4.319770764015743,3.781451065032355,3.4761232551852728,3.1707916898854402,2.865456369128496,2.5601172929736733,2.254774461345301,2.023863746780946,1.7929499403372822,1.5620330421266972,1.3311130521091827,1.1001899702558184,0.8695874507916608,0.6389823402159919,0.4083746386088433,0.17776434591246487,-0.05284853787420455,-0.23133515778558858,-0.40982399227296495,-0.5883150413974094,-0.7668083051388458,-0.94530378344757,-1.1237191128787947,-1.3021363750135497,-1.4805555699369448,-1.658976697579929,-1.837399758000005,-2.0292633486173033,-2.221128661909423,-2.4129956979203424,-2.604864456632304,-2.7967349380765305,-2.98848406011505,-3.180235263138031,-3.371988547217448,-3.56374391229173,-3.75550135844345,-3.933462280142889,-4.111424393292112,-4.289387697833191,-4.467352193820149,-4.645317881167969,-4.823326413925221,-5.001336138089949,-5.179347053641538,-5.35735916061815,-5.535372459016341
50,39.92520235467971,38.20682020051944,36.488315926516805,34.769689532817864,33.050941018591864,31.625190795081277,30.19940673690067,28.77358884395982,27.34773711612671,25.9218515536824,24.828035695687518,23.73420805182536,22.6403686224757,21.54651740703903,20.45265440559557,19.42041630461543,18.38816840626729,17.35591071042422,16.32364321712722,15.29136592640612,14.32302221510842,13.35467022371086,12.386309951861769,11.41794139962111,10.44956456711001,9.82618095543709,9.20279240190918,8.57939890642892,7.95600046925027,7.332597090070038,6.81964359496942,6.306685158044519,5.793721779385439,5.2807534588089,4.7677801964393804,4.431559608975591,4.0953361800568295,3.7591099097446308,3.42288079792104,3.08664884464302,2.7514070698876205,2.4161624535008706,2.08091499575737,1.7456646966204001,1.4104115559781791,1.2038686835935297,0.9973237376545502,0.7907767178249897,0.5842276244331794,0.3776764574595599,0.16718284428222915,-0.043312842566609715,-0.25381060294697994,-0.4643104371129306,-0.67481234492936,-0.8478966269496306,-1.02098281074297,-1.1940708964819808,-1.3671608840821199,-1.5402527734012206,-1.71391202018831,-1.88757316880811,-2.061236219344991,-2.2349011718696508,-2.408568026137369,-2.5859144746304414,-2.7632621145484717,-2.940610945893791,-3.1179609686343808,-3.29531218276319,-3.4743657794663405,-3.6534205673890803,-3.832476546875389,-4.011533717609499,-4.190592079823588
51,42.5352553496917,40.57223451175313,38.6092081796453,36.64617635333603,34.68313903285625,33.32176714203813,31.96038779591364,30.59900099450148,29.23760673778062,27.87620502575466,26.51472023373238,25.153226540047157,23.7917239446422,22.4302124475583,21.06869204877444,20.194484241122552,19.320267428916438,18.44604161218073,17.57180679089942,16.69756296507989,15.823566526787339,14.94956198772945,14.07554934789884,13.20152860729173,12.32749976590328,11.715408241636853,11.10331023835754,10.49120575606175,9.879094794769081,9.266977354462291,8.655096830036898,8.04321178514301,7.4313222197684,6.819428133938929,6.20752952762874,5.61745755327038,5.0273830427964,4.4373059961796395,3.8472264134386402,3.2571442945622398,2.6671183790454003,2.077090563923639,1.4870608492451403,0.897029234972879,0.3069957211241002,-0.16793175578186886,-0.6428616941325002,-1.11779409390677,-1.59272895513072,-2.0676662777709285,-2.5426403517501006,-3.01761721441379,-3.492596865773161,-3.96757930580843,-4.442564534548,-4.67871165280007,-4.9148612376303396,-5.151013289025169,-5.3871678069858016,-5.62332479151601,-5.859382676203521,-6.09544200334447,-6.331502772943879,-6.567564984989348,-6.803628639488261,-6.905449835656711,-7.0072711209129395,-7.10909249524957,-7.21091395867038,-7.312735511166569,-7.414373528539057,-7.516009884056411,-7.617644577743419,-7.71927760959147,-7.82090897960416
52,41.89884651567971,40.30014890381944,38.70132917211681,37.10238732071787,35.50332334879186,33.86172520462128,32.22009322578067,30.578427412179824,28.93672776368671,27.294994280582404,25.93954205372752,24.58407804100536,23.2286022427957,21.87311465849903,20.51761528819557,19.52265391421543,18.52768274286729,17.53270177402422,16.537711007727218,15.542710444006119,14.64341470944842,13.744110694790859,12.84479839968177,11.94547782418111,11.04614896841001,10.54672387955709,10.04729384884918,9.54785887618892,9.04841896183027,8.54897410547004,8.252829328409419,7.95667960952452,7.66052494890544,7.3643653463689,7.06820080203938,6.907525500085591,6.746847356676831,6.586166371874629,6.42548254556104,6.264795877793019,6.105099388547619,5.94540005767087,5.7856978854373695,5.625992871810399,5.46628501667818,5.358400460593531,5.25051383095455,5.1426251274249895,5.0347343503331805,4.92684149965956,4.815006202782231,4.70316883223339,4.59132938815302,4.479487870287069,4.367644278770641,4.205631513770371,4.043616846997031,3.8816002782780212,3.719581807697881,3.55756143539878,3.39497370563169,3.2323840740318888,3.0697925405150097,2.9071991050103496,2.7446037677626305,2.5099463083895612,2.2752876575915306,2.04062781536621,1.8059667817456204,1.5713045567368096,1.3349399491536602,1.0985741503509212,0.86220715998461,0.6258389783705002,0.38946960527641
53,37.4156228646629,34.48004498045041,31.544432950956338,28.608786776200823,25.673106456216225,24.57864527202881,23.48416635798963,22.389669714142464,21.295155340437688,20.200623236920567,19.10659785026814,18.012558651207943,16.918505639709554,15.82443881581095,14.730358179497049,14.109496246196386,13.488616049326636,12.867717588867196,12.246800864878676,11.625865877351156,11.004776718359336,10.383668075703007,9.762539949381686,9.141392339415546,8.520225245810776,8.234375157731824,7.948511777834874,7.662635106110742,7.376745142595993,7.090841887236293,6.805384610679242,6.519918551857804,6.234443710708445,5.948960087287384,5.663467681549415,5.451848411377861,5.240224316289927,5.028595396322404,4.816961651405549,4.605323081641287,4.393796309647292,4.182265732941212,3.970731351557538,3.759193165441444,3.54765117467716,3.3853666087549388,3.2230759451873756,3.0607791839168437,2.8984763249227923,2.73616736829026,2.573711295239198,2.411248313649546,2.248778423441254,2.0863016247211523,1.9238179173906504,1.855011353944892,1.7861993494715345,1.7173819039667761,1.6485590174057183,1.5797306898398606,1.5112223780216025,1.442710951780174,1.374196411018786,1.3056787558042577,1.2371579860587603,1.1928779702299643,1.1485970003461985,1.1043150763652825,1.0600321983831258,1.0157483663070903,0.971753084910644,0.9277596409646784,0.8837680344510419,0.8397782654557869,0.7957903338905706
54,39.94039764875971,38.38203987017944,36.82355997175681,35.264957953637875,33.70623381499186,32.192869952841285,30.679472256020667,29.16604072443982,27.652575357966708,26.1390761568824,24.88800487894752,23.63692181514536,22.3858269658557,21.13472033047903,19.88360190909557,18.862794563915433,17.84197742136729,16.82115048132422,15.800313743827221,14.779467208906121,13.82116816516842,12.862860841330859,11.90454523704177,10.94622135236111,9.98788918741001,9.36144272211709,8.73499131496918,8.10853496586892,7.48207367507027,6.855607442270039,6.350747739909419,5.84588309572452,5.341013509805441,4.8361389819689,4.33125951233938,4.00250163682559,3.6737409198568303,3.34497736149463,3.01621096162104,2.6874417202930205,2.359662657487621,2.03188075305087,1.70409600725737,1.3763084200704008,1.0485179913781806,0.8417824591735296,0.6350448534145497,0.42830517376499,0.22156342055317982,0.01481959375955978,-0.19586667923777004,-0.4065550259066098,-0.6172454461069805,-0.8279379400929303,-1.0386325077293603,-1.2175564080896297,-1.3964822102229706,-1.5754099143019804,-1.7543395202421201,-1.93327102790122,-2.112769893028309,-2.2922706599881097,-2.471773328864989,-2.6512778997296507,-2.8307843723373693,-3.0065367915404395,-3.182290402168471,-3.358045204223791,-3.53380119767438,-3.7095583825131904,-3.88701794992634,-4.064478708559079,-4.241940658755391,-4.419403800199502,-4.596868133123592
55,40.47260221948424,39.27727965803016,38.081951888696096,36.88661891145494,35.69128072650299,34.50363320149766,33.31597790369958,32.128314833163934,30.940643989795493,29.75296537365912,28.74663735800633,27.74030069627144,26.73395538841,25.727601434452527,24.72123883442804,23.989169546533955,23.25709112536629,22.525003570975507,21.79290688343967,21.060801062604188,20.287840759855065,19.51487224951462,18.741895531868494,17.968910606628032,17.19591747410463,16.55848807402499,15.92105219517745,15.28360983728915,14.646161000271372,14.008705684457302,13.351534703937256,12.694359168922484,12.037179079299651,11.379994435245486,10.722805236736534,10.198019588713363,9.673231373270704,9.148440589964075,8.623647239227804,8.098851320644695,7.574112465315945,7.049371688578406,6.524628990794356,5.999884371650406,5.475137831393636,5.087509429043783,4.699878564627429,4.312245237923578,3.924609448804804,3.5369711975868308,3.1492964663016583,2.7616189485603453,2.3739386440291725,1.986255552886079,1.5985696751232261,1.3339590303090314,1.069345928114798,0.8047303687001244,0.5401123519917016,0.27549187793756663,0.010969823589493409,-0.25355367073329044,-0.5180786051228643,-0.7826049796095379,-1.047132794081113,-1.2832523538505092,-1.5193720016981094,-1.755491737528277,-1.9916115613898555,-2.227731473291185,-2.463669923859763,-2.6996067311530516,-2.9355418952384285,-3.1714754161316185,-3.4074072938578963
56,34.33112134259853,31.798429214591298,29.26570066253497,26.732935686468984,24.20013428632641,22.796872739359177,21.39359198912279,19.99029203554012,18.586972878628867,17.183634518416813,16.03370675425857,14.883763541506779,13.7338048801668,12.583830770283276,11.433841211782898,10.976021090052235,10.518181388775172,10.06032210795389,9.60244324757859,9.144544807672515,9.050286474062965,8.95600790339445,8.861709095673678,8.767390050914946,8.673050769077102,8.75767022556155,8.842276292526671,8.92686896993396,9.011448257801208,9.096014156124648,9.066724271723828,9.037425794935912,9.008118725746773,8.978803064224303,8.949478810288454,8.92508922199215,8.90069491481326,8.876295888732136,8.851892143783852,8.82748367996467,8.803201102472942,8.778914794730873,8.754624756717945,8.730330988413886,8.706033489855647,8.676366050817782,8.646692692346521,8.617013414483763,8.587328217194186,8.557637100499388,8.52786465351759,8.498085543922622,8.46829977169117,8.438507336847891,8.408708239365973,8.34854326660163,8.288373123975536,8.228197811461094,8.168017329099412,8.107831677133039,8.047900311290084,7.987966148482685,7.9280291884741425,7.868089430906503,7.808146875829861,7.785708900359652,7.763270318876354,7.740831132174195,7.7183913384598375,7.695950941230898,7.673823143149596,7.651697553937424,7.629574172496931,7.6074529976564,7.585334032147817
57,37.62310612235973,35.66620387985273,33.709296455486864,31.75238384925995,29.795466061204948,28.56702173771247,27.338570247702584,26.110111591213123,24.881645768233266,23.65317277875922,22.66916126537183,21.6851410658508,20.70111218015189,19.71707460829391,18.733028350272665,17.891419892712857,17.049802695889287,16.2081767597944,15.366542084444374,14.524898669841406,13.803152258818132,13.0813979156107,12.359635640229305,11.637865432674573,10.91608729295186,10.416151831679999,9.916209974299399,9.416261720828444,8.916307071286568,8.41634602561493,8.05670242301532,7.69705437666077,7.337401886542042,6.977744952701792,6.6180835750725615,6.636696081339781,6.655306062730459,6.673913519298597,6.6925184509691755,6.711120857817214,6.729788206581692,6.74845366841089,6.767117243301028,6.785778931234866,6.804438732242044,6.815680532396604,6.826919849123181,6.838156682405599,6.849391032260039,6.860622898682716,6.871816101670913,6.883006494254492,6.894194076471272,6.905378848294249,6.916560809725007,6.906442883699373,6.896322507000639,6.886199679610425,6.876074401549311,6.865946672811318,6.855917785555523,6.845887463018968,6.8358557051622535,6.82582251201018,6.815787883537946,6.791472260992442,6.767156567270694,6.74284080238511,6.718524966356704,6.694209059164461,6.6700750146568755,6.645942633875389,6.621811916795205,6.597682863449739,6.573555473817974
58,36.93138859135341,34.38352086865981,31.83564810745696,29.28777030764443,26.739887469417766,25.450478151633728,24.16106152690952,22.871637595614732,21.582206357420144,20.29276781269848,19.324872956563237,18.35696970677249,17.389058063233836,16.42113802587472,15.453209594950723,14.701573592726115,13.949928949991119,13.198275666586504,12.446613742600247,11.694943178001052,11.086908126922161,10.478865142319338,9.870814223972722,9.26275537227057,8.654688586998466,8.282717825659919,7.910740678948862,7.538757147002745,7.166767229497208,6.794770926524111,6.805756562026447,6.816737755182846,6.827714505985832,6.8386868143574295,6.849654680185747,6.851408569788317,6.853159935211547,6.854908776708067,6.856655094303797,6.858398887843386,6.860207545041216,6.862014315337566,6.8638191988392565,6.865622195245447,6.8674233046859765,6.872257054038152,6.877088319966849,6.881917102409484,6.88674340150254,6.891567217102137,6.896352369352153,6.901134711170748,6.905914242411445,6.91069096349824,6.915464874105146,6.904250257328455,6.893033189949192,6.881813671810752,6.870591702914507,6.859367283798686,6.848241705862365,6.8371146925775825,6.825986243944612,6.8148563599842085,6.803725040887946,6.790010733341775,6.776296354302234,6.762581904194982,6.7488673827942804,6.735152790281869,6.721620060580189,6.708088994478536,6.694559592026055,6.681031853517022,6.667505778509362
59,36.83061869284888,34.72805800687986,32.625491816700986,30.522920122310012,28.420342923732562,27.097060074242467,25.773769735241892,24.45047190677604,23.12716658884146,21.803853781419626,20.823935383735364,19.844008031226423,18.86407172384117,17.88412646160583,16.90417224451617,16.116878471770733,15.32957577961573,14.542264168050988,13.754943637085304,12.967614186728266,12.281703495363768,11.595784732222409,10.909857897329152,10.223922990677236,9.537980012279396,9.09464101680979,8.651295539852223,8.207943581425075,7.764585141533029,7.321220220124623,7.150539000883468,6.979853310780633,6.809163149806878,6.638468518012243,6.4677694153292675,6.476936471456411,6.486101029821135,6.4952630904774376,6.504422653350302,6.513579718514745,6.522801752709747,6.532021927090971,6.5412402416398745,6.550456696346597,6.559671291240781,6.557906521745377,6.556139288644673,6.554369591915111,6.552597431572869,6.550822807614164,6.549009540036281,6.547193481869078,6.5453746331503755,6.543552993853172,6.541728563979049,6.528496849912828,6.515262684110787,6.5020260665619265,6.488786997286825,6.475545476272123,6.462402795691664,6.4492586787677215,6.436113125475661,6.4229661358255195,6.40981770979988,6.398630457159637,6.387443100871155,6.376255640968974,6.365068077451974,6.3538804103065125,6.34287457338847,6.331870367731909,6.320867793312027,6.309866850169626,6.298867538268924
60,38.64714440910315,36.313521716015295,33.979893818169046,31.646260715576833,29.31262240820285,28.427955766091348,27.543281243855184,26.65859884149796,25.77390855902109,24.88921039644295,24.004451520503704,23.119683608749202,22.234906661127656,21.350120677687254,20.46532565838719,19.682518623801553,18.89970248733336,18.116877249019616,17.334042908824557,16.551199466775337,15.768562955697563,14.985918166873423,14.203265100295546,13.42060375596015,12.637934133862387,11.912487458478719,11.187034262581731,10.461574546172542,9.736108309278434,9.010635551864743,8.285420028879317,7.560199993314967,6.834975445127298,6.109746384381729,5.38451281101284,4.941198124351796,4.497880857705591,4.054561011054448,3.611238584414544,3.1679135777770804,2.724645621847456,2.281375732333552,1.8381039092513678,1.3948301525638835,0.95155446230074,0.6892739113501771,0.42699088293019427,0.1647053770370112,-0.09758260634537194,-0.35987306720095485,-0.6222000230914579,-0.884529780846621,-1.1468623404900045,-1.4091977019944477,-1.6715358653833297,-1.8295130880728858,-1.9874927700382425,-2.1454749112583786,-2.303459511746934,-2.46144657150267,-2.6193366498081065,-2.777228184441423,-2.935121175417378,-3.0930156227088133,-3.25091152632813,-3.434198040596949,-3.6174846330814487,-3.8007713038014064,-3.984058052716026,-4.1673448798537045,-4.350450821405544,-4.533555115496324,-4.716657762145822,-4.899758761333021,-5.082858113071559
61,37.109796828855465,34.98729478002756,32.86468484297225,30.74196701764884,28.619141304062012,27.299747883302224,25.9803288479907,24.660884198239224,23.341413933949912,22.02191805517476,20.89051712521857,19.759104409416206,18.627679907751805,17.496243620228114,16.364795546837115,15.507593740113624,14.650382135967412,13.793160734411273,12.93592953538969,12.078688538941107,11.544105370398423,11.00951392152393,10.47491419233405,9.940306182829344,9.405689892988075,9.325836906197445,9.2459777912284,9.166112548061633,9.086241176682192,9.006363677153228,8.989484929604728,8.972602426608303,8.955716168160285,8.938826154287757,8.92193238495062,8.900345967727189,8.878756458675838,8.857163857809788,8.835568165129674,8.813969380625485,8.79249118238796,8.771010393058138,8.749527012644275,8.72804104118331,8.706552478598658,8.672953946496404,8.639353199776078,8.605750238468874,8.572145062539079,8.538537671998633,8.504969847903842,8.471400091052748,8.437828401442378,8.404254779103624,8.370679224010422,8.317189200370668,8.263697454046074,8.21020398498808,8.156708793250836,8.103211878809292,8.049679833146474,7.996145706495364,7.942609498788515,7.889071210080446,7.835530840341898,7.810190385469503,7.784848739192699,7.759505901488305,7.734161872369761,7.708816651857097,7.683471086709417,7.658124330181305,7.632776382242795,7.6074272429016645,7.582076912121894
62,37.26310341361625,35.26592230595293,33.26873570717184,31.271543617278184,29.27434603629016,28.035543264288968,26.79673302669589,25.55791532355611,24.319090154844044,23.0802575205633,22.124320243727286,21.168373999181107,20.212418786887905,19.256454606866512,18.30048145911269,17.47024082976012,16.639991264584868,15.809732763571992,14.979465326745059,14.14918895409889,13.44648420149765,12.743771381798481,12.04105049500419,11.33832154112278,10.635584520159606,10.126523124173087,9.617455238137808,9.108380862079528,8.599299996010307,8.090212639878688,7.790534730424946,7.490852338057984,7.191165462768561,6.891474104606719,6.591778263490237,6.605090687840684,6.61840062542491,6.631708076282158,6.645013040352165,6.6583155176951925,6.67168297506498,6.685048583595046,6.698412343296374,6.71177425414434,6.725134316161208,6.732141946800004,6.739147117678482,6.7461498287804575,6.753150080122117,6.760147871707053,6.76710702351779,6.774063388598947,6.781016966980963,6.78796775863684,6.7949157635755375,6.7854084148094005,6.775898606993864,6.766386340117929,6.756871614202171,6.747354429240615,6.737936077392339,6.728516281894383,6.719095042699967,6.709672359841268,6.700248233293493,6.691803183145318,6.683358054654923,6.674912847827327,6.666467562683553,6.6580221992173385,6.649758691255042,6.641496839860248,6.633236644993391,6.624978106687898,6.616721224930122
63,37.890050393680305,36.18746563947752,34.48476463681937,32.78194738565854,31.0790138860032,29.67490564892315,28.27077069791545,26.866609033027082,25.46242065426026,24.058205561584177,22.793887914622495,21.52955848179709,20.26521726308266,19.000864258527358,17.736499468106956,16.848080979024942,15.959652692507422,15.07121460857005,14.182766727176181,13.294309048376705,12.697247082098693,12.100176835496221,11.503098308566809,10.906011501317527,10.308916413748417,10.03037095818668,9.751819374454696,9.47326166249448,9.194697822380004,8.9161278540881,8.682657982543603,8.449184355578998,8.215706973141613,7.982225835273847,7.7487409419661,7.577589489359578,7.406434944942977,7.235277308694525,7.0641165806471635,6.892952760760972,6.72183188297183,6.550708414132058,6.379582354175836,6.208453703190184,6.037322461062562,5.91147412365778,5.785623571632427,5.659770804998515,5.533915823752903,5.40805862793081,5.282226538671418,5.156392516655645,5.030556561888153,4.9047186743846405,4.7788788541196485,4.671325765731285,4.563770954624372,4.45621442080447,4.348656164306087,4.241096185082224,4.133497958557281,4.0258976510224675,3.9182952624397247,3.8106907928536122,3.703084242237569,3.630535161210135,3.55798488876574,3.4854334248958962,3.412880769601132,3.340326922934506,3.2677718859284015,3.195215657512606,3.1226582377302328,3.050099626500857,2.977539823853672
64,26.468155153168308,24.839481376536018,23.21080759990372,21.58213382327144,19.953460046639137,18.77017809438258,17.586896142126022,16.403614189869458,15.220332237612899,14.03705028535634,13.32724470184592,12.6174391183355,11.907633534825079,11.197827951314661,10.48802236780424,9.87244414574682,9.2568659236894,8.64128770163198,8.02570947957456,7.41013125751714,6.957242790619904,6.504354323722668,6.051465856825432,5.598577389928196,5.14568892303096,4.902017359273519,4.65834579551608,4.4146742317586405,4.171002668001201,3.92733110424376,3.9425688771028398,3.95780664996192,3.973044422821,3.98828219568008,4.00351996853916,4.00692055849988,4.0103211484606,4.01372173842132,4.01712232838204,4.02052291834276,4.022168685245364,4.023814452147967,4.025460219050572,4.027105985953176,4.02875175285578,4.024471721508932,4.0201916901620836,4.015911658815236,4.011631627468388,4.00735159612154,3.998819814592648,3.990288033063756,3.981756251534864,3.973224470005972,3.96469268847708,3.9459995817066047,3.927306474936128,3.908613368165652,3.889920261395176,3.8712271546247,3.8558154916540404,3.8404038286833804,3.8249921657127204,3.80958050274206,3.7941688397714,3.784561658303392,3.7749544768353838,3.7653472953673757,3.755740113899368,3.746132932431361,3.722921046886584,3.699709161341808,3.6764972757970322,3.653285390252256,3.63007350470748
65,46.69241109260982,44.59966897833547,42.50685562965814,40.41397104654769,38.321015229010165,36.34676887970936,34.372472736814004,32.3981268003293,30.42373107019525,28.449285546502217,26.97831237986136,25.50731092296413,24.036281175825376,22.565223138509552,21.0941368108695,19.734053697161798,18.37396078601131,17.013858077418192,15.65374557151954,14.29362326806548,13.22254564836596,12.15145974838189,11.080365568030969,10.0092631073757,8.93815236643848,8.01259864604629,7.087038797517829,6.16147282070824,5.235900715797669,4.31032248266508,3.7541530535000187,3.197979868945109,2.641802928867371,2.0856222333807612,1.5294377824562218,1.3017187989129608,1.0739967235006902,0.8462715563707733,0.618543297333849,0.3908119465413896,0.16194890631015088,-0.06691672498903042,-0.29578494738495,-0.5246557608313098,-0.753529165362689,-0.9427371826312793,-1.1319474144726902,-1.3211598609268287,-1.510374521988499,-1.6995913976666315,-1.8898764484491708,-2.0801634319037206,-2.270452348114801,-2.46074319713519,-2.6510359788336704,-2.843337079356389,-3.0356399025535414,-3.2279444484234006,-3.420250717031499,-3.612558708260581,-3.80583701997783,-3.999117412636739,-4.192399886352599,-4.38568444114611,-4.578971076879459,-4.7483535398032,-4.917737194094722,-5.08712203979281,-5.256508076993569,-5.425895305495891,-5.59440666103295,-5.762919208028198,-5.93143294636571,-6.09994787609914,-6.26846399728325
66,39.51863837185859,37.60564363702118,35.69254153126847,33.7793320545679,31.866015206948656,30.57474274818815,29.28344561784659,27.99212381597456,26.700777342558283,25.40940619758418,24.467991719362495,23.52656545527709,22.58512740530266,21.643677569487362,20.702215947806955,19.857773492044945,19.01332123884743,18.168859188230055,17.324387340156182,16.479905694676702,15.630956515778688,14.78199905655622,13.93303331700681,13.084059297137529,12.23507699694842,11.81112817012668,11.387173215134696,10.963212131914482,10.539244920540007,10.115271580988098,9.898637387863602,9.681999439318995,9.465357735301614,9.248712275853848,9.0320630609661,9.00348796234958,8.974909771922977,8.946328489664525,8.917744115607164,8.889156649710973,8.86061212591183,8.832065011062058,8.803515305095836,8.774963008100183,8.746408119962561,8.713910307087781,8.681410279592429,8.648908037488514,8.616403580772904,8.58389690948081,8.551415344751419,8.518931847265645,8.486446417028152,8.45395905405464,8.421469758319649,8.374270173691286,8.327068866344373,8.279865836284468,8.232661083546088,8.185454608082225,8.13820988531728,8.09096308154247,8.043714196719725,7.996463230893612,7.949210184037569,7.924444289350134,7.899677203245739,7.874908925715895,7.850139456761132,7.825368796434506,7.800596945768401,7.775823903692606,7.751049670250232,7.726274245360858,7.701497629053672
67,41.228339463858696,37.77978927519959,34.331173577908295,30.88249237199238,27.433745657449307,24.46160605089979,21.48941508338115,18.517172754886012,15.54487906542913,12.57253401497473,11.498500057634908,10.424442332922084,9.350360840849905,8.276255581409742,7.202126554610221,6.85048023336959,6.498824114701264,6.147158198609016,5.795482485071827,5.443796974106939,5.182313384153033,4.920821513874664,4.659321363269356,4.397812932351988,4.136296221107681,4.002589734692167,3.868877120096171,3.7351583773024575,3.601433506315864,3.467702507159951,3.375999762760018,3.2842932629092463,3.192583007611234,3.100868996869763,3.00915123067745,2.959995734167392,2.9108371458219344,2.8616754656671164,2.8125106936892976,2.7633428298983405,2.7142179082086413,2.665090395436203,2.6159602915810263,2.5668275966591088,2.517692310634669,2.4637837682074393,2.4098730111655864,2.355960039525294,2.302044853266781,2.2481274524048103,2.194235158132517,2.1403409311105057,2.0864447713263727,2.0325466788049225,1.9786466535349905,1.928108979097116,1.877569581976403,1.8270284621332868,1.776485619607333,1.7259410543675988,1.6753582418041462,1.6247733482409323,1.5741863736385775,1.523597318024064,1.4730061813864102,1.396677931313402,1.3203484898433155,1.244017856943968,1.1676860326227423,1.0913530169130539,1.015018810877448,0.9386834134359604,0.8623468246060139,0.7860090443529464,0.7096700726780001
68,32.46392563833682,30.49089012852949,28.517818194672568,26.544709836721417,24.571565054784724,23.628021689598,22.68445912105038,21.74087734923733,20.79727637404281,19.85365619559089,19.051043943595506,18.2484162430595,17.445773093887183,16.643114496185593,15.84044044988063,14.791964645503517,13.743469261558635,12.694954298035649,11.64641975503654,10.59786563247619,10.178839888814716,9.759793908123777,9.340727690340083,8.921641235567634,8.502534543745375,8.455611461557883,8.40867498985265,8.361725128586677,8.314761877788566,8.267785237437142,8.221688387110952,8.175582944444828,8.129468909358009,8.083346281932567,8.037215062122634,7.992764598537494,7.948309416044833,7.903849514719046,7.859384894456166,7.814915555342337,7.770748432817615,7.72657758000313,7.68240299694199,7.63822468356213,7.59404263996502,7.53991826215818,7.485787964917239,7.431651748293189,7.37750961218904,7.3233615567236505,7.2689938351296295,7.214619450941579,7.1602384040756695,7.10585069466117,7.051456322556032,7.010169098008039,6.968876703571949,6.927579139302979,6.886276405117209,6.844968501107339,6.804024731539029,6.76307816466939,6.72212880042683,6.68117663890337,6.6402216799707805,6.603055521777049,6.56588875801771,6.528721388650579,6.49155341380539,6.45438483333048,6.417510454621819,6.380638283980539,6.34376832138849,6.30690056696554,6.27003502056433
69,38.29666122599612,36.08521134695668,33.8736539687866,31.661989091478848,29.450216715083947,27.981842303241827,26.51344323153573,25.0450194999132,23.57657110846754,22.10809805711448,21.299070915153113,20.49003261646611,19.68098316107004,18.87192254896952,18.06285078016366,17.596214347994135,17.129568770249602,16.662914046946035,16.19625017801194,15.729577163539059,15.31781678821938,14.906048784381605,14.49427315210601,14.082489891369859,13.67069900215558,13.355490961917663,13.040277292540804,12.725057993955586,12.409833066157198,12.09460250917464,11.81430016652274,11.533994417115162,11.253685260880083,10.973372697896705,10.693056728090847,10.51977347335039,10.346487478511865,10.173198743489076,9.999907268420237,9.826613053217532,9.652926041174048,9.47923678974595,9.305545298936902,9.131851568768997,8.9581555991769,8.918097546578299,8.87803764448456,8.837975892966769,8.79791229207855,8.757846841718571,8.71708901803687,8.676329626738951,8.63556866791801,8.59480614148273,8.55404204754157,8.500684090769049,8.4473247820958,8.393964121540758,8.34060210905547,8.28723874465988,8.233620434286781,8.18000041370201,8.12637868291079,8.07275524183291,8.019130090540001,7.99822308841536,7.977315268283901,7.956406630046229,7.93549717371649,7.91458689934271,7.892797878035051,7.871008038613921,7.84921738113224,7.8274259056418,7.805633612028119
70,36.96319442495546,34.70652102482756,32.44973973647225,30.19285055984883,27.93585349496201,26.586387143602227,25.23689517769071,23.887377597339224,22.53783440244991,21.18826559307476,20.213789051818566,19.23930072471621,18.26480061175181,17.290288712928117,16.315765028237116,15.530335681413623,14.744896537167412,13.959447595511271,13.173988856389691,12.388520319841108,11.785983930458421,11.183439260743926,10.58088631071405,9.978325080369345,9.375755569688076,9.096493496277443,8.8172252946884,8.537950964901635,8.25867050690219,7.979383920753227,7.855567545384729,7.731747414568303,7.607923528300285,7.484095886607757,7.3602644894506195,7.322653747957189,7.2850399146358376,7.247422989499787,7.209802972549676,7.172179863775486,7.134677341267961,7.097172227668138,7.059664522984276,7.022154227253311,6.9846413403986585,6.958437699316403,6.932231843616078,6.906023773328873,6.879813488419079,6.853600988898633,6.827428055823843,6.801253189992749,6.775076391402377,6.748897660083625,6.722716996010423,6.674282470460668,6.625846222226073,6.577408251258079,6.528968557610836,6.480527141259292,6.432050593686474,6.383571965125364,6.335091255508515,6.286608464890446,6.238123593241896,6.176860085249502,6.115595385852699,6.0543294950283055,5.993062412789761,5.9317941391570965,5.870525520889418,5.809255711241306,5.747984710182794,5.686712517721665,5.625439133821893
71,39.75089050285397,37.63242246493452,35.513948994587864,33.39547009176401,31.276985756618505,28.90063013656939,26.524266850506205,24.147895898791166,21.771517281095043,19.39513099779794,17.817735599735922,16.240331549693195,14.662918847624699,13.08549749343574,11.508067487396664,10.445738943357261,9.383401605665087,8.321055474135715,7.258700548900144,6.196336829916632,6.299660153620243,6.402975448561023,6.506282714559074,6.609581951930105,6.712873160507044,6.787496329348056,6.862113093687594,6.936723453640973,7.011327408905972,7.085924959559692,7.161297577866956,7.23666579953694,7.312029624612577,7.387389052958102,7.462744084486826,7.505529473947227,7.548312364681908,7.591092756965636,7.633870650802196,7.676646046043616,7.738478799109876,7.800309690743036,7.862138721009956,7.923965889674956,7.985791196835296,8.04480994347384,8.103826210361083,8.162839997477468,8.22185130494165,8.280860132594995,8.313081586534379,8.345300233757543,8.377516074100187,8.409729107953732,8.441939335042584,8.467544047622345,8.493146326421613,8.518746171233381,8.544343582094667,8.569938559508056,8.587459755199045,8.604979532305872,8.622497890879211,8.640014830896797,8.657530352593227,8.686995649170461,8.716460863317167,8.745925995459,8.775391045370226,8.80485601323258,8.829364266829943,8.853874173107998,8.878385732105443,8.902898944101798,8.927413808669742
72,51.57820747097027,50.37025048474296,49.16229349851564,47.95433651228833,46.74637952606101,43.92503962771859,41.10369972937617,38.28235983103374,35.461019932691315,32.63968003434889,29.58169002326215,26.523700012175407,23.46571000108867,20.40771999000193,17.349729978915192,15.9900899050652,14.630449831215213,13.27080975736522,11.911169683515231,10.551529609665241,9.407904794038641,8.264279978412041,7.1206551627854395,5.97703034715884,4.833405531532238,3.822351001845028,2.8112964721578186,1.8002419424706095,0.7891874127833994,-0.2218671169038092,-0.4839805345844257,-0.7460939522650406,-1.0082073699456566,-1.270320787626273,-1.532434205306889,-1.4646274232357195,-1.3968206411645514,-1.329013859093383,-1.2612070770222132,-1.1934002949510447,-1.2687761132756505,-1.3441519316002586,-1.4195277499248653,-1.4949035682494731,-1.5702793865740805,-1.4065516972048058,-1.2428240078355282,-1.079096318466253,-0.9153686290969751,-0.7516409397277004,-0.8343743678364085,-0.9171077959451159,-0.999841224053824,-1.0825746521625321,-1.1653080802712397,-1.1730245954726397,-1.1807411106740409,-1.18845762587544,-1.19617414107684,-1.2038906562782399,-1.1761845559353707,-1.1484784555925,-1.12077235524963,-1.0930662549067605,-1.0653601545638902,-1.058669300958072,-1.0519784473522535,-1.0452875937464359,-1.0385967401406182,-1.0319058865348,-1.144187142966947,-1.2564683993990957,-1.3687496558312446,-1.481030912263392,-1.59331216869554
73,35.69524259883898,33.07757752685978,30.4599074163409,27.842232267280185,25.22455207971057,23.97776344946152,22.730967512463465,21.48416426874184,20.237353718273404,18.9905358610668,18.02750268438312,17.064461113957815,16.101411149783825,15.138352791830375,14.175286040118047,13.425011335946099,12.674727991115187,11.924436005679759,11.174135379593992,10.423826112897284,9.896522584157399,9.369211121856955,8.841891725993754,8.314564396593212,7.787229133623489,7.532337966180374,7.277440413329718,7.022536475065104,6.7676261514183675,6.512709442343073,6.525531725796978,6.538349566847543,6.551162965448329,6.563971921654393,6.57677643541068,6.596588995104728,6.616399030815036,6.636206542558404,6.656011530284611,6.67581399406868,6.695681321549989,6.715546762096016,6.7354103157029845,6.755271982353653,6.775131762077661,6.781308075650504,6.787481905795367,6.793653252496069,6.799822115768792,6.805988495609755,6.812116212016237,6.818241118018099,6.824363213653163,6.830482498894424,6.8365989737434685,6.824736513964001,6.812871603511436,6.801004242367388,6.7891344305524415,6.7772621680606155,6.76548874705099,6.753713890760605,6.741937599150058,6.73015987224415,6.718380710018085,6.703468653579115,6.688556525963904,6.673644327184852,6.658732057262982,6.643819716177271,6.6290892377762205,6.614360423101268,6.599633272127618,6.584907784888687,6.570183961363456
Median,39.23885753496208,37.03124512620658,34.794794831305126,32.95817260696779,30.922084404798923,29.255849148943312,27.768040557716354,26.40169385963486,25.172033211246763,23.8556891701717,22.731524589997164,21.607349773823945,20.483164721617275,19.34761755163529,18.27568416856043,17.413592104877928,16.52259021511685,15.4786389836325,14.535775458450075,13.487520691141645,12.742047397645326,11.978698883622762,11.196340647338637,10.62329181109782,9.932791658684415,9.402038527437266,8.996351071277331,8.637507778174953,8.324531196055379,8.067581240515956,7.854430719937042,7.44929914376651,6.996604400940472,6.853261706665348,6.7261570432181585,6.705989093200312,6.636536652651181,6.608937224078394,6.58613347347249,6.466423535753883,6.184945940687619,6.02785742435087,5.80241348421313,5.559274121585614,5.316132598273731,4.8964582874944815,4.472355736058814,4.166795379150528,4.017277475964583,4.015926362332809,4.020221040955466,4.0245157195781225,4.028810398200778,3.906121455886041,3.7214661720164965,3.446388767026083,3.2704795475749426,3.257821673218996,3.1870400094490963,3.116626727580177,3.0454343838518154,2.974239690547779,2.9030426476097926,2.8318432550112167,2.7746126646322966,2.7510042259145706,2.6021938299746825,2.4136598590189893,2.1930560979099356,1.9547163432522296,1.7156161278337594,1.534734414224385,1.5053173185536344,1.3294437002332926,1.1472543189652655
p25,37.33936313913958,34.867610558240344,32.342108316722246,30.088120858198828,27.58297159265566,26.035146322554873,24.743947292976642,23.543092289265147,21.875228574605146,20.298732222099652,19.478308316531304,18.51450040916202,17.56102657031598,16.67581571398897,15.790592936577838,14.888277943150372,14.122034184404304,13.234534509596973,12.365267245899421,11.660404527676103,10.943647340361512,10.064931742168993,9.318965299811833,8.632893742490964,7.867358059073477,7.491036323265742,7.060159493624925,6.673396830698222,6.587449837459368,6.060575757380315,5.3175887169908185,4.702597120609514,4.284173956083485,4.09622803495028,4.018931172499659,4.004711097662735,3.842031034158715,3.55204363561963,3.21954587977104,2.996580778039985,2.7380263458675382,2.416540629176387,1.9906216895938404,1.5426489245204709,1.2282788260239597,1.0111892158944709,0.7545015375731268,0.442784461529521,0.08974268505433391,-0.15928389889409394,-0.3910526794718219,-0.6507309456358102,-0.9829322802623341,-1.258055338748065,-1.4024923288756046,-1.4350398627864245,-1.6454741966417061,-1.8637310876870554,-1.9853395034717982,-2.2000847467763527,-2.5381502932344375,-2.7254538443884497,-2.881237480920057,-3.0370225737671444,-3.1928091229421103,-3.3878142014784194,-3.58136470850686,-3.773251929236208,-3.9651392281602176,-4.157026605307287,-4.364377528161497,-4.557482661982741,-4.75230387289973,-4.9471234363544205,-5.141941352360451
p75,41.839459148514706,40.12354957733488,38.38258683478113,36.646725304583995,34.73049233282936,33.31491559571738,31.61603072728311,29.767633889028616,28.17117785612848,26.62234116015516,25.51081563300326,24.335287001449686,22.910337797880803,21.578390834046203,20.478398065839286,19.56262009161196,18.42304699041729,17.40010847632422,16.37716016477722,15.59613593756766,14.948137149014148,13.964662056428713,12.92895896649746,12.143462668696323,11.424641096075002,11.00752603372457,10.56468015092239,10.084211063730136,9.580824103495157,9.11751495076551,8.785625995714435,8.45790985830251,8.217225294019514,8.001504716938847,7.719484344692384,7.626796907349351,7.559071405862455,7.442089463014547,7.218159335522554,7.13799103942921,7.100651906318363,7.060624792582733,6.965368647329195,6.924950884005061,6.878004301371586,6.855382493666197,6.858566730316682,6.861748483481108,6.863902378150823,6.855356466344654,6.834692052251118,6.825761450244733,6.824245617307462,6.830859580815975,6.827015344050496,6.813730041738455,6.800442288753317,6.787152085076697,6.771844535485885,6.749265416493669,6.738784016510865,6.727870961123063,6.718963199413961,6.702648781657299,6.690035535818231,6.66924709306876,6.65405133156186,6.63885549889112,6.62365959507756,6.60846362010016,6.5934495078074224,6.575365802299133,6.560188863795466,6.545013589026522,6.529839977971278
