,2026,2027,2028,2029,2030,2031,2032,2033,2034,2035,2036,2037,2038,2039,2040,2041,2042,2043,2044,2045,2046,2047,2048,2049,2050,2051,2052,2053,2054,2055,2056,2057,2058,2059,2060,2061,2062,2063,2064,2065,2066,2067,2068,2069,2070,2071,2072,2073,2074,2075,2076,2077,2078,2079,2080,2081,2082,2083,2084,2085,2086,2087,2088,2089,2090,2091,2092,2093,2094,2095,2096,2097,2098,2099,2100
0,50.226139836662234,50.249670275295905,50.273146993434345,50.296569991049495,50.31993926821688,47.724491575920986,45.12902172157753,42.53352970527473,39.938015526927195,37.342479186596165,35.96946112889816,34.596421992108375,33.22336177615182,31.85028048109393,30.477178106924345,29.57739477168089,28.67760486298876,27.77780838079391,26.87800532519292,25.97819569614115,25.19200914693384,24.40581710834588,23.619619580359547,22.833416563032035,22.04720805633753,21.433045121071718,20.818878685866192,20.20470875069216,19.590535315598405,18.97635838055416,18.42087771007911,17.86539462760065,17.30990913305885,16.754421226491566,16.198930907883117,15.782448761607336,15.365964711965596,14.949478759025746,14.532990902724189,14.116501143135496,13.700047708917236,13.28359271311323,12.86713615579251,12.450678036894107,12.0342183564836,11.74946522276984,11.46471085711234,11.17995525952397,10.89519842991746,10.61044036841239,10.32563583846671,10.040830268982779,9.75602365986077,9.47121601124471,9.18640732300743,8.97536988907736,8.764331577058751,8.5532923869354,8.342252318707212,8.131211372402118,7.920223458397549,7.7092344217803905,7.498244262476169,7.287252980539129,7.07626057591264,6.91192857829751,6.74759605692081,6.5832630117253,6.41892944278711,6.25459535005204,6.090238704297801,5.9258815347397205,5.761523841409251,5.59716562434036,5.4328068834435905
1,44.61911058271991,43.412709325798666,42.206268299490624,40.999787503839684,39.79326693876239,38.50100795611981,37.208698469143826,35.91633847792491,34.62392798237815,33.33146698255475,32.09562020336914,30.859755459118006,29.623872749768047,28.38797207533221,27.152053435771112,26.176278701642723,25.20048346520311,24.224667726504084,23.24883148549849,22.2729747422145,21.5006204887761,20.72824560554173,19.955850092484244,19.18343394963508,18.410997176982043,17.892859951953405,17.374709037274467,16.85654443288392,16.338366138820223,15.820174155068004,15.432427420161734,15.044672054934713,14.656908059395464,14.269135433547536,13.881354177398133,13.615004528908067,13.348650148753771,13.082291036925385,12.815927193427118,12.549558618246055,12.28352133445569,12.017480317298455,11.751435566754912,11.485387082824667,11.219334865522637,11.053194083936479,10.88704737061959,10.720894725551291,10.554736148763125,10.388571640225088,10.222383280979457,10.056188258399075,9.889986572484867,9.723778223242618,9.55756321065838,9.436897007324363,9.316225648763139,9.195549134974211,9.074867465960518,8.95418064171927,8.833762881340268,8.713342323634514,8.592918968567853,8.472492816181546,8.352063866445263,8.26337968724188,8.174694902469867,8.086009512108383,7.99732351621838,7.9086369147580555,7.820268602907869,7.73190250128244,7.6435386098860825,7.555176928711365,7.466817457791817
2,47.31541309284299,46.61880901920486,45.92216517626986,45.22548156385397,44.52875818218458,43.35934418987785,42.18988095378605,41.02036847374657,39.85080674961272,38.68119578154525,37.535949521823575,36.39068681311162,35.245407655569764,34.10011204915782,32.95479999373877,32.2077951084934,31.460768237621078,30.71371938112197,29.966648539183332,29.21955571160437,28.6261116383552,28.032647064456302,27.439161989920603,26.845656414919716,26.252130339245703,25.706027099998472,25.15991020944643,24.613779667590663,24.06763547436929,23.521477629807485,22.986377558628238,22.451268026915482,21.91614903455535,21.38102058171672,20.845882668340938,20.41411115805265,19.98233434139872,19.55055221838239,19.118764788966704,18.686972053278208,18.255328891083757,17.82368199404213,17.392031362123237,16.96037699525985,16.528718893558917,16.1656930015875,15.80266113737938,15.439623301129979,15.07657949263778,14.713529711991319,14.350397105847382,13.98725782240179,13.62411186176419,13.26095922382625,12.89779990864007,12.645439813334901,12.39307456091314,12.14070415146419,11.888328584896842,11.635947861238419,11.383819250578572,11.131687842451782,10.879553636823681,10.627416633863369,10.375276833434851,10.157813412462888,9.94034938578093,9.72288475347207,9.505419515482659,9.28795367189262,9.07080045373396,8.85364944580126,8.63650064792631,8.41935406024958,8.202209682672772
3,45.873897986088075,44.79364092000704,43.71330522686786,42.63289090690891,41.55239796015899,40.086987893272,38.62151029839133,37.155965176168934,35.69035252601668,34.22467234819731,32.71424029844933,31.2037919978802,29.693327446505812,28.18284664426768,26.672349591143284,25.58834585345149,24.504332318332004,23.42030898582439,22.33627585583604,21.25223292847809,20.2405717523661,19.22890229589385,18.217224559094664,17.20553854201921,16.19384424458102,15.5825613940415,14.97127360168009,14.35998086752712,13.748683191556879,13.13738057371735,12.681415924419458,12.225446333296901,11.769471800346649,11.31349232558814,10.85750790899916,10.589534843981541,10.32155893751294,10.05358018963971,9.78559860026099,9.51761416949123,9.24962689726612,8.98163678355354,8.71364382839482,8.445648031799118,8.177649393809089,8.06975722735311,7.96186298721099,7.85396667338039,7.74606828587574,7.63816782469538,7.5302652898128795,7.4223606813226795,7.31445399909434,7.20654524321962,7.09863441364152,7.0079079858851605,6.9171796563014505,6.82644942477365,6.735717291452141,6.644983256204159,6.5542473191051,6.463509480200949,6.372769739436209,6.2820280967565,6.19128455225772,6.04420046699276,5.89711519025245,5.750028722153231,5.60294106264326,5.455852211669161,5.30876216935302,5.161670935609591,5.01457851045759,4.86748489383099,4.72039008586562
4,45.95285960529157,44.50374587338551,43.0545586619832,41.60529797111507,40.155963801001924,39.31286458739094,38.469758208113,37.62664466326896,36.78352395257015,35.9403960761668,35.00244150701056,34.06447983343656,33.126511055235234,32.188535172531665,31.250552185366846,30.273678076338562,29.296799067629905,28.31991515876693,27.343026350166138,26.366132641517183,25.40195705529208,24.437776574771,23.4735912001062,22.50940093150725,21.545205768577375,20.79530878315542,20.045410403740565,19.295510630538704,18.54560946341588,17.795706902442713,17.260807818490775,16.725907340773432,16.19100546891649,15.656102203420847,15.121197544117035,14.473988537294494,13.826778138903892,13.179566348684952,12.532353166934048,11.885138593457828,11.237922628369748,10.590705271681228,9.943486523363966,9.296266383326744,8.649044851633505,8.494768060432975,8.340490446017375,8.186212008566807,8.031932747909497,7.877652664199868,7.723371757327349,7.56909002731336,7.41480747427005,7.26052409801545,7.106239898738282,7.0954281444473,7.084615565206122,7.073802160270763,7.062987930606913,7.052172875426993,7.041356994530893,7.030540288680434,7.019722757512973,7.008904400709033,6.998085218912814,6.978414620828733,6.958743463249111,6.939071746360971,6.919399470337789,6.899726634777317,6.880053240090097,6.860379285949835,6.840704772391835,6.821029699758532,6.801354067628592
5,55.945045013678076,55.71242247535256,55.47972870262606,55.24696369548493,55.01412745394662,53.35658281634088,51.6990080735708,50.04140322564754,48.38376827257111,46.72610321434272,43.71792066444705,40.7096997480236,37.701440465092176,34.69314281565656,31.68480679967216,30.37890784923892,29.072989489195,27.767051719565018,26.461094540352757,25.15511795153466,24.48272703515008,23.81032783844104,23.137920361405065,22.46550460405702,21.793080566382038,20.55450899841668,19.31593130227084,18.07734747792728,16.83875752539084,15.60016144468508,14.47670320187226,13.3532412036086,12.2297754498977,11.10630594074334,9.98283267613814,9.05921272195038,8.13558967592722,7.211963538094699,6.288334308439179,5.36470198697052,4.614532945023119,3.864361311992978,3.1141870878801003,2.36401027270048,1.6138308664183392,1.539293840458559,1.46475459988416,1.3902131447113193,1.3156694749202604,1.2411235905257396,1.2725078604808997,1.3038901976863393,1.3352706021296603,1.3666490738356598,1.3980256127931792,1.42381219962778,1.44959706377954,1.4753802052088996,1.5011616239554204,1.52694131998816,1.5480937527571805,1.56924410452644,1.5903923752565603,1.6115385649745206,1.6326826736693403,1.6494964888315409,1.6663091125966594,1.6831205449325193,1.699930785846499,1.7167398353720198,1.7298816298916193,1.743022233005339,1.7561616447305997,1.7692998650327414,1.7824368939129995
6,55.800698422600014,55.73238252283467,55.663992252696126,55.59552761197967,55.526988600775006,52.41109445082737,49.29519182757644,46.179280731684614,43.0633611620862,39.94743311934019,38.27112032406718,36.59480006296282,34.91847233632296,33.24213714376249,31.565794485417015,30.219852384094185,28.873905091261307,27.52795260695396,26.18199493120943,24.836032063930904,23.662476844086513,22.488916476676202,21.31535096196645,20.141780299662177,18.968204489930468,18.11454624167615,17.26088642081068,16.407225027253673,15.553562061296349,14.69989752267666,14.00069864073428,13.301498235508639,12.60229630729912,11.903092856063816,11.203887881734955,10.756230287551533,10.308571256148758,9.860910787334312,9.413248881392608,8.965585538004413,8.60583772063587,8.246088465729907,7.886337773769983,7.526585644597027,7.166832077930223,7.247380046620298,7.327927211457283,7.408473572632397,7.489019129983651,7.569563883596215,7.601725413598349,7.633886139833375,7.666046062274549,7.698205181048466,7.730363496072869,7.781571497177954,7.832778655257602,7.883984970033111,7.935190441277918,7.9863950698119135,8.00580183489448,8.025207756374247,8.044612834930673,8.064017070447981,8.08342046220465,8.099805379926375,8.116189737794151,8.132573535942479,8.148956773808374,8.165339452483002,8.172273617019297,8.179207221558404,8.18614026656718,8.193072751923497,8.200004677353823
7,47.543310641684975,46.64682152269262,45.7502473990145,44.85358827061484,43.95684413754182,41.978780489552996,40.00068240055134,38.02254987055408,36.0443828995402,34.0661814875257,32.48121593361356,30.89621161539546,29.311168532866382,27.72608668605112,26.140966074917497,25.12717722142177,24.113373639112506,23.099555327993443,22.08572228807074,21.0718745193271,20.27439895622392,19.4769105583347,18.679409325647217,17.881895258193477,17.084368355956236,16.580047665908477,16.07572084768024,15.57138790125428,15.06704882663544,14.562703623847279,14.14780063333602,13.73289388737392,13.317983385964581,12.90306912911178,12.48815111680814,12.065673739206101,11.643193269768664,11.22070970852186,10.798223055452059,10.37573331056912,9.91269998703852,9.449664072425179,8.986625566729101,8.523584469966279,8.06054078210094,7.5059609656834,6.951378934651239,6.3967946890206395,5.84220822877182,5.28761955391954,4.813476231414419,4.33933097615958,3.86518378814262,3.39103466738834,2.91688361388558,2.6827383554890196,2.44859137440962,2.2144426706078204,1.9802922441231798,1.7461400949247596,1.5508548965284998,1.3555676171324809,1.1602782566973195,0.96498681525,0.7696932927795401,0.6406429379230999,0.5115913916695801,0.38253865398679987,0.2534847248821392,0.12442960438901944,0.003304698836059196,-0.11782139812278081,-0.2389486864700797,-0.3600771662404999,-0.4812068374327999
8,45.71486164894807,44.55353278872704,43.392125301447855,42.23063918734891,41.069074446459005,39.57269580987201,38.07624964529132,36.57973595336893,35.083154733516686,33.58650598599731,32.12031859654933,30.6541149562802,29.187895065205808,27.721658923267682,26.25540653044328,25.178093972731492,24.100771617592,23.023439465064392,21.946097515056042,20.86874576767809,19.867017656106103,18.86528126417385,17.86353659191466,16.861783639379208,15.86002240648102,15.274333946401502,14.688640544500092,14.102942200807119,13.51723891529688,12.93153068791735,12.516457716159461,12.101379802576899,11.686296947166653,11.27120914994814,10.85611641089916,10.61125291927154,10.366386586192942,10.12151741170971,9.87664539572099,9.63177053834123,9.38689283950612,9.14201229918354,8.89712891741482,8.65224269420912,8.407353629609089,8.29326356059311,8.179171417890991,8.065077201500388,7.95098091143574,7.836882547695381,7.722782110252879,7.608679599202679,7.49457501441434,7.3804683559796205,7.26635962384152,7.15397909718516,7.04159666870145,6.92921233827365,6.81682610605214,6.70443797190416,6.592047935905099,6.479655998100951,6.36726215843621,6.2548664168565,6.14246877345772,5.980279739622759,5.81808951431245,5.65589809764323,5.4937054895632595,5.33151169001916,5.16931669913302,5.007120516819589,4.84492314309759,4.682724577900989,4.52052482136562
9,50.147369098308054,49.59812964182698,49.048890185345904,48.49965072886483,47.950411272383754,44.25172108417165,40.55303089595954,36.85434070774743,33.15565051953532,29.456960331323227,28.30972034085835,27.16248035039349,26.01524035992863,24.86800036946377,23.720760378998897,22.977027337049563,22.23329429510021,21.48956125315088,20.745828211201538,20.0020951692522,19.289847430255296,18.577599691258392,17.865351952261488,17.15310421326458,16.44085647426768,15.785741178249907,15.130625882232136,14.475510586214364,13.820395290196592,13.16527999417882,12.679069270648197,12.192858547117572,11.706647823586946,11.220437100056326,10.734226376525699,10.267464371001628,9.800702365477557,9.333940359953484,8.867178354429413,8.400416348905338,7.981369847903828,7.562323346902316,7.143276845900803,6.724230344899292,6.3051838438977805,5.82872889250964,5.352273941121501,4.87581898973336,4.399364038345221,3.92290908695708,3.9268497139633642,3.9307903409696476,3.934730967975931,3.938671594982216,3.9426122219885,3.9297987706601396,3.91698531933178,3.904171868003421,3.89135841667506,3.8785449653466997,3.86162936410164,3.84471376285658,3.8277981616115198,3.81088256036646,3.7939669591214003,3.780519907246592,3.767072855371785,3.753625803496976,3.740178751622168,3.72673169974736,3.6952051724641843,3.663678645181008,3.632152117897832,3.6006255906146563,3.56909906333148
10,29.34235891630276,28.08372427608531,26.82508963586785,25.56645499565041,24.30782035543296,23.313806727924543,22.319793100416128,21.325779472907723,20.331765845399293,19.33775221789088,18.66930216704636,18.00085211620184,17.33240206535732,16.6639520145128,15.995501963668278,15.25024145334208,14.504980943015878,13.759720432689681,13.01445992236348,12.26919941203728,11.69335996075685,11.117520509476416,10.541681058195984,9.965841606915554,9.39000215563512,8.99931472136189,8.608627287088657,8.217939852815425,7.827252418542191,7.436564984268959,7.0521491681056805,6.6677333519424,6.28331753577912,5.898901719615839,5.5144859034525595,5.21480536202936,4.91512482060616,4.61544427918296,4.31576373775976,4.0160831963365595,4.017946441748763,4.019809687160968,4.021672932573172,4.023536177985376,4.02539942339758,4.026195958200881,4.02699249300418,4.02778902780748,4.028585562610781,4.0293820974140795,4.020773207713484,4.012164318012888,4.003555428312292,3.994946538611696,3.9863376489111,3.96802070334802,3.949703757784941,3.9313868122218603,3.91306986665878,3.8947529210957,3.87912246898064,3.86349201686558,3.8478615647505197,3.83223111263546,3.8166006605204004,3.805995233498393,3.795389806476384,3.784784379454376,3.774178952432368,3.76357352541036,3.7494996112415837,3.7354256970728077,3.721351782904032,3.707277868735257,3.69320395456648
11,46.24183939686808,45.14130044286704,44.04068286180786,42.939986653928905,41.83921181925899,40.285908489991996,38.73253763273132,37.179099248128935,35.62559333559668,34.07201989539731,32.50331102042933,30.9345858946402,29.36584451804581,27.797086890587682,26.22831301224328,25.13227481973149,24.036226829792003,22.940169042464387,21.84410145765604,20.74802407547809,19.7371993019861,18.72636624813385,17.715524913954656,16.704675299499208,15.69381740468102,15.1104658315815,14.52710931666009,13.94374785994712,13.36038146141688,12.777010121017351,12.35143292297946,11.925850783116902,11.500263701426649,11.074671677928139,10.64907471259916,10.39960266845154,10.15012778285294,9.90065005584971,9.65116948734099,9.401686077441227,9.15219982608612,8.902710733243541,8.65321879895482,8.40372402322912,8.154226406109089,8.05137649140311,7.94852450301099,7.84567044093039,7.74281430517574,7.639956095745379,7.53709581261288,7.43423345587268,7.3313690253943395,7.22850252126962,7.12563394344152,7.021840939825161,6.91804603438145,6.81424922699365,6.71045051781214,6.606649906704161,6.5028473937451,6.399042978980949,6.29523666235621,6.191428443816499,6.087618323457719,5.925767640122759,5.76391576531245,5.60206269914323,5.440208441563259,5.278352992519158,5.11649635213302,4.954638520319589,4.79277949709759,4.630919282400989,4.4690578763656195
12,43.43521392805606,42.03523749332192,40.6351745227562,39.23502501636198,37.83478897408545,36.421865520841884,35.00892985643909,33.59598198097253,32.18302189434727,30.77004959661953,29.782606423813835,28.795151465151864,27.807684720637333,26.820206190249753,25.832715873990562,25.034942364148257,24.237159056874347,23.439365952187384,22.641563050047587,21.843750350487984,21.02444700613288,20.205135381472967,19.385815476461204,18.56648729116008,17.74715082552758,17.11791318036064,16.488670593402166,15.859423064619241,15.23017059400468,14.600913181581381,14.126679114036596,13.652440104655755,13.178196153489424,12.703947260467114,12.229693425652657,11.957496277375089,11.685296287654351,11.413093456483244,11.14088778386692,10.868679269779111,10.59670683062085,10.324731550020378,10.052753427960612,9.78077246444619,9.508788659499396,9.392759458104058,9.27672818303075,9.160694834276091,9.044659411841923,8.928621915739106,8.812643806266456,8.696663623116777,8.580681366272449,8.464697035778817,8.34871063158114,8.292220414661903,8.2357282958891,8.179234275244992,8.122738352739898,8.066240528384672,8.009757927472327,7.953273424702574,7.896787020053651,7.840298713549407,7.783808505197944,7.754682528799541,7.725555361004847,7.696427001770583,7.667297451145299,7.638166709108396,7.609040439089308,7.579912977658021,7.550784324821503,7.521654480556025,7.492523444881598
13,31.49804486934653,29.125906713904676,26.753763043153036,24.38161385704271,22.009459155254653,21.142368709114397,20.275270780333425,19.408165369319658,18.54105247567069,17.67393209951922,17.15657285290297,16.639204656870803,16.121827511284526,15.60444141635242,15.087046371917436,14.598300869858459,14.109546455342796,13.620783128251842,13.132010888906816,12.643229737153511,12.242314815622917,11.841391838204599,11.44046080487515,11.039521715717171,10.638574570687657,10.269066313098088,9.899551584115837,9.530030383985906,9.160502712469096,8.790968569731985,8.422512787102661,8.054052521860239,7.685587774355574,7.31711854447655,6.9486448321578855,6.979203548831379,7.009759760050891,7.040313465821305,7.070864666176417,7.101413361097351,7.1320270173975135,7.162638806183726,7.1932487274043195,7.223856781302073,7.254462967396527,7.286968473858839,7.319471512563291,7.3519720842307255,7.384470188085798,7.416965824985331,7.449422814114724,7.4818770092524165,7.514328409909878,7.5467770159974314,7.579222828110884,7.561085802999556,7.542946325762094,7.524804396745086,7.506660015290247,7.488513181635586,7.470465188385636,7.452415758017318,7.434364890933849,7.416312587414109,7.39825884689492,7.392836206843282,7.387413462056088,7.381990613567113,7.376567660590387,7.371144603155731,7.3659033754995145,7.360663778534649,7.355425811674193,7.350189475733938,7.344954770207052
14,54.13433502979283,53.848874863635,53.563340250206444,53.277731190095025,52.99204768302745,50.47309239827121,47.95412871129395,45.43515662221468,42.91617613100198,40.397187237899324,38.75582631477396,37.11445794715697,35.4730821349526,33.83169887835929,32.190308176960166,30.897432366685152,29.60455140184434,28.31166528248254,27.018774008734848,25.725877580416068,24.6036508587446,23.481418998028186,22.359181997980254,21.23693985901916,20.11469258077873,19.170344053633816,18.22599395057083,17.28164227177039,16.337289017066478,15.392934186608915,14.66249571941733,13.932055732201519,13.201614224940284,12.471171197747376,11.740726650488147,11.267797186263257,10.79486627470918,10.321933915662086,9.849000109347884,9.37606485565601,9.062852798682936,8.74963929418902,8.43642434246147,8.123207943352952,7.809990096946589,7.752781587374257,7.6955722798831845,7.6383621738167715,7.5811512695314285,7.523939567016477,7.564115488033804,7.604290610439003,7.644464934539708,7.684638460848856,7.724811188544521,7.773173698007063,7.8215353739163325,7.869896216716454,7.918256226369126,7.966615402554074,7.9851710762756145,8.003725916359425,8.022279923358296,8.040833097183219,8.059385437524686,8.08060762025899,8.101829243783822,8.123050307095246,8.144270811415517,8.16549075598148,8.172546571931111,8.179601828657216,8.186656525167967,8.19371066270911,8.200764240490402
15,53.237382360882485,53.16578869214325,53.09415957128631,53.02249499831702,52.95079497326887,50.51281423528781,48.074777225736625,45.63668394467509,43.198534392049986,40.760328567922606,38.621310819950104,36.4822750599236,34.34322128776561,32.204149503542794,30.065059707243567,28.947663507053598,27.830246851005636,26.71280973904437,25.595352171261336,24.477874147607068,23.549953414774794,22.6220118251148,21.694049378604447,20.7660660752873,19.83806191516972,19.231995637661363,18.62591585943041,18.019822580459053,17.413715800833284,16.807595520456722,16.294630782194268,15.781657440286049,15.26867549467845,14.755684945424024,14.242685792481236,13.894154698842094,13.545618883989036,13.197078347958847,12.848533090697963,12.499983112267337,12.151543376914216,11.803099908692129,11.45465270768139,11.10620177379753,10.757747107129621,10.55678760472402,10.3558221715715,10.15485080764785,9.9538735129115,9.75289028744371,9.551764499872709,9.3506320489935,9.14949293473465,8.94834715720299,8.747194716291311,8.58588601724366,8.42457216296451,8.26325315345868,8.10192898869265,7.94059966872654,7.77959257803783,7.61858269007299,7.45757000473523,7.296554522091371,7.13553624206358,6.9829836832369505,6.830430518844711,6.67787674884468,6.52532237334139,6.3727673922335795,6.22050278168562,6.06824037920504,5.91598018477369,5.76372219848624,5.61146642024573
16,49.07530694092749,48.55029781853882,48.02524886935722,47.50016009393334,46.975031491928185,45.821623609081385,44.66815825014504,43.514635415011256,42.36105510357613,41.20741731576752,39.83681273336548,38.46618004044493,37.095519238015704,35.72483032498512,34.354113302178256,33.23943158295395,32.12474006661713,31.01003875238389,29.895327641179808,28.78060673207753,27.67566118321579,26.570707353885798,25.465745244146962,24.360774854200862,23.25579618401413,22.32047591118737,21.385150696537032,20.44982054000003,19.51448544175005,18.5791454016592,17.850414185262238,17.12167802713051,16.3929369269634,15.66419088511513,14.935439901480681,14.46749371083416,13.99954467871437,13.531592805213329,13.06363809023002,12.59568053383887,12.13923785242573,11.68279232953104,11.2263439652911,10.76989275953379,10.31343871239673,10.17641862618361,10.039396466435939,9.902372232964389,9.765345925845,9.62831754497479,9.48981929446326,9.351318970237429,9.21281657241806,9.074312100734511,8.93580555546757,8.88935957405776,8.84291169079469,8.79646190584183,8.75001021884456,8.70355663001293,8.65695076124387,8.61034299061612,8.563733318274679,8.517121743893469,8.47050826768889,8.43722727804594,8.40394509685664,8.37066172430323,8.33737716028206,8.30409140486668,8.269515389144079,8.234938181824289,8.20035978307863,8.16578019313028,8.13119941154824
17,44.47316461804895,42.04699494674471,39.62072127768179,37.19434361115729,34.767861946661604,33.02064668032731,31.27340863114205,29.526147799064926,27.77886418413323,26.03155778634274,25.363674321419712,24.695779070639524,24.027872033984266,23.35995321145374,22.69202260305336,22.101144922801055,21.510257445114696,20.91936016998107,20.32845309743347,19.737536227434468,19.244596792404067,18.75164907706889,18.25869308135551,17.76572880535691,17.272756249057405,16.71103850201619,16.14931462674352,15.587584623352408,15.025848491752503,14.464106231963392,14.087667947536403,13.71122590769789,13.334780112413327,12.958330561684111,12.581877255464745,12.427449870546166,12.273019393840869,12.118585825273927,11.964149164889186,11.809709412747516,11.655441549122415,11.501171094463784,11.34689804869361,11.19262241188129,11.038344183945455,10.917866528757244,10.797386658923312,10.67690457450667,10.55642027547498,10.435933761852025,10.315628080562892,10.195320466453628,10.075010919627452,9.95469944009665,9.834386027780463,9.696401100934416,9.558414451398914,9.420426079116613,9.282435984215672,9.14444416652879,9.005930247093978,8.86741424660422,8.728896165093108,8.59037600256133,8.451853759020729,8.33164995346358,8.211444956451452,8.091238768093161,7.971031388229891,7.850822817034459,7.73051025390011,7.61019649935737,7.489881553411071,7.369565416055149,7.24924808725986
18,49.50091407735625,48.18164734046113,46.86233813929174,45.542986473289425,44.2235923424889,43.52258013971278,42.821559294888694,42.12052980798349,41.41949167865082,40.71844490726607,40.015073278972004,39.311687096660286,38.60828636039923,37.90487106966283,37.20144122505468,36.03708466114862,34.87271252749782,33.708324825191056,32.543921553213465,31.37950271252502,30.202808585757058,29.026108517496827,27.849402506727248,26.672690554064086,25.4959726595162,24.42637157346739,23.356765752882662,22.287155197375732,21.21753990715769,20.147919882060233,19.112967749098427,18.07801319654978,17.04305622438083,16.008096832775472,14.97313502166326,14.3225907460613,13.67204456703657,13.02149648473377,12.37094649896332,11.72039461004858,11.07030096061435,10.42020574959142,9.770108977098669,9.120010643089639,8.469910747442789,7.896255215107889,7.32259845082838,6.74894045456708,6.17528122636564,5.6016207662507504,5.0281888757108,4.454755945756289,3.88132197600292,3.3078869669053,2.7344509181099497,2.376243166446361,2.0180345366865398,1.6598250288483791,1.3016146428793696,0.9434033788975708,0.585101657158159,0.22679881286844944,-0.1315051541946203,-0.4898102438845201,-0.8481164561556517,-0.7637343725134415,-0.6793528126395001,-0.5949717765490707,-0.5105912642765297,-0.4262112757067595,-0.3410639828018808,-0.25591721366326065,-0.1707709682976213,-0.0856252467151,-0.0004800489074607128
19,35.25669895363389,34.181194810817374,33.10569066800086,32.030186525184355,30.95468238236784,30.089699275060003,29.22471616775217,28.35973306044433,27.494749953136495,26.629766845828662,26.196655262007845,25.763543678187027,25.33043209436621,24.8973205105454,24.46420892672458,23.985387861724018,23.506566796723465,23.027745731722906,22.548924666722343,22.07010360172178,21.61300930250188,21.155915003281972,20.69882070406207,20.241726404842165,19.784632105622258,19.362556719750806,18.94048133387936,18.518405948007906,18.096330562136448,17.674255176265,17.202719527844682,16.731183879424368,16.259648231004054,15.788112582583736,15.31657693416342,14.878478028928795,14.440379123694173,14.00228021845955,13.564181313224925,13.1260824079903,12.738123395179656,12.350164382369012,11.962205369558367,11.574246356747727,11.18628734393708,10.801249731904052,10.416212119871025,10.031174507837996,9.646136895804968,9.26109928377194,8.815173113467567,8.369246943163196,7.923320772858824,7.477394602554451,7.03146843225008,6.535838094058804,6.040207755867527,5.544577417676251,5.048947079484976,4.553316741293699,4.03703698385224,3.5207572264107805,3.00447746896932,2.48819771152786,1.9719179540864,1.4907417952159843,1.0095656363455678,0.5283894774751519,0.04721331860473549,-0.43396284026567994,-0.8450625540398001,-1.2561622678139197,-1.6672619815880405,-2.07836169536216,-2.48946140913628
20,41.96094387838613,40.07847317947973,38.19599757150206,36.31351705442833,34.43103162826233,33.51397150569634,32.59690417689795,31.679829641873578,30.7627479006314,29.845658953177853,29.08800237917696,28.33033741425944,27.572664058405824,26.814982311653953,26.057292173980603,25.413058871857324,24.768816602783687,24.12456536674773,23.48030516377004,22.8360359938338,22.237804952426742,21.63956599370092,21.041319117683344,20.443064324372422,19.844801613746522,19.548782936934852,19.252757881203042,18.956726446527867,18.66068863295578,18.364644440442525,18.098355481246895,17.832061803524724,17.56576340725658,17.299460292466108,17.03315245913186,16.680600955561474,16.328046717569144,15.97548974515488,15.622930038297651,15.27036759701848,14.917880376849354,14.565391271456148,14.212900280835079,13.860407404968912,13.507912643887284,13.224923625759997,12.941932083753729,12.6589380179063,12.375941428192297,12.092942314649529,11.80990895009328,11.526872761294014,11.243833748264745,10.960791911001081,10.67774724951119,10.549181900072023,10.420614098099751,10.292043843603004,10.163471136573158,10.03489597700643,9.906419229822301,9.777941047231213,9.649461429233165,9.520980375840558,9.392497887040989,9.278545863805226,9.164593769306423,9.050641603556977,8.936689366553113,8.822737058286211,8.708966838408767,8.595198284303423,8.48143139594538,8.367666173368056,8.253902616550432
21,45.92934747316764,44.47416531624126,43.018978061475,41.56378570855283,40.10858825773384,39.14523021965161,38.18186473594477,37.21849180705562,36.2551114328873,35.291723613256345,34.32828392554316,33.36483557763897,32.4013785694709,31.437912901079688,30.474438572499473,29.70728700501528,28.940126615222006,28.1729574029825,27.405779368507943,26.63859251169036,25.87142154188657,25.10424212411857,24.33705425823505,23.569857944459187,22.802653182705217,22.2564725107505,21.71028540350675,21.16409186104938,20.617891883305962,20.071685470299215,19.525594430360286,18.979498900601065,18.43339888091716,17.887294371344574,17.341185371777506,17.000465531573113,16.659743041842262,16.319017902589575,15.978290113783004,15.637559675466173,15.296854006925994,14.956145978861304,14.615435591119851,14.274722843814084,13.934007736958751,13.627760056941051,13.321509737730432,13.015256779417513,12.70900118189043,12.40274294529705,12.096454196611628,11.79016254876483,11.48386800188058,11.177570555884259,10.87127021071668,10.568659999936328,10.266047304711611,9.963432125127639,9.660814461070489,9.35819431261928,9.05567075857339,8.75314571946268,8.450619195289029,8.14809118597253,7.845561691573721,7.702049117068741,7.55853645452721,7.415023704035951,7.27151086560687,7.12799793921822,6.984667289330459,6.84133829051257,6.6980109427234895,6.554685245937219,6.41136120013476
22,45.91754322642808,44.75210871198704,43.58659557048786,42.42100380216891,41.25533340705899,39.640493948032,38.02558696101132,36.41061244664893,34.79557040435669,33.18046083439732,31.62997740454933,30.079477723880203,28.528961792405813,26.978429610067682,25.42788117684328,24.44332992929149,23.458768884312,22.47419804194439,21.489617402096037,20.505026964878088,19.6293275070261,18.75361976881385,17.877903750274662,17.00217945145921,16.12644687228102,15.5906557185215,15.05485962294009,14.519058585567121,13.98325260637688,13.447441685317349,13.05107080829946,12.654694989456901,12.258314228786649,11.86192852630814,11.46553788199916,11.22727030577154,10.98899988809294,10.75072662900971,10.51245052842099,10.27417158644123,10.03588980300612,9.79760517808354,9.55931771171482,9.32102740390912,9.08273425470909,8.97097340890311,8.859210489410989,8.74744549623039,8.63567842937574,8.52390928884538,8.41213807461288,8.300364786772679,8.18858942519434,8.07681198996962,7.96503248104152,7.8693856200651595,7.77373685726145,7.67808619251365,7.58243362597214,7.48677915750416,7.3911227871850995,7.295464515060949,7.199804341076209,7.104142265176501,7.00847828745772,6.84656031433276,6.68464114973245,6.522720793773229,6.3607992464032606,6.19887650756916,6.03695257739302,5.875027455789589,5.71310114277759,5.55117363829099,5.389244942465619
23,54.3613731468764,53.844276312605444,53.327094473592425,52.80982762986376,52.29247578147115,50.66759285326616,49.04267548408374,47.41772367380861,45.792737422602976,44.16771673036872,42.332222136809726,40.49668877896346,38.66111665684973,36.82550577035181,34.989856119611225,33.56906010331889,32.14824935820389,30.727423884288203,29.306583681626993,27.88572875010043,26.86427203068387,25.842802476442262,24.82132008744141,23.799824863748462,22.778316805197015,21.965989926825486,21.153656920257358,20.341317785544202,19.5289725226597,18.716621131517044,18.070644989133864,17.424665091264806,16.778681437989714,16.13269402926659,15.486702865054397,15.112290755285597,14.737875553743393,14.363457260329831,13.989035875129069,13.614611398079369,13.240229863170827,12.865845737177043,12.49145902006312,12.117069711951121,11.742677812670768,11.507208950999429,11.27173787467677,11.03626458377777,10.800789078217342,10.565311358111265,10.329858744576665,10.094404198258545,9.858947719217303,9.623489307414347,9.388028962879899,9.242177089792632,9.096323493992017,8.95046817551817,8.804611134344425,8.65875237043856,8.512855359229004,8.366956267012188,8.221055093745912,8.075151839466796,7.929246504197641,7.808592370889333,7.6879370461984715,7.567280530098852,7.4466228225576225,7.325963923649262,7.205303834378354,7.084642553716095,6.963980081687474,6.8433164182202155,6.722651563309194
24,56.31392187271472,56.77306181845602,57.23213878436936,57.69115277045471,58.150103776736884,54.71455696720019,51.27894725202991,47.84327463119681,44.40753910471897,40.97174067259432,38.749066167464,36.52636865048963,34.30364812158883,32.0809045807936,29.85813802811493,28.238012849530303,26.61787787351798,24.997733100081735,23.377578529200548,21.757414160891667,20.583575193164222,19.409727945126924,18.23587241674808,17.062008608071782,15.888136519068539,15.010352316678507,14.132563172480195,13.254769086466224,12.376970058615573,11.499166088969039,10.778168914511914,10.057166798248709,9.336159740175024,8.61514774025728,7.894130798531255,7.3525664950546155,6.810999350130595,6.269429363756835,5.727856535935695,5.1862808666670155,4.644702355941376,4.103121003773375,3.5615368101592364,3.019949775081716,2.478359898570456,2.336134670867818,2.1939073694777393,2.0516779944011816,1.909446545653983,1.767213023229264,1.624977427133906,1.4827397573412473,1.3405000138633487,1.19825819674197,1.0560143059159122,1.0640885636832225,1.0721609196024724,1.080231373638042,1.0882999258178911,1.096366576149682,1.1044313245977917,1.1124941712112022,1.1205551159555323,1.128614158816182,1.136671299843372,1.1359266053680306,1.1351807194882297,1.1344336421939276,1.1336853734863666,1.1329359133804848,1.1321852618539643,1.131433418912943,1.1306803845674607,1.129926158807479,1.1291707416256183
25,54.98431754046042,54.33834909460234,53.692309414010694,53.046198499176796,52.40001634984213,50.932874817935634,49.46570318087413,47.99850143870983,46.531269591303854,45.06400763873893,43.5230524376008,41.98205886995482,40.441026935941665,38.8999566352888,37.35884796820966,36.08700676048067,34.8151461433375,33.54326611652349,32.27136668011256,30.99944783410848,29.81741221290287,28.635368311392504,27.453316129503904,26.27125566733011,25.089186924855404,24.047686899259993,23.00618074543312,21.964668463487808,20.923150053333707,19.881625514990393,18.84094024034921,17.800251210296494,16.759558424797728,15.718861883854311,14.678161587420744,14.031481898548664,13.384799117889866,12.738113245369426,12.091424281031188,11.444732224936017,10.798212057357416,10.151689298745286,9.505163949021611,8.85863600825579,8.21210547636646,7.613162014246746,7.014216337481315,6.415268446133171,5.816318340169979,5.217366019615527,4.618594531394894,4.019821110354129,3.421045756596454,2.822268470134149,2.223489250886465,1.8722047107283135,1.5209184478807136,1.1696304622863132,0.8183407540732721,0.4670493230742889,0.11523579032738021,-0.23657982347448173,-0.5883975182976892,-0.940217294141572,-1.2920391509942695,-1.1961590544267207,-1.1002801493141503,-1.0044024355477417,-0.9085259132863098,-0.8126505823570409,-0.7168792433666893,-0.6211090957847303,-0.5253401396063294,-0.4295723748375496,-0.3338058015081406
26,57.79404868663747,58.18725496996349,58.58038262643313,58.97343165600831,59.36640205877392,55.04590783648644,50.725346086274676,46.4047168086205,42.084020002865856,37.7632556694352,34.99376177099971,32.22425162175457,29.454725221592174,26.68518257058481,23.91562366872025,22.4481002918801,20.98056711765784,19.513024145962454,18.045471376847754,16.57790881032074,15.648654862722283,14.7193926348285,13.79012212659677,12.860843338057345,11.931556269220419,11.545479673935262,11.159398136886264,10.77331165802827,10.387220237324103,10.001123874817477,9.782752345030152,9.56437587342024,9.345994460004576,9.127608104790433,8.909216807745299,8.721645736247625,8.534071823258662,8.346495068862398,8.158915473034822,7.971333035722399,7.784025377255561,7.596714877317591,7.409401535984743,7.222085353166027,7.034766328925797,6.895048730835732,6.755329059111457,6.615607313662071,6.475883494528675,6.336157601768529,6.1964846776109646,6.056809679816889,5.9171326083110545,5.777453463164871,5.637772244299995,5.568671094965897,5.499568043791757,5.430463090752138,5.361356235823997,5.292247479029309,5.2232964270949696,5.154343473326631,5.085388617671911,5.016431860165411,4.947473200756549,4.88338089566571,4.81928739911771,4.755192711192611,4.691096831830249,4.626999761097171,4.562859843859939,4.4987187352066105,4.43457643515042,4.37043294367783,4.30628826078366
27,45.32887973616594,43.964497575833235,42.600110506429274,41.23571852791464,39.87132164032234,39.115427162944606,38.35952547931989,37.60361658949837,36.847700493444464,36.09177719117917,35.29329445526139,34.49480332844157,33.69630381070027,32.89779590203152,32.09927960245588,31.246660144035292,30.394031718649753,29.541394326316485,28.688747967026885,27.836092640807944,26.963267912328885,26.090435266545672,25.2175947034561,24.344746223073187,23.47188982538989,22.826456153275164,22.1810161022257,21.53556967224748,20.890116863372334,20.24465767554143,19.75218300274731,19.25970361142664,18.767219501545394,18.274730673171028,17.78223712622368,17.19943161397614,16.616623367292064,16.033812386200644,15.450998670651668,14.868182220695347,14.285449595921067,13.702715085922712,13.119978690696493,12.537240410225177,11.954500244538394,11.39312517606547,10.83174758372816,10.270367467535092,9.708984827490044,9.147599663601635,8.586178329807145,8.02475417176964,7.463327189502131,6.901897383014823,6.340464752272095,5.972650766758093,5.604834328710992,5.237015438124811,4.869194095020127,4.501370299378566,4.133645519625205,3.7659193044794828,3.3981916539268013,3.03046256797956,2.6627320466253575,2.43094219113745,2.199152264386502,1.9673622663849137,1.7355721971289055,1.5037820566098585,1.2721740044802698,1.0405676181227825,0.8089628975125935,0.5773598426831262,0.3457584536133589
28,43.72386272751375,42.23949877808027,40.75508541626836,39.27062264141062,37.7861104545508,36.33134797152045,34.876577908012834,33.42180026346972,31.96701503824715,30.512222232142893,29.54174391587954,28.57125858205201,27.60076623050787,26.630266861327666,25.65976047450801,24.87219769195889,24.084629303837833,23.29705530994308,22.50947571038928,21.72189050518752,20.891198904744762,20.060502788303147,19.229802155665393,18.3990970069956,17.56838734214916,16.95696563201213,16.345541031137568,15.734113539721841,15.12268315757524,14.511249884737289,14.06023671753065,13.609220692123198,13.15820180869416,12.707180067013791,12.25615546726093,11.96851409338234,11.680871015973374,11.39322623504584,11.10557975062315,10.81793156264148,10.53028167113605,10.24263007612416,9.95497677758201,9.66732177550228,9.379665069907409,9.20243091063222,9.025195624645939,8.847959212023559,8.67072167282673,8.49348300697347,8.316243214498831,8.13900229533937,7.9617602495946596,7.78451707718884,7.6072727782291185,7.35669585655657,7.106117910439079,6.85553893991273,6.60495894484218,6.3543779254185,6.103795881430849,5.853212813121719,5.6026287202099505,5.3520436029269005,5.10145746111439,4.66301820374602,4.224578411625051,3.7861380847382007,3.347697223058869,2.9092558266109396,2.47081389539496,2.032371429373369,1.593928428607101,1.1554848930902504,0.7170408228150995
29,46.24931415503476,43.620106416183006,40.99089350288363,38.36167541520161,35.732452153271325,34.10649556518124,32.480531106360516,30.854558776347368,29.228578575668756,27.60259050388734,26.544111140063972,25.4856227471211,24.42712532541209,23.368618874714933,22.310103394911863,21.44482351634732,20.579534549340508,19.7142364941316,18.848929350665763,17.983613119030995,17.3788007097154,16.773980084063513,16.169151242398904,15.564314184563232,14.95946891056404,14.554820765884296,14.150166042503162,13.745504740698768,13.340836860192644,12.936162401058507,12.531764639760457,12.127362311411996,11.722955416397035,11.318543954271265,10.91412792543086,10.67511542666047,10.436100353585037,10.197082706025782,9.95806248417425,9.719039687840496,9.480082552076805,9.24112348809273,9.002162496350069,8.763199576703236,8.524234728798664,8.427031699397615,8.32982621692092,8.232618280741093,8.135407891331846,8.038195048087788,7.9409435717542625,7.843689314669566,7.74643227765638,7.649172460067343,7.551909861688878,7.55065318114054,7.549394042803363,7.548132447760485,7.546868394871269,7.545601885291782,7.544434210021424,7.543265093405367,7.54209453439515,7.540922533973513,7.539749091482996,7.531048596149795,7.522348001354505,7.513647307381184,7.5049465142851925,7.496245622225563,7.487726790691802,7.479209597153693,7.4706940411950615,7.4621801234615805,7.453667843107131
30,50.147369098308054,49.59812964182698,49.048890185345904,48.49965072886483,47.950411272383754,43.528958658986895,39.10750604559003,34.68605343219318,30.26460081879632,25.84314820539946,24.466875900127825,23.090603594856187,21.71433128958455,20.33805898431292,18.961786679041282,17.825251792225878,16.68871690541048,15.552182018595078,14.41564713177968,13.279112244964281,12.459076211078296,11.639040177192312,10.819004143306328,9.998968109420344,9.178932075534359,8.704009464517119,8.229086853499881,7.75416424248264,7.279241631465399,6.80431902044816,6.38077762208716,5.95723622372616,5.53369482536516,5.1101534270041595,4.686612028643161,4.55043027890344,4.414248529163721,4.278066779424001,4.14188502968428,4.00570327994456,4.011168868485364,4.016634457026168,4.0221000455669715,4.027565634107776,4.03303122264858,4.03403260870688,4.03503399476518,4.03603538082348,4.037036766881779,4.03803815294008,4.072517518339484,4.106996883738888,4.141476249138291,4.175955614537696,4.210434979937101,4.18502107921262,4.159607178488141,4.134193277763659,4.10877937703918,4.0833654763147,4.055911276556641,4.02845707679858,4.001002877040519,3.97354867728246,3.9460944775244,3.925037976915592,3.9039814763067837,3.8829249756979762,3.861868475089168,3.84081197448036,3.827584500463784,3.8143570264472086,3.801129552430632,3.787902078414056,3.7746746043974797
31,53.297850878407466,52.57020224594484,51.8425536134822,51.11490498101957,50.38725634855693,48.37690093640566,46.36654552425439,44.35619011210312,42.345834699951844,40.335479287800574,38.56815146012177,36.80082363244296,35.033495804764165,33.26616797708534,31.49884014940653,30.61017711535047,29.721514081294416,28.83285104723836,27.944188013182302,27.055524979126243,26.133462195727244,25.211399412328237,24.289336628929238,23.36727384553024,22.44521106213124,21.75073118803943,21.056251313947623,20.361771439855808,19.667291565764,18.972811691672188,17.963557311052973,16.95430293043376,15.94504854981454,14.935794169195328,13.926539788576111,13.68092153916508,13.43530328975405,13.189685040343019,12.944066790931988,12.698448541520957,12.18170384705855,11.66495915259614,11.148214458133735,10.631469763671326,10.11472506920892,9.624693570738396,9.13466207226787,8.644630573797347,8.154599075326823,7.6645675768562995,7.081703613145792,6.498839649435284,5.915975685724777,5.333111722014267,4.75024775830376,4.293029120254359,3.83581048220496,3.37859184415556,2.92137320610616,2.46415456805676,2.2411208194454306,2.0180870708341,1.7950533222227707,1.5720195736114388,1.3489858250001092,1.2037432136495279,1.0585006022989463,0.9132579909483638,0.7680153795977814,0.6227727682472006,0.3541783091708513,0.08558385009450394,-0.1830106089818435,-0.45160506805819184,-0.7201995271345393
32,50.10912454557143,48.77464838277189,47.440172219972354,46.105696057172814,44.77121989437328,41.589048462675514,38.40687703097774,35.224705599279964,32.04253416758219,28.860362735884422,27.753201911045135,26.646041086205848,25.538880261366565,24.43171943652728,23.324558611688,22.591606070540227,21.85865352939245,21.12570098824468,20.392748447096896,19.659795905949117,18.910213106135803,18.160630306322464,17.41104750650914,16.661464706695806,15.91188190688248,15.235342893131348,14.558803879380216,13.882264865629084,13.20572585187795,12.529186838126819,11.981717886065518,11.434248934004211,10.88677998194291,10.339311029881605,9.7918420778203,9.311766792331307,8.831691506842315,8.351616221353325,7.871540935864333,7.3914656503753395,6.971087343411387,6.5507090364474365,6.130330729483484,5.709952422519533,5.28957411555558,4.795495405475281,4.3014166953949795,3.80733798531468,3.31325927523438,2.81918056515408,2.3131200925807645,1.8070596200074482,1.300999147434132,0.7949386748608165,0.28887820228750044,-0.049786450813943,-0.3884511039153884,-0.7271157570168322,-1.0657804101182768,-1.40444506321972,-1.8202413897073,-2.236037716194881,-2.6518340426824603,-3.0676303691700393,-3.4834266956576196,-3.783960933094165,-4.084495170530706,-4.385029407967253,-4.685563645403795,-4.98609788284034,-5.339888651874087,-5.693679420907837,-6.047470189941585,-6.4012609589753335,-6.7550517280090805
33,43.59790585814284,43.04315119431687,42.48835676108339,41.933522558447756,41.37864858642368,40.22883575818197,39.07897319282255,37.92906089041257,36.779098850879045,35.629087074283255,34.528338225452224,33.42757090082018,32.32678510034418,31.225980824058734,30.125158071974667,29.430373975407818,28.735570088147092,28.04074641015697,27.34590294152396,26.651039682196227,25.91473049259993,25.178400108795955,24.44204853075901,23.70567575853765,22.969281792125873,22.316217773166464,21.663139921915647,21.01004823832848,20.356942722483545,19.70382337429186,19.16978602113599,18.635739817436725,18.101684763115667,17.56762085825253,17.033548102778592,16.647439826172516,16.261326789673134,15.875208993369206,15.489086437174988,15.10295912116382,14.716944537770656,14.330926209972107,13.94490413779889,13.55887832120609,13.17284876026802,12.91278628582042,12.652717876397501,12.392643531962651,12.1325632524619,11.872477038013711,11.612248653004709,11.3520136046007,11.09177189273025,10.831523517512586,10.571268478815709,10.38444582471646,10.197618017121709,10.01078505607348,9.82394694151345,9.637103673526541,9.45058245987783,9.264058448952989,9.07753164065523,8.89100203505137,8.70446963206358,8.54225978622695,8.38004933482471,8.21783827781468,8.055626615301389,7.8934143471835805,7.7314924496256205,7.56957276013504,7.40765527869369,7.24574000539624,7.08382694014573
34,52.65817097774708,51.72720367757693,50.79623637740679,49.86526907723663,48.93430177706648,47.39844240395567,45.86258303084486,44.326723657734036,42.79086428462322,41.2550049115124,39.71135665492107,38.167708398329715,36.624060141738376,35.080411885147036,33.53676362855569,32.66048410243653,31.78420457631738,30.90792505019822,30.031645524079067,29.155365997959915,28.035949580312046,26.91653316266417,25.79711674501631,24.67770032736845,23.55828390972058,22.498521918537172,21.43875992735377,20.378997936170364,19.319235944986957,18.25947395380355,17.68911180482206,17.118749655840578,16.54838750685909,15.978025357877598,15.407663208896112,15.110952972496479,14.81424273609685,14.517532499697218,14.220822263297588,13.924112026897955,13.346637463734549,12.769162900571143,12.191688337407735,11.614213774244327,11.036739211080919,10.496731410770796,9.95672361046067,9.416715810150547,8.876708009840424,8.3367002095303,7.855873185379992,7.375046161229684,6.894219137079376,6.413392112929069,5.932565088778759,5.71730130782236,5.50203752686596,5.286773745909561,5.07150996495316,4.85624618399676,4.79668201109283,4.7371178381889,4.67755366528497,4.61798949238104,4.55842531947711,4.489001724596529,4.419578129715946,4.3501545348353625,4.280730939954782,4.2113073450742,4.132158707501052,4.053010069927904,3.973861432354756,3.894712794781608,3.815564157208461
35,44.84632207628447,43.25695230447268,41.66750905321504,40.07799232247858,38.48840211227791,37.50832559725914,36.528241916536025,35.54815107010479,34.568053057972996,33.58794788012447,32.55162088548709,31.515286786308142,30.47894558260048,29.442597274357674,28.406241861558712,27.328944272271507,26.25164178308306,25.174334393960393,24.09702210490949,23.019704915942743,22.016092027227057,21.012474244357406,20.00885156738024,19.005223996261506,18.001591531022857,17.38372940731218,16.765865889748614,16.148000978319743,15.53013467304659,14.91226697389952,14.417502530038862,13.922736692312895,13.427969460734031,12.93320083528987,12.438430815992806,11.905162840539955,11.371893473433747,10.838622714655797,10.305350564226687,9.772077022149059,9.238802088418069,8.70552576301754,8.17224804597007,7.63896893725904,7.105688436911891,7.085372875563903,7.065056491099515,7.044739283501485,7.0244212527946175,7.004102398977328,6.983782722032821,6.963462221954673,6.943140898763903,6.922818752460515,6.902495783035886,6.899210328478894,6.8959240485925015,6.892636943372929,6.889349012853597,6.886060257019463,6.882770675837549,6.8794802693434765,6.876189037532405,6.872896980388152,6.869604097923119,6.853425235075484,6.837245812916608,6.821065831403312,6.804885290593378,6.788704190456023,6.772522531003648,6.756340312227632,6.7401575341009785,6.723974196682521,6.707790299940426
36,44.94795116394498,43.99948524737831,43.05101436997038,42.102538531708795,41.15405773259733,40.59351082851458,40.03295674157344,39.47239547181972,38.91182701922,38.35125138376829,37.652394966289926,36.95353016196213,36.25465697078004,35.55577539275229,34.85688542784325,34.14713162808098,33.43736883391034,32.727597045338385,32.017816262356476,31.308026484977038,30.28098145682555,29.253928511355298,28.226867648593288,27.199798868523338,26.172722171153012,25.298475841620878,24.424223134173012,23.54996404877598,22.67569858545943,21.801426744193716,21.028744135174794,20.25605680704653,19.48336475980189,18.710667993466732,17.93796650800279,17.312316817415343,16.686664495573954,16.061009542518022,15.435351958184933,14.809691742622698,14.184088165222713,13.558482598982042,12.93287504391151,12.30726550000848,11.681653967273391,10.966452623560164,10.251248755982557,9.536042364549187,8.82083344926384,8.105622010135134,7.390377708034346,6.675130596264938,5.959880674808531,5.244627943689923,4.529372402875696,4.007545694231007,3.4857165203702185,2.963884881260349,2.442050776907379,1.92021420731993,1.3984771268070806,0.8767386090396714,0.3549986540447016,-0.1667427382318264,-0.6884855677505157,-0.9631011209922368,-1.2377167467245953,-1.512332444959995,-1.7869482156774146,-2.0615640589102755,-2.3359976910060745,-2.6104296574041737,-2.8848599580921723,-3.159288593086253,-3.4337155623826328
37,54.53564465217275,54.38358493954739,54.23143410005464,54.07919213445651,53.926859041986425,51.47501946765127,49.02310513934803,46.57111605714144,44.11905222089002,41.666913630692626,39.91607538591157,38.165220722335825,36.41434964003961,34.663462138896506,32.91255821900611,31.849865837025067,30.78716365763605,29.72445168082165,28.66172990655442,27.59899833483076,26.75798147411501,25.91695633310748,25.07592291174692,24.23488121004769,23.39383122806052,22.79906579156252,22.20429541331337,21.609520093196473,21.014739831241453,20.41995462752519,19.877950217305862,19.335940865323824,18.793926571487933,18.251907335812362,17.709883158363134,17.329030033370415,16.948174066926114,16.56731525903428,16.186453609697836,15.805589118929982,15.424721786686268,15.043851612997983,14.662978597864168,14.282102741309576,13.901224043284612,13.717649087095865,13.534072057260675,13.350492953687908,13.166911776448789,12.983328525579736,12.799743201003464,12.616155802765695,12.432566330801688,12.2489747852199,12.065381165913704,11.917045995323129,11.768708922853735,11.620369948537231,11.472029072360796,11.323686294304713,11.175341614400748,11.026995032657876,10.878646549011961,10.73029616352522,10.581943876137201,10.43102951982501,10.28011397205206,10.129197232920909,9.97827930231279,9.82736018037006,9.676439866950389,9.525518362149509,9.37459566596198,9.22367177830664,9.072746699287931
38,49.980555116790086,49.73461610215278,49.488569716503505,49.242415959930476,48.99615483243206,43.28666346076691,37.577147417515,31.867606702730125,26.15804131642317,20.448451258577702,19.518801824242107,18.58914060403405,17.659467597967538,16.72978280606869,15.800086228276568,14.934542108926891,14.068988192156777,13.203424477948614,12.337850966317752,11.472267657232738,10.871506138905115,10.270736340228739,9.669958261264314,9.069171901950403,8.46837726231673,8.435883812645498,8.403384234777295,8.370878528723901,8.3383666944622,8.305848732034077,8.274110785384917,8.242369083273076,8.210623625731646,8.178874412740175,8.147121444293445,8.11013378597561,8.073143035805552,8.036149193832095,7.999152260031138,7.9621522344184115,7.92528551501676,7.888416204513256,7.851544302928394,7.814669810290783,7.777792726536662,7.716751024383439,7.655707107578488,7.594660976207007,7.533612630190735,7.472562069615773,7.411553470036012,7.350542937745863,7.289530472674673,7.228516074886521,7.167499744325252,7.123835050604139,7.080168634190345,7.03650049507575,6.992830633268558,6.949159048735743,6.90545285400342,6.861744578258379,6.8180342214871565,6.774321783695605,6.730607264878481,6.702832935314483,6.6750574143731365,6.6472807019981675,6.61950279819834,6.591723702999192,6.563944405784285,6.536163917171597,6.508382237154319,6.480599365725692,6.452815302875944
39,47.29611148248221,46.64289617545699,45.98963790115755,45.336336659592504,44.68299245077048,43.6532318041764,42.62328332080889,41.59314700066181,40.562822843716525,39.53231084997444,38.51627408021764,37.500224837702916,36.484163122440286,35.468088934420955,34.452002273635074,33.53860481226112,32.6251979461952,31.71178167544613,30.79835600000386,29.884920919882028,28.971476440229736,28.058022555941044,27.144559267045587,26.231086573529918,25.31760447540246,24.559549662427248,23.80148971498584,23.043424633076988,22.285354416714338,21.527279065864462,20.769198580568176,20.011112960793284,19.25302220656336,18.49492631786722,17.73682529469627,17.112062789323776,16.487297337009128,15.862528937759697,15.237757591564504,14.612983298427151,13.988206058360038,13.363425871322365,12.738642737362312,12.11385665645148,11.48906762861951,10.667600765952608,9.846131752971083,9.024660589637922,8.203187276001298,7.3817118120216545,6.560234197731172,5.738754433105049,4.917272518155685,4.095788452854682,3.274302237242839,2.75032151939566,2.2263388294516,1.7023541674192804,1.1783675333110997,0.6543789271060404,0.13038834880410052,-0.39360420158107884,-0.9175987240545196,-1.44159521860506,-1.965593685251241,-2.019161405960644,-2.0727303615768853,-2.1263005521062284,-2.1798719775337916,-2.2334446378818344,-2.287018533150357,-2.340593663317101,-2.3941700283969447,-2.4477476283836253,-2.501326463274789
40,31.95527383123785,30.74778176697149,29.540289702705138,28.332797638438773,27.12530557417242,26.28332680701157,25.44134803985073,24.599369272689884,23.757390505529045,22.9154117383682,22.461028402225608,22.00664506608301,21.55226172994041,21.09787839379781,20.643495057655226,20.07416066756422,19.50482627747322,18.93549188738222,18.36615749729122,17.796823107200222,17.247525453680023,16.698227800159827,16.148930146639632,15.599632493119437,15.05033483959924,14.576757254040416,14.103179668481593,13.629602082922768,13.156024497363944,12.68244691180512,12.228302378259512,11.774157844713901,11.320013311168296,10.865868777622689,10.41172424407708,9.986305909732792,9.560887575388502,9.135469241044216,8.710050906699928,8.28463257235564,7.8107348868757445,7.3368372013958485,6.862939515915952,6.389041830436057,5.915144144956161,5.501880903234412,5.088617661512664,4.675354419790916,4.262091178069167,3.84882793634742,3.872666592938788,3.896505249530156,3.920343906121523,3.944182562712893,3.9680212193042594,3.947332352651068,3.9266434859978756,3.905954619344683,3.8852657526914913,3.8645768860383,3.8546864057880796,3.84479592553786,3.8349054452876397,3.82501496503742,3.8151244847871997,3.782577232712432,3.750029980637664,3.717482728562896,3.6849354764881284,3.65238822441336,3.626610982560104,3.6008337407068476,3.5750564988535922,3.5492792570003364,3.52350201514708
41,50.361261833713606,49.316620040596696,48.27197233408052,47.22731871398105,46.18265918053306,45.14856339007513,44.11445907518139,43.08034623565971,42.04622487139293,41.01209498253439,39.71032744829831,38.40855108725404,37.10676589956194,35.804971885189225,34.50316904398408,33.82589261834338,33.148606916151586,32.47131193742361,31.79400768232459,31.11669415067587,29.81787418304309,28.519046056098443,27.22020976984006,25.92136532443958,24.62251271969642,23.882478948112308,23.142438576806008,22.402391605793362,21.66233803499035,20.92227786443691,19.954619414593317,18.986956104133323,18.019287932943048,17.051614901191385,16.08393700881966,15.321938697803889,14.55993757275918,13.79793363371091,13.03592688059998,12.27391731356771,11.6766012705398,11.079283262720809,10.481963290080659,9.884641352559488,9.28731745026426,8.64103380302608,7.994747630099759,7.348458931680719,6.70216770756744,6.05587395786322,5.867533902956561,5.6791910220233905,5.49084531516597,5.302496782268589,5.114145423390731,4.880678546218201,4.64720921136334,4.413737418908171,4.18026316876886,3.94678646096536,3.779302208919471,3.6118165163082,3.444329383111941,3.27684080949979,3.1093507953357498,2.9577355395141702,2.80612021252337,2.6545048144390693,2.502889345222379,2.35127380493108,2.28937901805596,2.22748589717608,2.16559444212323,2.1037046530526387,2.041816529843872
42,54.53564465217275,54.38358493954739,54.23143410005464,54.07919213445651,53.926859041986425,51.48782616175127,49.04871852754804,46.609536139441445,44.17027899729001,41.73094710119262,39.98417085789157,38.23737819579583,36.490569114979614,34.743743615316504,32.996901696906114,31.94161679110507,30.886322087896048,29.831017587261652,28.775703289174423,27.720379193630762,26.87526176605501,26.03013605818748,25.18500206996692,24.339859801407687,23.494709252560515,22.89551782994252,22.296321465573367,21.69712015933647,21.09791391126145,20.498702721425186,19.954695994125856,19.410684325063823,18.86666771414793,18.32264616139236,17.778619666863133,17.381645338870413,16.984668169426115,16.587688158534277,16.190705306197838,15.79371961242998,15.396731077186269,14.999739700497985,14.602745482364169,14.205748422809576,13.808748521784612,13.623253567135865,13.437756538840677,13.252257436807907,13.066756261108791,12.881253011779734,12.695747688743465,12.510240292045696,12.324730821621689,12.1392192775799,11.953705659813703,11.80863080652313,11.663554051353737,11.51847539433723,11.373394835460797,11.228312374704714,11.083228012100747,10.938141747657875,10.79305358131196,10.647963513125218,10.5028715430372,10.35521328544501,10.20755383639206,10.05989319598091,9.912231364092792,9.76456834087006,9.61690412617039,9.46923872008951,9.32157212262198,9.17390433368664,9.02623535338793
43,44.04659735057185,42.7545549292223,41.4624386696705,40.170248571927445,38.877984635978386,37.60230436686105,36.32661667427074,35.05092155821842,33.775219018689526,32.49950905568263,31.22373782897321,29.9479592226698,28.67217323679966,27.39637987135655,26.12057912630468,25.509065523924527,24.897546815984835,24.286023002481816,23.674494083406866,23.06296005877237,22.45153063163564,21.840096138250562,21.22865657863439,20.61721195277489,20.00576226067928,19.491771735206864,18.977779696222232,18.463786143712976,17.94979107770012,17.435794498154024,16.92184476930703,16.407893541724935,15.8939408154349,15.379986590409766,14.86603086667669,14.356280419523964,13.84652853217224,13.336775204617734,12.827020436859211,12.317264228906526,11.807506580762219,11.297747492402735,10.787986963872651,10.278224995118764,9.7684615861905,9.549706358248825,9.330950289338523,9.112193379434986,8.893435628563008,8.67467703671379,8.455917603892352,8.237157330077675,8.018396215298155,7.799634259553798,7.58087146282122,7.401612871942193,7.222353454368468,7.043093210111022,6.863832139188515,6.68457024158607,6.505307517292524,6.326043966328898,6.146779588690351,5.967514384368086,5.78824835335974,5.700232618604605,5.612216319379611,5.524199455670935,5.43618202749978,5.348164034849965,5.260145477733889,5.172126356142935,5.0841066700647,4.996086419528825,4.90806560451807
44,53.93333995058842,52.63355969027276,51.333693881079036,50.0337425230369,48.7337056161415,47.78581781740712,46.837861546561584,45.88983680360973,44.941743588539325,43.99358190136639,42.8885872786444,41.783564377651906,40.67851319839626,39.57343374088487,38.46832600510796,37.387089244392044,36.30584268624843,35.22458633068091,34.143320177668436,33.062044227228256,32.14566055301904,31.229268598485366,30.312868363624748,29.396459848452068,28.48004305295245,27.689068333052173,26.89808867134362,26.107104067819403,25.31611452245852,24.525120035301736,23.657224730527208,22.789324483932,21.92141929554089,21.053509165305744,20.18559409326231,19.63870770656825,19.09181847842681,18.54492640883563,17.99803149779707,17.45113374529637,16.90423315135331,16.35732971596789,15.81042343913633,15.26351432084139,14.716602361112711,14.372902852397724,14.029201270009896,13.68549761393559,13.341791884176041,12.998084080753575,12.654374203645869,12.310662252855462,11.966948228379811,11.623232130246086,11.27951395842228,11.01075986395743,10.74200386764452,10.473245969462528,10.20448616941022,9.93572446750985,9.6669608637404,9.398195358121649,9.12942795063382,8.86065864127691,8.59188743007194,8.32293217241287,8.053975723349343,7.7850180828713125,7.516059250980023,7.247099227690415,6.978138012980166,6.709175606855418,6.440212009326208,6.171247220382499,5.90228124001691
45,53.35819600523308,52.790177699668774,52.22206826757868,51.653867708992806,51.085576023940675,50.25794835381331,49.43024592975238,48.6024687516214,47.77461681960878,46.946690133606374,45.771604656060596,44.59650275975182,43.42138444470988,42.24624971078083,41.071098558155825,39.29529096733123,37.51947357906983,35.74364639339361,33.967809410330545,32.19196262979539,30.652438263574783,29.11290561699073,27.57336469011873,26.033815483008837,24.494257995497012,23.49621096809835,22.49815899887528,21.500102087889243,20.502040235088057,19.50397344040216,18.736749716378743,17.96952105049961,17.202287442865796,16.43504889338335,15.6678054020544,15.283329751382276,14.898851259324774,14.514369925755531,14.129885750774712,13.745398734295948,13.360908876414728,12.976416177088645,12.591920636279019,12.207422254074679,11.82292103037077,11.655601140420751,11.488279176761191,11.320955139437253,11.153629028384865,10.986300843727363,10.818970585366424,10.651638253288985,10.48430384756531,10.316967368159148,10.149628815079895,10.029681300035833,9.909731883113196,9.78978056437065,9.669827343740725,9.549872221244401,9.429915196899024,9.309956270696848,9.189995442615272,9.070032712663936,8.95006808089764,8.841963810577932,8.733858348868292,8.625751695764652,8.517643851228023,8.409534815314402,8.301424587943513,8.193313169172654,8.085200559019436,7.977086757436195,7.868971764409194
46,52.710281267932736,51.37625215676427,50.042223045595804,48.70819393442733,47.37416482325885,45.78264366193781,44.19112250061677,42.599601339295745,41.00808017797471,39.41655901665367,37.85884454647037,36.30113007628708,34.74341560610379,33.18570113592049,31.6279866657372,30.153796966650823,28.679607267564446,27.205417568478076,25.731227869391688,24.25703817030532,23.46140911902399,22.665780067742656,21.870151016461325,21.07452196517999,20.27889291389866,19.62090347446028,18.9629140350219,18.304924595583522,17.646935156145133,16.98894571670675,16.503815259055905,16.018684801405055,15.533554343754213,15.048423886103366,14.56329342845252,14.174452844986584,13.78561226152065,13.39677167805471,13.007931094588775,12.61909051112284,11.954479792880718,11.289869074638597,10.625258356396474,9.960647638154352,9.29603691991223,8.665892849886253,8.035748779860278,7.405604709834301,6.775460639808325,6.1453165697823495,5.525674336203011,4.906032102623673,4.286389869044337,3.666747635464998,3.04710540188566,2.7581321369765304,2.4691588720674,2.18018560715827,1.891212342249141,1.6022390773400101,1.1334865480044596,0.6647340186689101,0.1959814893333608,-0.2727710400021899,-0.7415235693377392,-0.9450002582314078,-1.1484769471250769,-1.3519536360187434,-1.5554303249124124,-1.7589070138060798,-1.9977084176517608,-2.23650982149744,-2.47531122534312,-2.7141126291888,-2.9529140330344803
47,46.29600476112248,45.59466337292325,44.893286532606304,44.19187424017701,43.49042649566886,42.24792903761748,41.00537607519068,39.76276760847073,38.52010363738195,37.27738416198325,35.92891630061222,34.580429963440174,33.231925150424175,31.883401861598735,30.53486009697467,29.42332157010782,28.31176325254709,27.200185144256967,26.08858724532396,24.97696955569623,24.09824343607993,23.21949612225596,22.340727614199007,21.46193791195765,20.583127015525875,19.979376844485262,19.37561258008131,18.771834222326042,18.168041771241068,17.564235226794384,17.06876453613233,16.57328525598141,16.077797386268227,15.582300927052724,15.086795878278595,14.766771185782515,14.446741733393136,14.126707521199208,13.806668549114985,13.48662481721382,13.166693817930657,12.846759074242108,12.52682058617889,12.206878353696089,11.886932376868021,11.70524634426042,11.5235543766775,11.34185647408265,11.1601526364219,10.97844286381371,10.796590920644709,10.614732314080701,10.43286704405025,10.250995110672589,10.069116513815711,9.93536468720646,9.80160770710171,9.66784557354348,9.53407828647345,9.40030584597654,9.26685545981783,9.133402276382988,8.99994629557523,8.866487517461369,8.733025941963579,8.610836510946951,8.48864647436471,8.36645583217468,8.24426458448139,8.12207273118358,8.00017124844562,7.87827197377504,7.756374907153689,7.63448004867624,7.51258739824573
48,32.679615608340576,31.493024196621942,30.306432784903315,29.119841373184688,27.93324996146606,27.09585272292227,26.258455484378487,25.42105824583469,24.583661007290903,23.74626376874712,23.274693353204935,22.80312293766275,22.331552522120568,21.859982106578382,21.3884116910362,20.821851461749983,20.255291232463765,19.68873100317755,19.122170773891334,18.55561054460512,18.01658382442463,17.477557104244145,16.938530384063657,16.399503663883166,15.86047694370268,15.344726864972092,14.828976786241505,14.313226707510916,13.797476628780329,13.28172655004974,12.755150078440131,12.228573606830523,11.701997135220916,11.175420663611309,10.6488441920017,10.247931173700627,9.847018155399555,9.446105137098485,9.045192118797411,8.64427910049634,8.192380717400667,7.740482334304995,7.288583951209324,6.836685568113652,6.38478718501798,5.9238076851828,5.46282818534762,5.0018486855124396,4.54086918567726,4.07988968584208,3.5787807289502838,3.077671772058488,2.5765628151666915,2.0754538582748965,1.5743449013831006,1.1758481888991363,0.7773514764151721,0.37885476393120815,-0.019641948552756278,-0.4181386610367202,-0.7701242553372198,-1.1221098496377198,-1.47409544393822,-1.82608103823872,-2.17806663253922,-2.495479399111204,-2.812892165683189,-3.1303049322551724,-3.447717698827157,-3.76513046539914,-4.1049079333502485,-4.4446854013013555,-4.784462869252463,-5.124240337203573,-5.464017805154681
49,47.34238508232596,47.0992942465304,46.85616358363951,46.61299309445163,46.3697827782059,45.36688580475184,44.363931355224764,43.36091942897292,42.357850026726055,41.35472314816133,39.88697081920287,38.41919037978312,36.95138183026528,35.48354517089999,34.01568040127444,32.58026349402752,31.144836789730498,29.70940028763196,28.273953987944083,26.8384978909729,25.52757851325937,24.21665085527697,22.905714917278328,21.59477069837894,20.2838181994063,19.429355241792802,18.574887342388102,17.720414500963653,16.865936717885923,16.011453992978513,15.43997800549081,14.86849707618603,14.297011205085372,13.725520392286649,13.15402463747195,12.857122209905599,12.56021694083776,12.263308830310079,11.966397878341132,11.669484084716927,11.372158203424549,11.07482948063351,10.77749791619223,10.480163510512169,10.18282626334946,10.01348953304653,9.844150728973661,9.67480985110731,9.50546689968482,9.336121874670809,9.16640516763047,8.99668638700453,8.82696553258506,8.6572426046142,8.48751760291746,8.313697683078281,8.13987586155015,7.9660521381995295,7.79222651279359,7.618398985715401,7.444937305760701,7.2714737239621,7.098008240285419,6.92454085464605,6.75107156724053,6.54016200740192,6.32925125633294,6.118339313662459,5.907426179583919,5.69651185415057,5.48608945819623,5.275665871048392,5.06524109242109,4.85481512228,4.6443879608913194
50,47.178939391017515,44.94620461333369,42.713362464735475,40.480412945174386,38.24735605474268,36.401004560642114,34.55462839493304,32.708227557708575,30.8618020489326,29.01535186859152,27.91840824764522,26.821452840809762,25.724485648105603,24.62750666955471,23.53051590516065,22.5741128283065,21.617699954095432,20.66127728238606,19.704844813282556,18.74840254674154,18.06666308869069,17.384915350319297,16.70315933160997,16.021395032618145,15.339622453303617,14.7521529473636,14.164677313287545,13.57719555099523,12.989707660525744,12.402213641855157,11.943350268188073,11.484483139068239,11.025612254491296,10.566737614516473,10.1078592190681,9.905369941612545,9.702877572252483,9.500382111125496,9.297883558216785,9.095381913447019,8.89315801127686,8.690931518020392,8.488702433707244,8.286470758304866,8.084236491812197,7.911085432107612,7.737932157827037,7.56477666890939,7.3916189653747555,7.218459047247629,7.045173605627606,6.87188623130405,6.698596924191856,6.525305684360069,6.352012511751196,6.180853284975497,6.009692335524976,5.838529663355657,5.667365268485297,5.49619915088267,5.32513077219655,5.154060312551171,4.982987771824152,4.811913150127469,4.64083644732815,4.461426364349109,4.28201508989509,4.102602624074409,3.9231889667826496,3.7437741181552298,3.5641691282535795,3.38456294694445,3.2049555742484603,3.02534701012745,2.8457372545848596
51,50.147369098308054,49.59812964182698,49.048890185345904,48.49965072886483,47.950411272383754,44.145799698691434,40.34118812499913,36.53657655130681,32.73196497761449,28.92735340392218,27.74261719102615,26.557880978130104,25.37314476523407,24.188408552338043,23.003672339442,22.233693498720932,21.463714657999862,20.6937358172788,19.92375697655773,19.15377813583666,18.37519572347783,17.596613311119004,16.818030898760178,16.039448486401348,15.26086607404252,14.559127327775775,13.85738858150904,13.1556498352423,12.453911088975559,11.75217234270882,11.208721244338749,10.665270145968668,10.121819047598592,9.578367949228516,9.03491685085844,8.59208243367762,8.1492480164968,7.7064135993159795,7.26357918213516,6.82074476495434,6.411586856301987,6.002428947649636,5.593271038997284,5.184113130344933,4.77495522169258,4.29143982537884,3.8079244290650998,3.32440903275136,2.8408936364376194,2.35737824012388,1.963156021636212,1.5689338031485445,1.1747115846608753,0.7804893661732072,0.38626714768554016,0.04495732344628735,-0.2963525007929651,-0.6376623250322148,-0.9789721492714683,-1.3202819735107205,-1.6595614612441518,-1.9988409489775845,-2.338120436711016,-2.6773999244444484,-3.01667941217788,-3.2695163212309732,-3.522353230284065,-3.7751901393371567,-4.028027048390249,-4.280863957443341,-4.584821789166888,-4.888779620890436,-5.192737452613985,-5.496695284337533,-5.80065311606108
52,51.84075378203437,51.91567126602646,51.99055329770078,52.065399877650016,52.14021100551293,49.53314422749912,46.9260219452822,44.31884415880802,41.71161086791735,39.10432207254681,37.66335482495928,36.22236910112729,34.78136490205895,33.340342226649994,31.89930107574012,30.92502117924039,29.95072149234889,28.976402014305968,28.00206274603637,27.02770368659215,26.175183379643013,25.322641878337958,24.47007918273706,23.617495293025065,22.764890209189208,22.07780286765545,21.39070143274747,20.703585904425747,20.01645628287485,19.32931256793622,18.73177924212726,18.13423732688461,17.53668682186144,16.93912772748121,16.34156004357468,15.88549691904502,15.42942903462087,14.97335639043359,14.517278986349798,14.06119682247469,13.61673485893261,13.172269150979501,12.727799698727699,12.283326502038031,11.838849561011969,11.56127553493363,11.28369557399438,11.006109677999989,10.7285178470298,10.45092008096797,10.171781542335461,9.89263634024413,9.61348447483488,9.33432594580671,9.055160753458011,8.99816885958462,8.94117181222193,8.884169611586248,8.827162257287581,8.77014974955353,8.71325900484701,8.656365462812461,8.599469123582479,8.54256998685001,8.48566805278981,8.45421543673988,8.422762214971259,8.391308387690229,8.35985395480234,8.32839891636314,8.29591042810104,8.26342414774911,8.23094007544641,8.19845821144482,8.165978555317661
53,48.48027314471917,47.8065872433096,47.1328269715122,46.458992329151506,45.78508331630261,44.5269296320111,43.26876758789844,42.01059718410222,40.75241842035745,39.494231296997825,38.283923862242574,37.07360900883707,35.86328673648287,34.65295704533459,33.442619935364014,32.62712859494013,31.811632072529815,30.99613036844663,30.18062348234103,29.365111414646474,28.60943137121994,27.853746172455768,27.098055818203772,26.34236030858588,25.58665964345109,24.926323722383824,24.265986187279587,23.60564703820288,22.945306275003933,22.28496389779128,21.77717737706467,21.269389319017048,20.761599723996465,20.253808591640325,19.74601592212938,19.39927447780449,19.052531560773527,18.70578717080726,18.359041308171925,18.01229397294921,17.665545164413533,17.318794883584843,16.97204313007193,16.625289903377457,16.2785352041084,16.108944960351636,15.93935389145606,15.769761998168931,15.600169279756985,15.430575736966656,15.260981369565348,15.091386176882411,14.9217901598255,14.752193317629017,14.582595651057748,14.449744026577367,14.31689157062467,14.184038282305501,14.051184162433325,13.918329209967746,13.785473426048048,13.652616809753695,13.5197593618456,13.386901081429382,13.254041969524284,13.066402758350113,12.878762986815282,12.691122654724932,12.5034817618061,12.315840308805848,12.128198294758459,11.940555720607609,11.752912585625516,11.565268890342505,11.37762463421483
54,57.096472248177236,56.938803336201914,56.78108889969556,56.62332893864998,56.465523453058765,54.070016365374485,51.67449015191461,49.27894481270457,46.88338034771253,44.48779675694115,42.686657488688375,40.885510896131535,39.084356979287435,37.283195738151676,35.48202717272647,34.02331386368601,32.56459516637673,31.105871080802384,29.64714160694196,28.18840674481269,26.87777184254458,25.567132587521428,24.256488979696798,22.945841019129535,21.63518870577538,20.656580674780564,19.67796935243283,18.699354738700332,17.720736833587914,16.74211563711176,15.961820152484911,15.18152238470231,14.401222333730965,13.620919999603862,12.8406153822918,12.148503917238347,11.456390621967715,10.764275496484128,10.072158540781158,9.380039754890648,8.687978548709058,7.995915854112509,7.303851671086399,6.611785999639348,5.919718839750339,5.28133208547611,4.642944099721342,4.004554882487612,3.3661644337917243,2.7277727536190755,2.089414648196327,1.4510555036828179,0.812695320066149,0.17433409737112168,-0.4640281644060472,-0.8820941364104713,-1.3001610041390557,-1.7182287675873988,-2.1362974267453043,-2.554366981643549,-2.972510765965591,-3.3906556905661756,-3.808801755462542,-4.226948960664444,-4.64509730613891,-4.850625574077883,-5.0561543750884175,-5.261683709195313,-5.467213576398569,-5.67274397666476,-5.878274910001455,-6.083806376425889,-6.289338375913264,-6.494870908505619,-6.700403974194335
55,55.49939334925505,54.95999351202895,54.42051598424007,53.88096076505198,53.341327855023685,49.804205201681896,46.26705336118807,42.729872334098374,39.192662119891324,35.65542271864797,33.68496953177945,31.7144881316083,29.743978517905596,27.773440690463737,25.802874649689677,24.74869688332375,23.6945126110452,22.640321833161845,21.58612454954745,20.531920760208887,19.6340139813166,18.736100735212204,17.83818102193079,16.94025484127375,16.042322193438572,15.333210077994309,14.624095220747414,13.914977621504184,13.205857280515547,12.496734197706958,11.788271450238383,11.07980602482069,10.371337921076469,9.662867139392832,8.954393679488168,8.345861356970955,7.737327647510893,7.1287925514395205,6.520256068622607,5.911718198903913,5.303178942584241,4.694638299357248,4.086096269568825,3.4775528530119924,2.8690080494786,2.4034024445486004,1.93779539748186,1.4721869085766202,1.00657697752634,0.540965604720839,0.07535278975017888,-0.39026146700177994,-0.8558771659068608,-1.3214943068237601,-1.7871128894725,-2.21302642376326,-2.63894063627782,-3.064855526755201,-3.4907710955637006,-3.9166873425829998,-4.342604267702521,-4.76852187101164,-5.194440152490579,-5.620359111960239,-6.0462787498099,-6.2870584746726745,-6.527838154612957,-6.768617789389433,-7.009397379097474,-7.250176923708529,-7.49095642336029,-7.731735877943146,-7.972515287553238,-8.213294652058023,-8.454073971486917
56,50.048119008925696,48.83629097485346,47.62438946133537,46.41241446833848,45.200365995877355,43.98516377867226,42.76995439576283,41.55473784714528,40.33951413282717,39.12428325279232,37.80443631064981,36.48458226396573,35.16472111275295,33.84485285700501,32.52497749670093,31.14133375761931,29.757685118636466,28.3740315797194,26.99037314087409,25.60670980211294,24.200404584157123,22.794094472047348,21.387779465830057,19.9814595654712,18.57513477099243,17.68687957372591,16.798622982606492,15.910364997621771,15.022105618792772,14.133844846089852,13.53200491430158,12.930163588648004,12.328320869141532,11.726476755769758,11.124631248545084,10.693724321339293,10.262816002480138,9.831906291949247,9.400995189767192,8.97008269593662,8.539168810452686,8.108253533299212,7.677336864498798,7.246418804034827,6.815499351934734,6.832559624569533,6.849619074087931,6.866677700472688,6.883735503748608,6.900792483914106,6.917848640952385,6.934903974857023,6.951958485649041,6.969012173328441,6.986065037886598,6.993084663143046,7.000103463070095,7.007121437663962,7.0141385869580715,7.021154910937379,7.028170409568907,7.035185082888276,7.042198930890643,7.0492119535598325,7.056224150908241,7.057917738915937,7.059610767612394,7.061303236954432,7.0629951469998264,7.064686497717804,7.066377289120761,7.068067521200078,7.069757193928755,7.071446307365631,7.073134861478867
57,47.057090543595116,45.47090312869357,43.884642234295775,42.29830786043217,40.71190000732355,39.842509652520185,38.97311213204989,38.10370744601348,37.234295594122294,36.364876576526584,35.417100264848465,34.469316848752605,33.52152632802941,32.57372870280397,31.625923973117278,30.5673202915831,29.508711710368566,28.4500982289997,27.39147984789303,26.332856566738183,25.32120887519593,24.309556289357708,23.297898809375774,22.286236435459678,21.274569167212658,20.52098084781861,19.76739113443166,19.01380002725771,18.260207526162784,17.506613631217537,16.919078139257163,16.331541253531395,15.744002973666024,15.156463300161956,14.568922232849717,13.934893701256376,13.300863778094971,12.666832463105234,12.03279975658353,11.39876565833651,10.764730168477628,10.130693287018309,9.496655013930244,8.862615349122224,8.228574292658184,8.11816045976561,8.007745803657963,7.897330324515348,7.786914022165994,7.676496896764319,7.5660789481997535,7.455660176493718,7.345240581758364,7.234820163811717,7.124398922842503,7.114637654857458,7.1048755619222135,7.09511264329279,7.085348899934878,7.075584331060893,7.065818936470729,7.056052716926205,7.0462856720646805,7.036517801566676,7.026749106076393,7.01002737656463,6.993305087557326,6.976582239241504,6.9598588317906405,6.943134864802487,6.926410338687584,6.909685253119641,6.892959608133959,6.876233404072974,6.8595066405153515
58,50.56016242772225,50.6065047822159,50.652793416214344,50.69902832968949,50.745209522716884,48.15695209446097,45.568672504157526,42.980370751894725,40.392046837587195,37.80370076129617,36.38372589095817,34.96372994152838,33.54371291293182,32.12367480523393,30.703615618424344,29.7840086037609,28.864395015648757,27.944774854033906,27.02514811901292,26.10551481054114,25.29934952261384,24.493178745305876,23.687002478599545,22.880820722552034,22.07463347713753,21.448721274891724,20.82280557270619,20.19688637055216,19.57096366847841,18.945037466454163,18.379680844159108,17.814321809860648,17.24896036349885,16.683596505111566,16.118230234683118,15.692000152957336,15.265768167865595,14.839534279475748,14.41329848772419,13.987060792685496,13.560859423017236,13.134656491763229,12.70845199899251,12.28224594464411,11.8560383287836,11.564501753959838,11.272963947192341,10.981424908493969,10.68988463777746,10.398343135162392,10.106755164106712,9.81516615351278,9.523576103280769,9.23198501355471,8.94039288420743,8.73704683133736,8.53369990037875,8.330352091315401,8.127003404147208,7.923653838902121,7.72035730595755,7.517059650400391,7.313760872156169,7.11046097127913,6.90715994771264,6.7462740898075095,6.58538770814081,6.4245008026553,6.26361337342711,6.10272542040204,5.941814914357799,5.780903884509719,5.619992330889249,5.4590802535303595,5.29816765234359
59,43.90746069598392,42.41880430611029,40.930143007165405,39.44147679910985,37.95280568197662,37.05456858023413,36.15632427224464,35.25807275805836,34.35981403763969,33.461548111009634,32.64945155140815,31.837346600904613,31.02523325947961,30.21311152712714,29.40098140386779,28.662718548379253,27.924446725925755,27.186165936524528,26.447876180166972,25.70957745688007,24.954908745372993,24.20023211656176,23.445547570444162,22.69085510703323,21.93615472632191,21.450098300817093,20.96403549637753,20.477966313009215,19.99189075074398,19.505808809522982,19.16287635550516,18.819939182960784,18.47699729185584,18.13405068225777,17.79109935408672,17.281541173576485,16.77198025862971,16.2624166092756,15.752850225463929,15.243281107244917,14.733795814207944,14.22430863594689,13.714819572457978,13.205328623723965,12.695835789774494,12.243281063213681,11.790723812788489,11.338164038507536,10.885601740374607,10.433036918398317,9.980435926515941,9.527832110390552,9.07522547003516,8.622616005459966,8.170003716629354,7.888146558689747,7.606286948217039,7.324424885205252,7.042560369674964,6.760693401607797,6.478925449428829,6.1971560618575,5.915385238879213,5.633612980506367,5.351839286726558,5.161511106701749,4.9711828554139,4.780854532875412,4.5905261390825025,4.400197674026554,4.2100512973600654,4.019906586465677,3.829763541318587,3.6396221619522193,3.4494824483455506
60,55.860471307226334,55.501697517714604,55.14292372820287,54.784149938691144,54.42537614917941,51.541408979860584,48.657441810541755,45.77347464122292,42.889507471904096,40.00554030258526,38.01198744977404,36.01843459696283,34.02488174415161,32.031328891340394,30.037776038529174,28.02193125076671,26.00608646300424,23.99024167524177,21.97439688747931,19.95855209971685,19.270071264171865,18.581590428626882,17.8931095930819,17.204628757536916,16.516147921991937,15.986486859442847,15.456825796893758,14.927164734344668,14.397503671795576,13.86784260924649,13.3381815466974,12.808520484148309,12.278859421599218,11.74919835905013,11.219537296501036,10.547581821431137,9.875626346361235,9.203670871291337,8.531715396221434,7.859759921151535,7.187804446081634,6.515848971011732,5.843893495941831,5.171938020871932,4.499982545802031,4.338344098619502,4.176705651436972,4.015067204254443,3.8534287570719155,3.691790309889384,3.530151862706856,3.368513415524327,3.206874968341797,3.0452365211592687,2.88359807397674,2.8086966232054817,2.7337951724342258,2.65889372166297,2.5839922708917125,2.509090820120454,2.434189369349198,2.359287918577942,2.284386467806684,2.2094850170354268,2.13458356626417,2.0533537619525144,1.9721239576408596,1.8908941533292063,1.8096643490175504,1.7284345447058946,1.64720474039424,1.5659749360825839,1.484745131770931,1.403515327459275,1.32228552314762
61,46.24620433038874,43.660308301938564,41.07437250425072,38.48839693705408,35.90238160041384,34.185873667072705,32.469315229348084,30.752706287426562,29.03604684117689,27.3193368906258,26.226489575158503,25.133624294633034,24.040741048971917,22.947839838249216,21.85492066243117,20.88045017619924,19.9059591874533,18.931447696165186,17.956915702419078,16.982363206185266,16.146238979243634,15.310093895127077,14.473927953800569,13.637741155307657,12.801533499642316,12.246436061281981,11.691325126811552,11.136200696205837,10.581062769543443,10.025911346735382,9.471228970238892,8.916537997491751,8.361838428415549,7.807130263095027,7.252413501449076,6.778229045399277,6.304039857653136,5.829845938262207,5.355647287170567,4.881443904434138,4.4073516518426565,3.9332556658490097,3.4591559465087096,2.98505249373729,2.51094530763622,2.05726300018756,1.60357475834638,1.1498805820760705,0.6961804713226601,0.24247442619221013,-0.21137574116690988,-0.6652325889248606,-1.11909611718525,-1.5729663258164497,-2.02684321494309,-2.4465494156558596,-2.86626077534679,-3.28597729398626,-3.705698971620192,-4.12542580818846,-4.54483955367589,-4.96425618032743,-5.383675688207689,-5.803098077254871,-6.222523347541779,-6.34158361965761,-6.460644475316051,-6.5797059145767,-6.69876793732263,-6.81783054366986,-6.936604878293919,-7.055377001529119,-7.174146913373829,-7.2929146137310195,-7.411680102727169
62,43.14985797271654,41.373667993236246,39.597391477903884,37.82102842679514,36.04457883972602,34.52563748293348,33.00668391493387,31.487718135863922,29.96874014565509,28.449749944329806,27.370868364597086,26.29197499899564,25.21306984752618,24.13415291018804,23.055224187006115,22.26682016852507,21.47840635263605,20.68998273932165,19.901549328554424,19.113106120330762,18.38115305127501,17.64919170192748,16.91722207222692,16.185244162187686,15.453257971860518,15.151978295102522,14.850693676593371,14.549404116216474,14.248109614001455,13.946810170025188,13.71492865692586,13.483042202063823,13.251150805347935,13.019254466792358,12.787353186463129,12.612305277610416,12.437254527306111,12.262200935554278,12.087144502357834,11.912085227729982,11.737023111626268,11.561958154077983,11.38689035508417,11.211819714669577,11.036746232784612,10.912004363755864,10.787260421080676,10.66251440466791,10.537766314588792,10.413016150879734,10.288263913463465,10.163509602385696,10.03875321758169,9.9139947591599,9.789234227013702,9.690258457193131,9.591280785493737,9.49230121194723,9.393319736540798,9.294336359254714,9.195351080120748,9.096363899147876,8.997374816271961,8.898383831555218,8.799390944937201,8.747243256635011,8.69509437687206,8.642944305750909,8.590793043152791,8.53864058922006,8.486486943810391,8.43433210701951,8.38217607884198,8.33001885919664,8.27786044818793
63,43.84935734244738,42.752328560299595,41.65529488845157,40.55825632684928,39.4612128755111,38.719526765102636,37.977833407390776,37.236132802386315,36.49442495009528,35.752709850509454,35.05005639340331,34.34739422371213,33.644723341416466,32.942043746554155,32.23935543908955,31.246390328205145,30.25341660289797,29.26043426320209,28.267443309106667,27.274443740584704,26.209537220167928,25.14462277308279,24.079700399368697,23.014770099009453,21.94983187200024,21.102290484993066,20.25474244987416,19.40718776663488,18.559626435292486,17.71205845582973,17.032388212382045,16.352713424935615,15.673034093500211,14.993350218060087,14.313661798603981,13.679836142313544,13.046007865941565,12.412176969475649,11.778343452919573,11.144507316269555,10.510732613464976,9.876955985944521,9.243177433702204,8.609396956720788,7.9756145550051105,7.335991405558258,6.696365771714028,6.056737653547436,5.417107050995865,4.777473964107333,4.137802731082322,3.4981286720286904,2.858451787009059,2.218772075981828,1.5790895389675759,1.1805330702166443,0.7819741495672131,0.3834127770381018,-0.015151047391709697,-0.4137173237136012,-0.8121852568076929,-1.2106546253583441,-1.609125429377956,-2.0075976688541264,-2.406071343786858,-2.651741616527339,-2.89741196058046,-3.1430823759710207,-3.3887528626532006,-3.6344234206728205,-3.8799121335289817,-4.125399182981442,-4.370884569055003,-4.616368291716244,-4.861850350986183
64,52.58771766595266,50.75101858463876,48.914319503324855,47.07762042201095,45.24092134069704,43.18464278628975,41.12836423188245,39.072085677475144,37.01580712306784,34.959528568660545,32.45150213462167,29.9434757005828,27.43544926654392,24.92742283250505,22.419396398466173,21.06150984628451,19.703623294102844,18.345736741921176,16.98785018973951,15.629963637557845,15.166634511287064,14.70330538501628,14.2399762587455,13.776647132474718,13.313318006203936,12.900786180095643,12.488254353987356,12.07572252787907,11.663190701770779,11.250658875662488,10.838127049554197,10.425595223445907,10.013063397337616,9.600531571229329,9.187999745121038,9.151120273002338,9.114240800883636,9.077361328764937,9.040481856646236,9.003602384527534,8.966722912408834,8.929843440290131,8.892963968171433,8.85608449605273,8.81920502393403,8.7686993342163,8.718193644498571,8.667687954780842,8.617182265063112,8.566676575345383,8.516170885627657,8.465665195909928,8.415159506192198,8.364653816474469,8.31414812675674,8.285318642290083,8.256489157823427,8.227659673356769,8.198830188890112,8.170000704423455,8.141171219956798,8.11234173549014,8.083512251023484,8.054682766556827,8.02585328209017,7.991856092974914,7.95785890385966,7.923861714744404,7.889864525629149,7.855867336513896,7.82187014739864,7.787872958283385,7.753875769168127,7.719878580052875,7.685881390937619
65,52.308097758947646,50.71336987790872,49.118641996869805,47.523914115830884,45.92918623479197,44.13257494482769,42.3359636548634,40.539352364899116,38.74274107493483,36.946129784970545,35.139824397220465,33.33351900947039,31.527213621720314,29.720908233970253,27.914602846220177,26.72849780621431,25.54239276620845,24.35628772620258,23.17018268619672,21.984077646190844,22.60366678279486,23.22325591939888,23.8428450560029,24.46243419260692,25.082023329210937,24.363728054045747,23.64543277888056,22.927137503715368,22.20884222855018,21.49054695338499,20.7722516782198,20.05395640305461,19.33566112788942,18.61736585272423,17.89907057755904,17.288522321132238,16.677974064705435,16.067425808278635,15.456877551851836,14.846329295425035,14.235781038998232,13.625232782571432,13.014684526144633,12.40413626971783,11.79358801329103,11.331629153771601,10.869670294252172,10.407711434732743,9.945752575213312,9.483793715693885,9.021834856174456,8.559875996655029,8.097917137135598,7.635958277616169,7.173999418096739,6.927179967063482,6.680360516030226,6.433541064996969,6.186721613963712,5.939902162930455,5.693082711897199,5.446263260863941,5.199443809830684,4.952624358797426,4.70580490776417,4.483307271163115,4.260809634562061,4.038311997961005,3.815814361359952,3.5933167247588944,3.37081908815784,3.1483214515567846,2.92582381495573,2.7033261783546756,2.4808285417536196
66,50.10912454557143,48.77464838277189,47.440172219972354,46.105696057172814,44.77121989437328,42.194717402825106,39.618214911276915,37.04171241972874,34.465209928180556,31.88870743663238,30.640932171931645,29.39315690723092,28.145381642530186,26.897606377829447,25.649831113128723,24.940568028678936,24.231304944229144,23.52204185977936,22.81277877532957,22.10351569087978,21.44903058970252,20.79454548852525,20.140060387347987,19.48557528617073,18.83109018499346,18.233227069319973,17.63536395364649,17.037500837973006,16.439637722299526,15.841774606626041,15.295686721832775,14.749598837039512,14.203510952246246,13.657423067452985,13.11133518265972,12.682776010210597,12.254216837761472,11.825657665312349,11.397098492863224,10.9685393204141,10.572717716476276,10.176896112538452,9.781074508600629,9.385252904662805,8.98943130072498,8.500324033646491,8.011216766568003,7.522109499489515,7.033002232411029,6.54389496533254,6.036183941236253,5.528472917139964,5.020761893043677,4.5130508689473885,4.0053398448511,3.44536247899226,2.8853851131334203,2.32540774727458,1.7654303814157402,1.2054530155569,0.7718786995928762,0.33830438362885135,-0.09526993233517246,-0.5288442482991962,-0.9624185642632198,-1.2900249343023125,-1.6176313043414043,-1.945237674380496,-2.272844044419588,-2.60045041445868,-2.9607104147854404,-3.3209704151122,-3.68123041543896,-4.04149041576572,-4.401750416092482
67,48.300017027625486,45.672093825067314,43.04410511387427,40.416050894129114,37.78793116569797,35.97102757848138,34.15409000609809,32.337118448588896,30.52011290582166,28.70307337780824,27.58946353747895,26.475814671278947,25.36212677907851,24.24839986105461,23.13463391707045,22.16907416718092,21.20350250263372,20.23791892338643,19.27232342942771,18.30671602082282,17.44569433236873,16.584664363593987,15.723626114513108,14.86257958509716,14.001524775351589,13.43694039339086,12.87234988327266,12.307753244902438,11.74315047839364,11.17854158372133,10.61330871162352,10.04807208413436,9.48283170119207,8.91758756276532,8.35233966892583,7.887208678662341,7.42207459653155,6.956937422606699,6.4917971568588495,6.02665379932829,5.56155338382421,5.09645037727699,4.631344779622729,4.1662365909575305,3.7011258111263,3.270679203642,2.84023038150408,2.4097793448010107,1.9793260934854293,1.5488706275196804,1.11844026819032,0.6880079760722407,0.25757375120803,-0.17286240640588937,-0.6033004967421994,-0.90951734511672,-1.2157359161646801,-1.5219562099298405,-1.8281782263940405,-2.13440196555582,-2.4406639520429185,-2.7469280195520906,-3.0531941680800903,-3.359462397632849,-3.6657327081925493,-3.7997171585392575,-3.933702800364161,-4.06768963359531,-4.201677658263639,-4.33566687420963,-4.469657280600051,-4.60364887837174,-4.737641667490689,-4.871635648098571,-5.005630820105321
68,52.72181701632976,51.897120131428494,51.072397246988494,50.24764836364059,49.422873481101,48.69561733136161,47.96834013086942,47.24104187931393,46.51372257689832,45.78638222343478,45.06186098709409,44.337318194150754,43.61275384444196,42.88816793804839,42.16356047494176,41.4142687850944,40.664969552653325,39.91566277774254,39.166348460456696,38.41702660047729,37.667910894319654,36.91879059117467,36.16966569121785,35.420536194362306,34.67140210046282,33.15667518548334,31.64194524501731,30.12721227917488,28.612476288319975,27.097737271750578,25.58323290602236,24.068725588163982,22.554215317297484,21.03970209375439,19.525185917920563,18.733818537156612,17.94244941845493,17.151078562439263,16.359705967910255,15.56833163545789,14.776955565070965,13.985577757268697,13.194198211151088,12.40281692719045,11.611433905371424,11.049253645447385,10.48707221991772,9.92488962878085,9.362705871893308,8.800520949516507,8.238334861533065,7.676147607916994,7.113959188732453,6.5517696038633115,5.98957885343232,5.593741185990605,5.197902493119919,4.802062774679564,4.406222030467219,4.010380260883651,3.614537465655616,3.218693644794092,2.8228487984394155,2.4270029263325306,2.0311560288226143,2.127100754748469,2.223044950061053,2.3189886147445273,2.414931748895753,2.510874352473948,2.6068164254660924,2.702757967960005,2.7986989797671704,2.8946394610213244,2.9905794116358093
69,51.95396500457569,49.22987098169223,46.50577695880875,43.78168293592528,41.057588913041805,39.071682872559165,37.085776832076505,35.099870791593844,33.1139647511112,31.128058710628547,29.085189333610067,27.0423199565916,24.99945057957312,22.95658120255465,20.91371182553618,20.06855388913451,19.223395952732844,18.378238016331178,17.533080079929515,16.687922143527846,16.705314260550466,16.722706377573083,16.7400984945957,16.75749061161832,16.774882728640936,15.83153844015795,14.888194151674957,13.944849863191969,13.001505574708979,12.058161286225989,11.114816997743,10.171472709260009,9.228128420777017,8.284784132294027,7.341439843811036,6.968984244965037,6.596528646119037,6.224073047273036,5.851617448427035,5.4791618495810335,5.106706250735033,4.734250651889033,4.361795053043033,3.989339454197031,3.616883855351031,3.5223364103950017,3.4277889654389715,3.333241520482942,3.2386940755269142,3.144146630570885,3.049599185614856,2.955051740658827,2.8605042957027993,2.765956850746768,2.67140940579074,2.6187667073049825,2.5661240088192265,2.513481310333469,2.460838611847712,2.4081959133619564,2.3555532148761977,2.3029105163904404,2.2502678179046844,2.1976251194189285,2.1449824209331707,2.080717758992216,2.01645309705126,1.9521884351103056,1.88792377316935,1.8236591112283942,1.7593944492874412,1.6951297873464843,1.6308651254055309,1.5666004634645756,1.502335801523621
70,47.75669617112275,45.26421316509487,42.771656294271295,40.279025558661075,37.78632095829318,36.147946190893336,34.509563921632974,32.87117415043623,31.232776877339578,29.594372102333732,28.433814398611847,27.27324925330768,26.11267666645947,24.95209663803246,23.79150916803328,22.90036009442417,22.00920593787001,21.118046698325788,20.226882375813055,19.33571297032208,18.696017123270575,18.056316293448614,17.416610480864218,16.776899685523574,16.137183907416677,15.681749094801662,15.226312793440366,14.77087500335543,14.315435724533595,13.859994956964849,13.404550248712539,12.949104050973585,12.493656363737957,12.038207187028101,11.582756520830985,11.247699281669249,10.912640604937321,10.577580490606346,10.242518938689688,9.907455949214933,9.572391522144146,9.237325657495008,8.902258355257175,8.567189615434936,8.232119438056149,8.097981026811667,7.963841780114035,7.829701697911273,7.695560780257251,7.561419027130629,7.427276438534326,7.293133014434965,7.158988754887943,7.0248436598587425,6.890697729373219,6.853569567761303,6.8164405701120065,6.77931073637647,6.742180066627445,6.705048560842628,6.667916218963402,6.6307830410613455,6.59364902708895,6.556514177075675,6.519378491006778,6.500462302550092,6.481545546444566,6.462628222588122,6.443710331060036,6.424791871841549,6.405872844952994,6.386953250346259,6.368033088019165,6.349112358032109,6.330191060367034
71,57.609717445388526,57.495491898318726,57.38126143145169,57.26702604478519,57.15278573833981,53.841084273278405,50.52937518879182,47.217658484876246,43.905934161535455,40.59420221877811,38.381069089726296,36.16792719704086,33.95477654067753,31.741617120655143,29.528448936969472,28.038251742857977,26.54804566393153,25.05783070020735,23.56760685166444,22.07737411831738,20.91483132173128,19.752280411065428,18.58972138631761,17.427154247513254,16.26457899464532,15.390937545618291,14.517289679464524,13.643635396177597,12.769974695814145,11.896307578302938,11.279016227463872,10.66172042297467,10.044420164801284,9.42711545299878,8.809806287512094,8.625254322612472,8.440699832327912,8.256142816675212,8.07158327562895,7.8870212092145495,7.702523960976988,7.518024823894547,7.3335237980006465,7.149020883265646,6.964516079706785,6.97554651945106,6.986574476722159,6.997599951528696,7.008622943874454,7.01964345374325,7.030625208950769,7.0416041537536636,7.0525802881897635,7.06355361223206,7.074524125882137,7.060754610264048,7.046982643972857,7.033208226990187,7.019431359336616,7.005652041006167,6.991971564157916,6.978289652028906,6.964606304579736,6.950921521835207,6.937235303770516,6.914994577703447,6.892753780460139,6.870512912052989,6.84827197250302,6.826030961789213,6.803971813760063,6.781914329457015,6.759858508855266,6.7378043519882365,6.715751858834907
72,54.850971308124535,54.49308342699411,54.13519554586369,53.77730766473327,53.41941978360285,52.26813163443161,51.11684348526036,49.965555336089125,48.81426718691789,47.662979037746645,45.788504019600204,43.914029001453756,42.0395539833073,40.16507896516085,38.290603947014404,36.924444348630765,35.55828475024714,34.19212515186351,32.82596555347988,31.45980595509625,30.183623011975243,28.907440068854246,27.63125712573324,26.35507418261224,25.07889123949124,24.21106780683743,23.34324437418362,22.47542094152981,21.607597508875998,20.73977407622219,19.922654438118972,19.10553480001576,18.28841516191254,17.471295523809328,16.65417588570611,15.73094634852308,14.807716811340049,13.884487274157017,12.96125773697399,12.038028199790956,11.264061345234548,10.490094490678143,9.716127636121735,8.942160781565326,8.16819392700892,7.936901256426395,7.705608585843872,7.474315915261347,7.243023244678823,7.0117305740963,6.223703042879793,5.435675511663284,4.647647980446775,3.859620449230268,3.0715929180137604,2.7758037065451595,2.480014495076559,2.1842252836079603,1.8884360721393607,1.59264686067076,1.133126488318829,0.6736061159668995,0.2140857436149696,-0.24543462873696137,-0.7049550010888901,-0.9103110297318736,-1.1156670583748545,-1.3210230870178348,-1.5263791156608184,-1.7317351443037992,-2.0490819761073467,-2.366428807910896,-2.683775639714444,-3.001122471517992,-3.3184693033215407
73,47.47309689353898,46.134330186403574,44.79555853329671,43.4567819342016,42.118000389111806,41.350081387367645,40.5821548996449,39.814220925979164,39.04627946635164,38.27833052076653,37.48334193023355,36.68834491070354,35.893339462144645,35.09832558458229,34.30330327800566,33.342473778863486,32.38163524197495,31.420787667386488,30.459931055050095,29.499065404975962,28.391163498726012,27.283253675157297,26.17533593429683,25.06741027612842,23.959476700659625,23.06091219106909,22.16234101407241,21.26376316966098,20.36517865785202,19.466587478628306,18.765985028956504,18.065378034889168,17.364766496436047,16.66415041358141,15.963529786313991,15.221998759711637,14.480465113027735,13.7389288462499,12.997389959381902,12.255848452419968,11.51436837930347,10.77288638147109,10.031402458916851,9.289916611623516,8.548428839595918,7.872416262999779,7.196401202006261,6.520383656690381,5.844363626989522,5.168341112951703,4.4922806206610035,3.8162173041272864,3.140151163363567,2.4640821983654484,1.7880104091411109,1.3852130123823052,0.9824131631050007,0.5796108613032157,0.17680610696833038,-0.22600109990343406,-0.6287100128001994,-1.031420362269523,-1.4341321483362088,-1.836845370975454,-2.2395600301996588,-2.460839446478903,-2.682118934070785,-2.9033984930001075,-3.1246781232210497,-3.345957824779435,-3.567055681174357,-3.78815187416558,-4.009246403777905,-4.2303392699779065,-4.451430472786608
74,52.86454514341944,52.820915692497856,52.77724474427949,52.733532298766555,52.68977835594223,50.83553847397949,48.98129112559257,47.127036310736095,45.27277402942844,43.41850428169282,42.0422754903999,40.666032461461896,39.289775194884754,37.91350369063931,36.53721794874013,35.26271432387664,33.98819536406575,32.71366106932427,31.439111439643995,30.16454647503312,28.89769072037104,27.630829282099118,26.363962160146116,25.09708935455848,23.83021086532916,22.75600930638814,21.6818032212526,20.607592609890705,19.533377472319682,18.45915780854332,17.594042112822272,16.728924126431068,15.863803849373921,14.998681281659012,14.13355642325714,13.548377926455577,12.963197599436832,12.378015442205125,11.79283145475404,11.207645637115412,10.622517399185709,10.037387672841039,9.452256458066817,8.867123754871649,8.281989563234523,7.582032111994475,6.882073429273886,6.18211351507434,5.4821523694126295,4.782189992274163,4.082261189885595,3.382331348406265,2.682400467823778,1.9824685481629307,1.2825355894199415,0.8597043020218342,0.4368721188995641,0.01403904005753547,-0.40879493449405313,-0.8316298047859818,-1.2545389045017101,-1.6774491444959805,-2.1003605247860286,-2.5232730453816186,-2.9461867062497666,-3.226148057510645,-3.5061099418430848,-3.786072359271884,-4.066035309797041,-4.34599879338514,-4.625962810043736,-4.905927359790078,-5.1858924425993544,-5.465858058513613,-5.745824207524232
75,36.070253606072164,34.20477433882367,32.339260514292086,30.47371213250616,28.608129193489624,27.59897812619835,26.589809331814358,25.580622810449093,24.57141856199389,23.562196586544427,22.705544462656558,21.848878529179,20.99219878603092,20.135505233300716,19.278797870922883,18.197428306640234,17.116040504269215,16.034634463806466,14.953210185295358,13.871767668743209,13.004758040924518,12.137728954922038,11.270680410718708,10.403612408393716,9.536524947894238,9.387857610316539,9.23917695375127,9.090482978231016,8.941775683733326,8.793055070271501,8.644780408425511,8.496496937195948,8.348204656451648,8.199903566316465,8.051593666677554,8.002491659771675,7.953384803864474,7.904273098933726,7.8551565449435055,7.806035142012317,7.757025512716056,7.708012054588949,7.65899476769931,7.60997365193329,7.560948707400319,7.510631429080959,7.460308042462599,7.40997854750419,7.3596429441938,7.309301232616469,7.25881239399215,7.20831663620078,7.15781395916231,7.107304362974949,7.0567878475573504,7.0174075014656605,6.97802170932091,6.938630471102719,6.89923378681935,6.859831656505721,6.82074953688903,6.78166429784891,6.74257593922955,6.703484461165409,6.66438986354484,6.62963863982199,6.5948864596126695,6.56013332281568,6.52537922956871,6.490624179737339,6.45615767815406,6.42169301154732,6.387230179882389,6.352769183295719,6.31831002164857
76,53.94418881739821,53.97008322230706,53.99593612991914,54.021747540236646,54.04751745324276,52.09529110969111,50.143057299715274,48.190816023269875,46.238567280373296,44.28631107104876,42.77531860718438,41.2643119056749,39.753290966526286,38.24225578970937,36.73120637523872,35.38753880131661,34.0438558924471,32.700157648647,31.356444069908104,30.012715156238613,28.68198594065173,27.351251041455008,26.0205104585772,24.689764192064757,23.35901224191064,22.283217719749278,21.2074186713934,20.13161509681116,19.0558069960198,17.979994369023096,17.145561193825618,16.311125727957982,15.476687971424406,14.642247924233068,13.807805586354771,13.203848102237473,12.599888787902996,11.99592764335556,11.39196466858874,10.787999863634385,10.184092638388943,9.580183924728548,8.976273722638588,8.372362032127691,7.768448853174834,7.100518070581942,6.432586056508511,5.764652810956121,5.096718333941567,4.428782625450255,3.760880491708844,3.092977318876672,2.425073106941339,1.7571678559276485,1.0892615658318163,0.673457058095495,0.25765165463501577,-0.1581546445452252,-0.5739618394350271,-0.989769930065167,-1.4056522501191084,-1.8215357104515881,-2.237420311079849,-2.6533060520136487,-3.0691929332200125,-3.351799696193326,-3.6344069922382007,-3.917014821379436,-4.199623183617033,-4.482232078917567,-4.764841507288601,-5.047451468747377,-5.330061963269093,-5.612672990895788,-5.8952845516188415
77,44.932996026356065,43.731308117021925,42.5295336718562,41.32767269086198,40.125725173985444,38.21748092860189,36.30922447205909,34.400955804452536,32.492674925687275,30.58438183581953,29.51222861943384,28.44006361719187,27.36788682909733,26.29569825512975,25.223497895290553,24.306148029028257,23.38878836533435,22.471418904227384,21.554039645667583,20.63665058968798,19.80097159949289,18.96528432899297,18.129588778141198,17.29388494700008,16.458172835527584,16.039317609520644,15.620457441722168,15.20159233209924,14.78272228064468,14.363847287381384,14.006427687576593,13.649003145935755,13.291573662509423,12.934139237227116,12.576699870152654,12.321266109845087,12.065829508094353,11.810390064893243,11.55494778024692,11.299502654129114,11.04429360294085,10.789081710310377,10.533866976220612,10.27864940067619,10.023428983699397,9.886196247744056,9.748961438110749,9.611724554796092,9.474485597801925,9.337244567139104,9.200062923106458,9.062879205396781,8.925693413992448,8.78850554893882,8.65131561018114,8.579373981581904,8.5074304511291,8.435485018804993,8.363537684619898,8.29158844858467,8.219654435992329,8.147718521542574,8.075780705213651,8.003840987029408,7.931899366997944,7.8951009521795426,7.858301345964846,7.821500548310583,7.7846985592653,7.747895378808396,7.711096670369308,7.674296770518021,7.637495679261503,7.600693396576023,7.5638899224815965
78,55.15153705667811,54.59679108998386,54.042005296924856,53.487179676890285,52.932314230630155,50.17678902571981,47.42120159531917,44.6655519385435,41.909840055900084,39.15406594721177,36.554694554361696,33.95529980127772,31.355881687856222,28.756440214211068,26.156975380253325,25.004719950108473,23.852454722555652,22.700179697577457,21.547894875146426,20.39560025525896,19.243465382774612,18.091322229973283,16.93917079684412,15.787011083351087,14.634843089570117,13.979107754261518,13.323367477176571,12.667622258223872,12.011872097433056,11.356116994880988,10.70035695044586,10.044591964248024,9.388822036196334,8.733047166304958,8.07726735463993,8.055357589665316,8.033444983239113,8.011529535365378,7.989611246047034,7.967690115297279,7.945766143071667,7.923839329401482,7.901909674285769,7.879977177749275,7.858041839742412,7.8764754290801635,7.894906944746276,7.913336386700007,7.931763754962189,7.950189049619635,7.968612270544664,7.987033417833397,8.00545249137069,8.0238694913154,8.042284417510505,8.05676353242593,8.071240745437334,8.085716056626831,8.100189465956397,8.114660973381113,8.12913057898315,8.143598282721074,8.15806408458116,8.17252798460042,8.1869899826932,8.197810168451209,8.20862916274846,8.21944696568751,8.23026357714959,8.241078997277059,8.25189322592759,8.26270626319691,8.27351810907958,8.284328763494441,8.295138226545928
79,48.774253201694044,47.15580429999853,45.537355398303006,43.9189064966075,42.300457594911975,40.54814271897949,38.795827843047,37.04351296711451,35.29119809118204,33.53888321524955,32.14816701584447,30.7574508164394,29.366734617034318,27.97601841762925,26.585302218224175,25.96435486429431,25.343407510364443,24.722460156434575,24.10151280250471,23.48056544857485,22.849915591238062,22.21926573390128,21.5886158765645,20.95796601922772,20.327316161890938,19.597110415352446,18.866904668813962,18.136698922275468,17.406493175736976,16.67628742919849,15.946081682659997,15.21587593612151,14.485670189583015,13.755464443044527,13.02525869650604,12.777504965439935,12.529751234373839,12.281997503307736,12.034243772241634,11.786490041175531,11.538736310109435,11.290982579043332,11.04322884797723,10.79547511691113,10.547721385845028,10.201890517826198,9.856059649807372,9.510228781788545,9.164397913769712,8.818567045750884,8.472736177732056,8.126905309713226,7.781074441694398,7.435243573675569,7.08941270565674,7.025426154483482,6.961439603310227,6.897453052136969,6.833466500963712,6.769479949790455,6.7054933986171985,6.6415068474439405,6.577520296270684,6.513533745097425,6.44954719392417,6.258806200542114,6.0680652071600605,5.877324213778004,5.68658322039595,5.4958422270138945,5.30510123363184,5.114360240249784,4.923619246867729,4.732878253485675,4.54213726010362
80,55.93968950091246,55.709681040405044,55.4796327492045,55.24954462732324,55.019416674752634,53.359722915882074,51.699978449485435,50.040183275553865,48.380337394099804,46.72044080511084,43.70930628433138,40.69813684820724,37.68693249671616,34.675693229859384,31.664419047677697,30.00657709522912,28.34872534535284,26.69086379805264,25.032992453307504,23.37511131113466,22.05865480781008,20.742190024161037,19.425716960185067,18.10923561589702,16.792745991282036,15.721794112969539,14.650837292848761,13.579875530912322,12.5089088271392,11.437937181570199,10.451534627097141,9.465127130803399,8.47871469271378,7.4922973127801,6.505874991038141,5.69195144653706,4.8780250605886,4.0640958331904,3.25016376434482,2.4362288540371,2.16249151224702,1.888751329014579,1.6150083043359997,1.3412624381940392,1.0675137306183402,1.1028635469898795,1.1382112896885797,1.1735569587008,1.2089005540277804,1.2442420756918395,1.2743434775506597,1.304442805726781,1.3345400602176603,1.3646352410504592,1.3947283481931805,1.41948215950098,1.4442340689607198,1.4689840765513809,1.4937321822717198,1.5184783861440012,1.5388851939472006,1.5592900999011008,1.57969310398592,1.6000942062016592,1.6204934065693395,1.636945324280141,1.6533960505864804,1.6698455854783198,1.6862939289568994,1.70274108103716,1.715710653796779,1.7286790351418997,1.7416462250825595,1.7546122236087198,1.7675770307130003
81,35.69924738998014,33.05164184255288,30.40403104289424,27.75641499091811,25.108793686317853,24.0622084606498,23.01561544034463,21.969014625822656,20.92240601666909,19.87578961302902,19.19169229079513,18.507586344942922,17.823471775371406,17.139348582239258,16.455216765426634,15.90354713449086,15.351868463018796,14.800180750904245,14.248483998443616,13.69677820549511,13.327636569157395,12.95848669503636,12.589328583096183,12.220162233444292,11.850987646025255,11.676479407655064,11.501964710912194,11.327443556004447,11.152915942705016,10.978381871217683,10.804922331313344,10.631458276816298,10.45798970804021,10.28451662488537,10.111039027311286,9.8696770642121,9.62831258473453,9.386945588846263,9.145576076643097,8.90420404804415,8.662897737894033,8.421589557787165,8.18027950768428,7.938967587815752,7.697653797701125,7.679598873000837,7.66154148054269,7.643481621047525,7.6254192937399985,7.60735449947693,7.5892510574437235,7.571144821418817,7.553035790913677,7.534923965838631,7.516809346789485,7.532318167912476,7.547824536909336,7.563328454126646,7.578829918906126,7.594328931485785,7.609926784470157,7.625523200336156,7.641118179487007,7.656711722201589,7.672303827916719,7.656006673302402,7.639709413952527,7.623412050900871,7.607114583361466,7.590817011364129,7.574701269145234,7.558587157617689,7.542474676194553,7.526363825691615,7.510254605602053
82,51.19463363621621,50.0920249641999,48.98938084007664,47.88670126406027,46.78398623575,43.26701393301579,39.749982977188566,36.23289336822899,32.715745106206455,29.19853819102523,27.465517359992784,25.73247998318785,23.9994260605256,22.26635559206768,20.53326857781989,19.76236030239144,18.991431886113816,18.220483328971262,17.449514631023156,16.67852579224481,16.037860522792258,15.397174884958176,14.756468878714928,14.115742504113436,13.474995761132915,12.909720157049223,12.34443115266973,11.779128747994058,11.213812943070984,10.64848373781654,10.083614582590911,9.518736833673751,8.95385049102149,8.388955554703806,7.8240520246372345,7.349763590310995,6.875470435279235,6.4011725596159454,5.926869963217965,5.452562646195838,4.978364050220356,4.504161707663991,4.029955618597009,3.5557457829523695,3.08153220081412,2.6680276071406404,2.25451707676046,1.8410006096319496,1.4274782057037991,1.0139498650991892,0.600271615310169,0.1865866291578,-0.22710509345149035,-0.6408035523961103,-1.0545087478030504,-1.4058910501738802,-1.7572785174685501,-2.1086711496772215,-2.460068946826031,-2.811471908859881,-3.16255394242489,-3.5136387954667305,-3.864726468057389,-4.215816960147471,-4.566910271809781,-4.743708053977231,-4.920506416227691,-5.097305358620761,-5.2741048810643125,-5.45090498364956,-5.627415625029242,-5.8039240403012595,-5.98043022947639,-6.1569341924700005,-6.33343592938377
83,44.24904345821654,42.59884423273625,40.94855847140388,39.29818617429513,37.647727341226016,35.99479334609348,34.34184713975387,32.68888872234392,31.035918093795093,29.382935254129812,28.18267331083708,26.98239958167564,25.78211406664618,24.58181676574804,23.38150767900612,22.545982603045072,21.710447729676048,20.87490305888165,20.039348590634425,19.20378432493076,18.43769305149501,17.671593497767486,16.905485663686918,16.139369549267688,15.373245154560516,15.028950571882518,14.684651047453372,14.340346581156473,13.996037173021456,13.651722823125189,13.385740590145861,13.119753415403824,12.853761298807937,12.587764240372358,12.32176224016313,12.155720603260415,11.989676124906113,11.823628805104276,11.657578643857835,11.491525641179981,11.325469797026265,11.159411111427984,10.993349584384168,10.827285215919575,10.661218005984612,10.541324932095865,10.421429784560676,10.301532563287909,10.181633268348786,10.061731899779732,9.941828457503464,9.821922941565695,9.70201535190169,9.582105688619901,9.462193951613704,9.36462918388313,9.267062514273736,9.169493942817233,9.071923469500797,8.974351094304714,8.87677681726075,8.779200638377874,8.68162255759196,8.584042574965219,8.4864606904372,8.442995241835009,8.399528601772062,8.356060770350908,8.31259174745279,8.269121533220058,8.225650127510391,8.18217753041951,8.13870374194198,8.095228761996639,8.05175259068793
84,50.147369098308054,49.59812964182698,49.048890185345904,48.49965072886483,47.950411272383754,43.92526284242408,39.90011441246439,35.87496598250471,31.849817552545037,27.824669122585366,26.607249910430504,25.38983069827564,24.172411486120772,22.95499227396592,21.73757306181106,20.8655305684859,19.99348807516074,19.121445581835584,18.24940308851042,17.37736059518526,16.561684334702832,15.746008074220404,14.930331813737975,14.11465555325555,13.298979292773119,12.62357021555078,11.948161138328441,11.2727520611061,10.597342983883758,9.921933906661419,9.470645755326489,9.019357603991555,8.568069452656625,8.116781301321693,7.66549314998676,7.322357865722559,6.97922258145836,6.636087297194161,6.29295201292996,5.94981672866576,5.569309236281484,5.188801743897208,4.808294251512931,4.427786759128656,4.04727926674438,4.04363693641052,4.03999460607666,4.0363522757428,4.03270994540894,4.029067615075081,4.028217098507484,4.027366581939888,4.0265160653722925,4.025665548804696,4.0248150322370995,4.009043220532821,3.9932714088285404,3.97749959712426,3.9617277854199804,3.9459559737157,3.9344403811346402,3.9229247885535807,3.911409195972519,3.89989360339146,3.8883780108104,3.870710293890792,3.8530425769711845,3.835374860051576,3.8177071431319685,3.80003942621236,3.783346277145984,3.766653128079608,3.749959979013232,3.733266829946856,3.71657368088048
85,53.93820530969772,53.970901771267485,54.00359331303999,54.03627993501303,54.068961637207174,52.004438996878115,49.93990884551226,47.8753711831306,45.81082600971218,43.74627332529036,42.13699861727974,40.52771504753907,38.91842261604892,37.309121322790915,35.69981116778564,34.276793684913855,32.853767587162714,31.43073287456185,30.007689547077852,28.58463760473772,27.25094801951681,25.917250233180543,24.58354424570192,23.249830057118743,21.9161076674116,20.926198102970563,19.93628205610439,18.946359526794264,17.9564305150968,16.96649502094079,16.151702194263198,15.336904833744658,14.522102939326341,13.70729651107571,12.89248554892529,12.30137353812175,11.710258968279671,11.11914183945305,10.528022151591673,9.936899904733353,9.345845633761472,8.754789475618715,8.163731430350895,7.572671497915976,6.981609678343596,6.336585401188488,5.691558624150601,5.046529347226153,4.401497570431325,3.756463293749938,3.11139179551847,2.466317485716782,1.821240364395095,1.1761604315512066,0.531077687137099,0.10308698494940283,-0.3249061680477934,-0.7529017718976704,-1.1808998265548472,-1.6089003320377024,-2.03680199690636,-2.4647050972169757,-2.8926096329965523,-3.320515604232688,-3.7484230109253858,-4.0071413097961885,-4.265859682186831,-4.524578128084914,-4.7832966474818175,-5.042015240398557,-5.300553193841043,-5.5590894975074265,-5.817624151397708,-6.076157155490868,-6.3346885098079335
86,56.87087034108112,56.79059161081436,56.710277428440584,56.62992779417376,56.549542707613,51.6983899428775,46.84717826710698,41.99590768025979,37.14457818240766,32.293189773459865,30.136632850524183,27.980059295270216,25.82346910762049,23.666862287619274,21.510238835269988,19.46601922382001,17.421779713690135,15.377520304800226,13.333240997271655,11.288941791049929,10.639605219309336,9.990248370690875,9.340871245164246,8.691473842790415,8.042056163543576,7.560402837265203,7.0787361193482905,6.597056009762637,6.115362508586845,5.633655615736942,5.726657983290551,5.8196517585042296,5.912636941297208,6.005613531751567,6.098581529796235,6.134948934113575,6.171311618618195,6.207669583346886,6.244022828221287,6.280371353351937,6.3175457366167755,6.35471638892225,6.39188331031147,6.429046500712369,6.46620596022642,6.5268570593245805,6.5875022267210195,6.64814146236673,6.70877476623254,6.769402138412109,6.799195887689069,6.828982973657818,6.85876339624693,6.888537155563231,6.918304251499509,6.957453983296739,6.99659855986247,7.035737981201519,7.0748722472803705,7.114001358159141,7.1331402534126696,7.152276351390069,7.17140965199455,7.190540155292931,7.209667861207381,7.21943114039463,7.22919381401627,7.23895588203012,7.24871734454071,7.25847820144678,7.247345331792579,7.236214670205761,7.225086216668171,7.2139599712744795,7.202835933927729
87,52.85856163571896,52.82173424145827,52.784901927400334,52.748064693542936,52.71122253990665,50.689018840636685,48.66680763032994,46.6445889090074,44.622362676648066,42.60012893328536,41.15278873517454,39.70543967533368,38.25808175374336,36.81071497038516,35.36333932527969,34.065641854155785,32.76793576815252,31.47022106729954,30.172497751563416,28.874765820971152,27.591846067863944,26.30891811364137,25.02598195827644,23.743037601806968,22.460085044213514,21.438074163659184,20.416056800679716,19.39403295525629,18.372002627445543,17.349965817176233,16.531115378337784,15.712260405658396,14.893400899079225,14.074536858667736,13.255668284356469,12.673198332732573,12.090725822070143,11.50825075242317,10.925773123741436,10.343292936062765,9.760880724270535,9.178466625307424,8.596050639219252,8.013632765963978,7.431213005571247,6.75554432610629,6.079873146758554,5.404199467524258,4.728523288419582,4.052844609428345,3.377128708887028,2.701409996775492,2.0256884731439544,1.3499641379902185,0.6742369912662621,0.25333462077224017,-0.16757020053128088,-0.5884774726874825,-1.0093871956509832,-1.4302993694401651,-1.851112702615147,-2.2719274712320887,-2.69274367531799,-3.113561314860452,-3.5343803898594737,-3.799295336509998,-4.064210356680366,-4.329125450358175,-4.594040617534799,-4.858955858231266,-5.12369045945347,-5.388423410899578,-5.653154712569585,-5.91788436444247,-6.182612366539257
88,42.225165405340626,40.37295607043978,38.52074182646767,36.66852267339951,34.81629861122446,33.879511348552654,32.94271687966305,32.005915204547456,31.06910632319947,30.1322902356401,29.356883428247233,28.58146822993773,27.806044640706745,27.0306126605629,26.25517228949757,25.58803926816304,24.920897279848948,24.253746324587134,23.586586402383585,22.91941751322149,22.30436829049551,21.68931115045077,21.074246093128863,20.459173118484422,19.844092226554203,19.52519507128631,19.20629153709828,18.88738162399608,18.56846533196777,18.24954266099829,17.963364034980998,17.67718069040797,17.390992627288952,17.104799845676826,16.818602345491712,16.439150581433104,16.05969608293796,15.680238850035469,15.30077888267542,14.921316180908034,14.541920753193287,14.16252344023986,13.78312424207317,13.403723158646784,13.024320190019536,12.752633149842815,12.48094358580172,12.209251497904855,11.93755688615602,11.66585975056382,11.394125016572339,11.122387458367042,10.850647075902543,10.578903869232843,10.307157838307726,10.177074845153086,10.04698939945075,9.91690150123853,9.786811150478615,9.656718347196415,9.526722128829416,9.396724475070059,9.266725385889142,9.136724861313663,9.006722901345826,8.907852259661576,8.80898154671429,8.710110762530963,8.611239907078614,8.512368980363227,8.4136769890505,8.314986663495272,8.216298003701942,8.117611009674736,8.018925681421829
89,53.02994052082163,51.436764789076726,49.843589057331805,48.25041332558689,46.65723759384197,44.61641792890168,42.5755982639614,40.53477859902111,38.49395893408082,36.45313926914054,34.32367234708027,32.194205425019994,30.06473850295972,27.935271580899443,25.805804658839175,24.47703571140551,23.14826676397185,21.819497816538178,20.49072886910451,19.161959921670846,18.910665463956864,18.659371006242882,18.4080765485289,18.156782090814918,17.905487633100936,17.61260478641195,17.319721939722957,17.026839093033967,16.733956246344977,16.441073399655988,16.148190552966998,15.855307706278008,15.56242485958902,15.269542012900029,14.976659166211041,14.269807557950438,13.562955949689838,12.856104341429237,12.149252733168636,11.442401124908034,10.735549516647433,10.028697908386832,9.321846300126232,8.614994691865629,7.90814308360503,7.559556670903201,7.210970258201373,6.862383845499544,6.5137974327977135,6.165211020095885,5.816624607394057,5.468038194692227,5.119451781990398,4.770865369288568,4.42227895658674,4.206323063763484,3.990367170940226,3.7744112781169687,3.558455385293713,3.342499492470456,3.126543599647197,2.9105877068239407,2.694631814000684,2.4786759211774263,2.26272002835417,2.127431035443114,1.9921420425320604,1.8568530496210038,1.72156405670995,1.5862750637988945,1.4509860708878406,1.3156970779767843,1.1804080850657297,1.045119092154675,0.9098300992436197
90,45.792822131267485,45.57752731271882,45.362192667377215,45.146818195793344,44.9314038976282,44.15975312650137,43.38804487928503,42.61627915587125,41.844455956156125,41.072575280067525,39.98166576694548,38.89072814330493,37.7997624101557,36.70876856640511,35.617746612878264,34.42702489837395,33.236293386757126,32.04555207724389,30.85480097075981,29.66404006637753,28.46543338135579,27.266818415865803,26.06819516996696,24.869563643860864,23.670923837514128,22.59527433798737,21.519619896637032,20.443960513400025,19.368296188450046,18.292626921659203,17.39251632112224,16.49240077885051,15.5922802945434,14.69215486855513,13.79202450078068,13.27562270041416,12.759218058574369,12.24281057535333,11.72640025065002,11.20998708453887,10.70508879340573,10.20018766079104,9.6952836868311,9.19037687135379,8.68546721449673,8.64281587426361,8.60016246049594,8.55750697300439,8.514849411864999,8.47218977697479,8.42806027244326,8.38392869419743,8.33979504235806,8.29565931665451,8.25152151736757,8.18085660575776,8.11018979229469,8.039521077141831,7.9688504599445595,7.89817794091293,7.8273531419438696,7.75652644111612,7.685697838574681,7.6148673339934705,7.54403492758889,7.34791124536594,7.15178637159664,6.955660306463231,6.7595330498620605,6.56340460186668,6.365985893564081,6.1685659936642905,5.97114490233863,5.77372261981028,5.576299145648241
91,54.98840253510061,53.41420110437016,51.83992205329654,50.26556538186657,48.69113109006624,47.20944257254435,45.72772516011024,44.24597885247622,42.76420364998396,41.2823995525806,40.23329630502519,39.184164867883325,38.135005241067944,37.0858174245668,36.03660141843189,35.13142977815361,34.22625165450449,33.32106704744611,32.41587595702139,31.51067838317473,30.49696076767656,29.48323675344714,28.46950634050445,27.455769528896433,26.442026318568935,25.2357306498601,24.029432301581863,22.823131273763018,21.616827566376,20.410521179496786,19.421615257087726,18.43270667810081,17.443795442575635,16.454881550513786,15.465965001891602,14.66736646793034,13.868766529263619,13.07016518582274,12.27156243763994,11.47295828466371,10.67435272696405,9.87574576449002,9.07713739724549,8.278527625299908,7.47991644853428,6.852916928767761,6.22591597933579,5.5989136004464,4.97190979196223,4.34490455389063,3.7178978862886702,3.0908897890895517,2.463880262367601,1.8368693060713108,1.209856920171151,0.7185073699357695,0.2271571349803706,-0.26419378466300825,-0.7555453890042195,-1.2468976780681484,-1.738250651801371,-2.229604310229592,-2.7209586534364196,-3.2123136812704605,-3.703669393797721,-4.0113999211669995,-4.319130406678011,-4.62686085036922,-4.93459125222336,-5.242321612275188,-5.550051930493151,-5.857782206868841,-6.16551244144131,-6.473242634171111,-6.780972785024837
92,54.983064407612574,54.37175846035168,53.76042695026408,53.14906987680718,52.53768723997799,51.53613621136356,50.534564243048585,49.532971334910286,48.531357487102994,47.52972269933812,46.537383504647124,45.54502210098176,44.55263848822393,43.56023266651744,42.56780463584978,41.766823474540146,40.96583455285799,40.16483787063706,39.363833428063785,38.56282122484119,37.740991226401775,36.91915658843446,36.09731731067025,35.275473393507596,34.45362483655016,32.91830161756645,31.382975416444232,29.847646233218946,28.312314067924845,26.776978920754225,25.239495548057633,23.7020092789461,22.164520113257307,20.627028051165013,19.08953309273972,18.317628892631006,17.545722941226366,16.773815238833652,16.00190578506803,15.229994580073237,14.458081624009965,13.68616691666476,12.914250458174708,12.142332248457723,11.370412287554588,10.797352967407788,10.224292499107664,9.651230882602958,9.078168118097734,8.50510420553585,7.9320391449656364,7.358972936026252,6.7859055792136065,6.212837074363844,5.639767421380101,5.20343555116484,4.7671026639001814,4.330768759681339,3.8944338384286596,3.4580979002264187,3.02176094502986,2.5854229728561204,2.1490839836709608,1.7127439774258206,1.27640295426228,1.2265386085276404,1.1766737296508198,1.1268083176438597,1.0769423726383802,1.0270758946131302,0.977208883675782,0.9273413394662746,0.8774732621789262,0.8276046519629705,0.777735508586722
93,53.93820530969772,53.970901771267485,54.00359331303999,54.03627993501303,54.068961637207174,51.71950645160753,49.370043670055885,47.02057329257325,44.671095319163435,42.321609749810214,40.57083863882716,38.820058750558076,37.0692700849835,35.318472642097476,33.56766642192056,32.076810019118625,30.58594498317213,29.09507131409832,27.60418901187616,26.11329807653266,24.87348707157888,23.63366778035894,22.393840202845844,21.1540043390774,19.914160189021782,18.99738451979766,18.0806023781552,17.163813764112767,16.247018677677428,15.330217118827525,14.539053046175084,13.747884497788103,12.956711473620146,12.165533973726264,11.374351998063805,10.74522517260804,10.116095823887733,9.486963951932085,8.857829556690879,8.228692638214332,7.599619165457825,6.970543790774438,6.341466514172792,5.712387335648045,5.083306255217438,4.484149663945512,3.884990587571606,3.28582902609194,2.686664979485494,2.0874984477856877,1.488293300726201,0.8890853420964961,0.2898745719467893,-0.30933900972511796,-0.9085554029672428,-1.338278498659616,-1.768004045161488,-2.197732042516041,-2.627462490677894,-3.0571953896654263,-3.486829657449958,-3.916465362772051,-4.346102505646307,-4.775741086072717,-5.2053811040264915,-5.433380321755525,-5.6613796259623985,-5.889379016622312,-6.117378493751448,-6.345378057346024,-6.573195128633536,-6.801010545383352,-7.028824307607865,-7.256636415298461,-7.484446868451354
94,57.094305442445034,56.94265964737321,56.791008932504134,56.639353297835605,56.48769274338818,53.75738418102275,51.02706802270533,48.29674426847153,45.566412918295924,42.836073972191535,40.8965038812243,38.95692501295641,37.017337367397644,35.07774094452743,33.13813574436632,31.60873024195604,30.079316106401187,28.54989333773362,27.02046193590312,25.491021900936662,24.320157630754007,23.149285074290603,21.978404231563218,20.8075151025513,19.636617687252205,18.679307612685264,17.72199106571458,16.764668046343935,15.807338554551176,14.850002590373052,14.065578389791636,13.281149713461081,12.496716561349544,11.712278933512088,10.927836829920654,10.24315216718455,9.558464981183905,8.873775271947922,8.189083039440977,7.504388283669493,6.8197483695606484,6.135106553524926,5.450462835570942,4.765817215679257,4.081169693896314,3.5133593994717285,2.945546619945163,2.3777313553128385,1.809913605553732,1.2420933707012665,0.6742364393817211,0.10637669650655668,-0.4614858579032104,-1.029351223820575,-1.59721940130816,-2.021934568539369,-2.446652186580077,-2.8713722554442667,-3.2960947751449563,-3.7208197456713235,-4.145446688485691,-4.570075068866822,-4.9947048868001085,-5.419336142270958,-5.843968835283769,-6.045724815516794,-6.24748088222766,-6.449237035391564,-6.650993275024694,-6.852749601123258,-7.054323434914767,-7.255895614168571,-7.45746613889708,-7.659035009091664,-7.860602224748553
95,54.51927697853945,53.976074580209,53.43283672977156,52.88956342744105,52.34625467281661,50.04285964339866,47.73940834247587,45.43590076996394,43.13233692599003,40.82871681044559,38.66573996320892,36.502745103918215,34.339732232496004,32.1767013490342,30.01365245347077,28.773433128651696,27.533193347974642,26.29293311138427,25.05265241897213,23.81235127068877,22.571939468782595,21.331506810023498,20.091053294439245,18.850578922023,17.610083692806313,16.85222766929446,16.094358145034807,15.336475120034756,14.578578594380286,13.820668567975025,13.06322749360387,12.30577781558695,11.548319533870647,10.790852648507524,10.033377159456037,9.813771372870097,9.594160865070236,9.374545636093245,9.154925685885566,8.935301014508136,8.715786586208216,8.49626842503933,8.27674653108179,8.05722090425113,7.83769154463642,7.85174347902932,7.8657894826501,7.879829555524949,7.893863697561899,7.90789190889261,7.921777558094911,7.9356565440142,7.94952886652865,7.963394525795489,7.9772535216571105,7.998323170170159,8.01938766342651,8.040447001481379,8.06150118427605,8.08255021184544,8.103921468717429,8.12528992828809,8.14665559051103,8.16801845542787,8.18937852293558,8.21930029212905,8.24922145575691,8.27914201377698,8.30906196629379,8.338981313206078,8.36919103067822,8.39940295621774,8.42961708980649,8.459833431539138,8.490051981318729
96,58.10438045038466,58.09035554352976,58.07629080590415,58.06218623760671,58.048041838638234,55.62245962862775,53.19682671064128,50.7711430854245,48.345408752567835,45.919623712053934,43.72369907406581,41.527739520794,39.331745052036155,37.135715668003606,34.93965136857963,32.93676187325512,30.9338625805235,28.930953490372573,26.92803460271579,24.92510591765602,23.41372260697981,21.90233101598296,20.39093114467995,18.87952299304188,17.36810656107419,16.162549084944498,14.95698666702954,13.75141930724462,12.54584700567732,11.340269762319949,10.43279647825408,9.525318252452218,8.61783508484859,7.710346975359901,6.80285392410103,6.26317016284508,5.72348356008465,5.1837941159149805,4.64410183029793,4.104406703249171,3.5647087346832707,3.02500792471461,2.48530427325031,1.945597780403632,1.4058884460597,1.0939026610876796,0.78191480242902,0.469924870091971,0.15793286407538978,-0.15406121562561897,-0.4660573689903602,-0.778055596051601,-1.09005589680729,-1.4020582712334495,-1.7140627192983988,-1.90993853693894,-2.1058162563929397,-2.3016958777108196,-2.497577400915221,-2.6934608259514796,-2.88934615285842,-3.0852333816369697,-3.2811225122894903,-3.4770135447984902,-3.672906479139351,-3.79714519347428,-3.921385099319979,-4.0456261965319715,-4.169868485197719,-4.294111965125791,-4.4183566366182125,-4.5426024994753185,-4.666849553720891,-4.791097799446768,-4.91534723654632
97,45.74824729875394,44.724228433988564,43.70016979998552,42.67607139647368,41.65193322351824,40.16361416082023,38.67524536094351,37.186826824089415,35.69835855008717,34.20984053898325,33.16482090325222,32.119782791720176,31.07472620434418,30.02965114115873,28.984557602174668,28.21158347778782,27.438589562707094,26.665575856896965,25.89254236044396,25.119489073296226,24.39430948729993,23.66910870709596,22.943886732659003,22.218643564037652,21.493379201225874,20.867104841766462,20.24081665001565,19.614514625928482,18.98819876958354,18.36186908089186,17.857658938015994,17.353439944596733,16.84921210055567,16.344975405972527,15.840729860778595,15.528828510312515,15.216922399953138,14.905011529789206,14.593095899734987,14.281175509863816,13.969367852610656,13.65755645095211,13.34574130491889,13.033922414466089,12.72209977966802,12.550085747200422,12.3780657797575,12.20603987730265,12.0340080397819,11.86197026731371,11.68979032428471,11.517603717860702,11.345410447970252,11.17321051473259,11.001003918015709,10.848038685376459,10.69506829924171,10.54209275965348,10.389112066553448,10.23612622002654,10.08346242783783,9.930795838372989,9.77812645153523,9.62545426739137,9.47277928586358,9.326399633546952,9.18001937566471,9.033638512174681,8.88725704318139,8.740874968583581,8.59478326454562,8.44869376857504,8.30260648065369,8.15652140087624,8.01043852914573
98,55.5378497801122,55.0524501450434,54.5658474459546,54.0780416830058,53.589032856237004,51.6801275962656,49.7693438883942,47.856681732522794,45.94214112865141,44.02572207678,42.522035386797064,41.01629449681412,39.50849940783118,37.998650119848236,36.4867466318653,35.22067712388624,33.95290080990718,32.68341769092812,31.412227764949066,30.13933103297,29.41904432913952,28.69785300330904,27.97575705747856,27.25275648964808,26.5288513008176,25.8188587284807,25.107886601143804,24.395934918806898,23.683003681469998,22.969092889133098,22.2542025417962,21.5383326384593,20.8214831811224,20.1036541677855,19.3848455994486,18.6516902784765,17.9174834125044,17.1822250015323,16.4459150455602,15.7085535455881,14.970140499615997,14.230675909643898,13.490159774671799,12.7485920946997,12.0059728697276,11.34801363858804,10.68919975044848,10.02953120430892,9.36900800116936,8.7076301410298,8.04539762389024,7.38231044975068,6.718368617611119,6.053572129471559,5.387920983332,4.8020803021163,4.216239621900599,3.6303989406849,3.0445582594692007,2.4587175792535003,1.872876898037799,1.2870362178221006,0.7011955366063993,0.11535485639069865,-0.47048582482499923,-0.9498504526335798,-1.4292150804421582,-1.908579707250738,-2.387944335059321,-2.867308962867898,-3.34667359067648,-3.826038218485058,-4.30540284529364,-4.78476747310222,-5.264132100910801
99,30.758818707654452,29.502573924542904,28.24632914143136,26.99008435831981,25.73383957520826,24.87204870698618,24.0102578387641,23.148466970542017,22.28667610231994,21.42488523409786,20.90477404571012,20.384662857322365,19.864551668934613,19.34444048054687,18.82432929215912,18.15485159198265,17.485373891806177,16.815896191629705,16.14641849145323,15.476940791276762,14.902469033408032,14.327997275539305,13.753525517670576,13.179053759801848,12.604582001933121,12.129987024020062,11.655392046107,11.180797068193941,10.70620209028088,10.231607112367819,9.739691181854903,9.24777525134199,8.755859320829071,8.263943390316157,7.7720274598032395,7.396694958510783,7.021362457218327,6.646029955925872,6.2706974546334155,5.89536495334096,5.513747643641285,5.132130333941608,4.750513024241932,4.368895714542257,3.9872784048425802,4.02464185381248,4.06200530278238,4.099368751752279,4.1367322007221805,4.17409564969208,4.153868558465284,4.133641467238487,4.113414376011693,4.093187284784896,4.0729601935581,4.0498442787758195,4.02672836399354,4.003612449211261,3.9804965344289807,3.9573806196467,3.9314464409562406,3.90551226226578,3.87957808357532,3.8536439048848603,3.8277097261944,3.8110430406653912,3.794376355136384,3.777709669607376,3.7610429840783683,3.74437629854936,3.723285101183185,3.702193903817008,3.681102706450832,3.660011509084656,3.63892031171848
100,49.90581892106493,49.67440765268825,49.44295661495002,49.21146580784368,48.97993523133619,45.36004039290969,41.74009243435495,38.12009135578221,34.50003715709959,30.879929838307888,29.946020546974452,29.01209494374547,28.078153028567826,27.144194801479692,26.21022026240604,25.09969646956808,23.98915253620955,22.878588462369844,21.768004248021587,20.65739989317318,19.597811807096548,18.53820335263,17.478574529771983,16.418925338523337,15.359255778869903,14.751273443957523,14.143277707382905,13.535268569124701,12.92724602922136,12.319210087642759,11.712554615397833,11.105890549937675,10.499217891243644,9.89253663936623,9.285846794260697,9.165088251369927,9.04432498869855,8.923557006221944,8.802784303921879,8.682006881840053,8.561559909601888,8.441109206439656,8.320654772321513,8.20019660725947,8.079734711268436,8.015159600002479,7.950578556980591,7.885991582232492,7.8213986757393235,7.756799837521486,7.692177148570856,7.627547796310678,7.5629117806914685,7.498269101769418,7.433619759480179,7.3875537191000635,7.341482523467539,7.295406172632512,7.249324666572717,7.20323800526017,7.157420407835068,7.1116000130580135,7.065776820945251,7.019950831512847,6.974122044705264,6.942558564490081,6.910994478706267,6.879429787332984,6.84786449043118,6.816298587959055,6.785050748747468,6.7538051176278415,6.722561694579683,6.691320479607964,6.6600814727338165
101,43.07690332953654,41.319825094276254,39.56266032316388,37.80540901627513,36.048071173426024,34.51325245863348,32.97842153263387,31.44357839556392,29.908723047355092,28.37385548802981,27.288310288957085,26.20275330401564,25.117184533206185,24.03160397652804,22.946011634006123,22.183466211025067,21.42091099063605,20.65834597282165,19.895771157554424,19.13318654483076,18.42240387493501,17.71161292474748,17.000813694206922,16.290006183327687,15.579190392160516,15.28502219896252,14.990849064013371,14.696670987196471,14.402487968541454,14.10830000812519,13.87155584478586,13.634806739683823,13.398052692727935,13.16129370393236,12.92452977336313,12.737447579350416,12.550362543886113,12.363274666974275,12.176183948617837,11.989090388829982,11.801993987566266,11.614894744857981,11.427792660704169,11.240687735129574,11.053579968084613,10.918496337725864,10.783410633720676,10.648322855977908,10.513233004568791,10.378141079529735,10.243047080783464,10.107951008375696,9.97285286224169,9.837752642489901,9.702650349013703,9.61818068081313,9.533709110733737,9.449235638807231,9.364760265020795,9.280282989354712,9.195803811840749,9.111322732487874,9.026839751231961,8.94235486813522,8.8578680831372,8.82291390097501,8.78795852735206,8.75300196237091,8.718044205912792,8.68308525812006,8.64812511885039,8.613163788199511,8.57820126616198,8.54323755265664,8.50827264778793
102,52.86454514341944,52.820915692497856,52.77724474427949,52.733532298766555,52.68977835594223,50.96308088601994,49.23637594967346,47.509663546857425,45.782943677590204,44.05621634189504,42.81311961574474,41.570008651949344,40.32688345051482,39.08374401141198,37.84059033465543,36.56492061958109,35.28923556955936,34.01353518460703,32.73781946471591,31.462088409894204,30.172237217406725,28.88238034130941,27.592517781531015,26.302649538117986,25.01277561106327,23.92362838711235,22.834476636966905,21.74532036059511,20.656159558014192,19.56699422922793,18.670763830932273,17.774531141966452,16.878296162334692,15.982058892045174,15.085819331068691,14.475531696270851,13.865242231255829,13.254950936027848,12.644657810580481,12.03436285494558,11.424125479019601,10.813886614678657,10.203646261908155,9.59340442071671,8.983161091083309,8.289603243255629,7.5960441639474094,6.902483853160229,6.20892231091089,5.515359537184788,4.8218303382085885,4.1283001001416295,3.4347688229715083,2.7412365067230287,2.0477031513924087,1.5885671967447672,1.1294303463729671,0.6702926002814065,0.21115395848028531,-0.2479855790611759,-0.7071993460264355,-1.166414253270236,-1.6256303008098167,-2.084847488654937,-2.5440658167726182,-2.786690917612062,-3.0293165515230647,-3.2719427185304295,-3.514569418634153,-3.7571966518008164,-3.9998244180379774,-4.242452717362882,-4.485081549750728,-4.7277109152435495,-4.970340813832734
103,50.10912454557143,48.77464838277189,47.440172219972354,46.105696057172814,44.77121989437328,41.704635440781345,38.638050987189416,35.57146653359749,32.50488208000556,29.438297626413615,28.331436741081202,27.22457585574877,26.117714970416344,25.010854085083924,23.903993199751497,23.18527885185424,22.46656450395698,21.747850156059723,21.02913580816246,20.3104214602652,19.615869119370892,18.92131677847659,18.22676443758229,17.532212096687985,16.83765975579368,16.219906642294294,15.602153528794904,14.984400415295516,14.366647301796128,13.74889418829674,13.22823556334753,12.707576938398324,12.186918313449116,11.666259688499908,11.1456010635507,10.660390550908627,10.175180038266555,9.689969525624484,9.20475901298241,8.71954850034034,8.255224641651427,7.790900782962516,7.326576924273604,6.862253065584692,6.39792920689578,5.931647006268641,5.4653648056415,4.99908260501436,4.53280040438722,4.06651820376008,4.042710870830964,4.018903537901847,3.995096204972732,3.971288872043616,3.947481539114501,3.9387988679005397,3.930116196686581,3.9214335254726205,3.9127508542586606,3.904068183044699,3.8875732952262405,3.8710784074077793,3.8545835195893208,3.838088631770861,3.821593743952401,3.8044040165865125,3.787214289220624,3.770024561854736,3.7528348344888482,3.7356451071229597,3.750175529889864,3.7647059526567688,3.7792363754236713,3.793766798190576,3.80829722095748
104,45.227186986742836,44.491070539816874,43.75491432348338,43.018718337747764,42.282482582623686,41.14485409260197,40.00717586546255,38.86944790127257,37.731670199959055,36.593842761583254,35.52448533665222,34.45510943592018,33.385715059344186,32.31630220695874,31.24687087877467,30.41123093620782,29.575571202947096,28.739891678956965,27.90419236432396,27.06847325899622,26.340769795959933,25.613045138715957,24.88529928723901,24.15753224157766,23.429744001725883,22.716736436726464,22.00371503943565,21.29067980980848,20.577630747923546,19.86456785369186,19.28993888215599,18.715301060076726,18.14065438737567,17.565998864132524,16.991334490278593,16.516486807322515,16.041634364473136,15.566777161819205,15.091915199274988,14.617048476913817,14.142294487170657,13.66753675302211,13.19277527449889,12.71801005155609,12.24324108426802,11.88044316885042,11.517639318457501,11.154829533052647,10.7920138125819,10.42919215716371,10.066228331184709,9.7032578418107,9.34028068897025,8.97729687278259,8.61430639311571,8.54465158791646,8.474991629221709,8.40532651707348,8.33565625141345,8.265980832326541,8.19662746757783,8.12727130555299,8.057912346155229,7.9885505894513695,7.9191860353635795,7.8727650344469495,7.8263434279647095,7.77992121587468,7.73349839828139,7.687074975083579,7.640941922445619,7.594811077875041,7.54868244135369,7.50255601297624,7.45643179264573
105,51.09329903965863,49.90729091369872,48.72127687424215,47.5352569213013,46.34923105486252,44.934467493643425,43.519695269784016,42.10491438329851,40.690124834160294,39.27532662238857,37.834655014325804,36.39397422855737,34.95328426505281,33.51258512381757,32.071876804864424,30.6247348345486,29.17758401509008,27.73042434652588,26.28325582882417,24.83607846198679,23.999021951017497,23.161956980575408,22.324883550652288,21.4878016612526,20.650711312368287,19.77102687615658,18.891335748968153,18.011637930763808,17.131933421589764,16.252222221405578,15.401540440492296,14.550853996862896,13.700162890477152,12.849467121376533,11.99876668952855,11.140214559969005,10.281659798280842,9.423102404465117,8.564542378513973,7.705979720439231,7.637483542976484,7.568985392077818,7.5004852677344305,7.431983169934105,7.363479098701459,7.349129062297017,7.334776538703916,7.320421527933134,7.306064029961292,7.2917040448167905,7.317628499256283,7.343550142739255,7.369468975272725,7.395384996859898,7.4212982074831695,7.446351876208376,7.471403113625701,7.496451919770166,7.5214982946099544,7.5465422381679,7.576882931511254,7.607222207182689,7.637560065164781,7.667896505482336,7.698231528110549,7.732702440099765,7.767173290211542,7.801644078480417,7.836114804912653,7.8705854694946105,7.922306943470722,7.974030090477516,8.025754910500769,8.077481403572301,8.129209569663715
106,50.10912454557143,48.77464838277189,47.440172219972354,46.105696057172814,44.77121989437328,41.8083756787197,38.84553146306611,35.88268724741253,32.919843031758944,29.956998816105358,28.881256164287,27.80551351246865,26.729770860650294,25.654028208831935,24.57828555701358,23.859629183692704,23.14097281037183,22.422316437050952,21.70366006373008,20.9850036904092,20.31261266144672,19.64022163248423,18.967830603521747,18.295439574559264,17.62304854559678,16.973036384071374,16.323024222545964,15.673012061020557,15.022999899495149,14.372987737969739,13.78005322650053,13.187118715031323,12.594184203562115,12.001249692092909,11.4083151806237,10.975526615061826,10.542738049499956,10.109949483938085,9.677160918376211,9.24437235281434,8.790629230388069,8.336886107961796,7.883142985535524,7.429399863109252,6.975656740682981,6.512558743983001,6.04946074728302,5.58636275058304,5.12326475388306,4.660166757183079,4.124117559578364,3.5880683619736478,3.052019164368932,2.5159699667642164,1.9799207691594995,1.5397412559252557,1.0995617426910116,0.6593822294567679,0.21920271622252482,-0.2209767970117192,-0.58277375593982,-0.9445707148679202,-1.30636767379602,-1.6681646327241193,-2.0299615916522202,-2.4126441817432043,-2.795326771834188,-3.178009361925173,-3.5606919520161564,-3.9433745421071396,-4.2989212317734475,-4.654467921439758,-5.010014611106065,-5.365561300772373,-5.72110799043868
107,50.147369098308054,49.59812964182698,49.048890185345904,48.49965072886483,47.950411272383754,43.69122855570215,39.43204583902054,35.17286312233893,30.913680405657324,26.65449768897572,25.395938166676913,24.13737864437811,22.878819122079307,21.620259599780503,20.3617000774817,19.32973539820616,18.297770718930614,17.265806039655068,16.23384136037952,15.20187668110398,14.379411992896047,13.556947304688116,12.73448261648019,11.912017928272252,11.08955324006432,10.487230045872447,9.884906851680576,9.282583657488704,8.680260463296833,8.077937269104961,7.60911693623848,7.140296603372001,6.671476270505521,6.202655937639038,5.733835604772561,5.36919743338136,5.00455926199016,4.6399210905989605,4.27528291920776,3.9106447478165602,3.4522121972226043,2.9937796466286484,2.535347096034692,2.076914545440736,1.6184819948467806,1.1130188548977245,0.6075557149486681,0.10209257499961179,-0.4033705649494445,-0.9088337048985001,-1.2503451391502638,-1.5918565734020278,-1.9333680076537931,-2.274879441905556,-2.6163908761573196,-2.877988717951768,-3.139586559746216,-3.401184401540664,-3.662782243335113,-3.92438008512956,-4.228409020311312,-4.532437955493062,-4.8364668906748145,-5.1404958258565685,-5.444524761038321,-5.6879213905839645,-5.931318020129607,-6.17471464967525,-6.418111279220897,-6.6615079087665405,-6.957709966775609,-7.253912024784676,-7.550114082793744,-7.846316140802812,-8.14251819881188
108,42.21661699345313,40.802096745033055,39.38754506749245,37.97296196073595,36.55834742496236,35.29040461242722,34.022450487439905,32.75448505007377,31.48650830029937,30.218520238067473,29.35434002311003,28.490148923594464,27.625946939494018,26.76173407080537,25.897510317547866,25.20273342510981,24.50794750959628,23.81315257094392,23.118348609171548,22.423535624306048,21.82410167222824,21.224660117294466,20.625210959461143,20.025754198753518,19.42628983518293,19.004411635629324,18.58252888318312,18.160641577796223,17.738749719584703,17.316853308433146,16.948992587928142,16.581127314517076,16.21325748825403,15.845383109035058,15.477504176987688,15.174733153835435,14.871959511761789,14.569183250777318,14.266404370838687,13.963622871975833,13.66083875418792,13.358052017486651,13.05526266183664,12.75247068723703,12.449676093703,12.226774395934232,12.003870797945924,11.780965299805475,11.55805790145327,11.335148602934886,11.11223740420598,10.88932430532283,10.666409306243692,10.443492406988256,10.220573607548017,10.072423512614284,9.924271678326821,9.776118104672879,9.627962791727464,9.479805739397145,9.33164694777316,9.183486416795393,9.03532414645421,8.88716013680574,8.73899438779126,8.62910981250791,8.51922416295991,8.40933743914322,8.29944964110997,8.1895607688281,8.07967082222692,7.969779801436391,7.859887706383059,7.749994537073159,7.64010029352157
109,31.778875288646816,30.032227894349493,28.285544076002566,26.538823833561413,24.79206716713472,23.95684415198,23.121601933464383,22.28634051168333,21.45105988652081,20.61576005810089,19.887180176697505,19.158584846753495,18.429974068173177,17.701347841063594,16.97270616535063,15.871601764053516,14.770477783188637,13.669334222745649,12.568171082826536,11.46698836334619,10.95829610482232,10.449583609268975,9.940850876622886,9.432097906988036,8.923324700303374,8.877056113265782,8.830774136710449,8.784478770594376,8.738170014946165,8.691847869744642,8.64640551456835,8.60095456705213,8.555495027115208,8.510026894839665,8.464550170179635,8.415649456846895,8.366744024606634,8.317833873533246,8.268919003522766,8.219999414661338,8.171382042389016,8.12276093982693,8.074136107018191,8.025507543890729,7.97687525054602,7.926494042531081,7.8761069150820395,7.825713868249891,7.77531490193764,7.72491001626415,7.674285464462029,7.623654250065879,7.5730163729918685,7.522371833369269,7.471720631056029,7.42764200076294,7.383558200581749,7.33946923056768,7.295375090636809,7.25127578088184,7.20754060556843,7.16380263295369,7.120061862966029,7.07631829569747,7.032571931019779,6.996635656098549,6.96069877561171,6.92476128951708,6.88882319794439,6.852884500741981,6.81724000530582,6.781597717937039,6.745957638617489,6.71031976746704,6.67468410433833
110,53.75807211407995,52.7586040309614,51.75913594784284,50.75966786472427,49.760199781605714,48.57765310157691,47.3951064215481,46.212559741519286,45.03001306149048,43.84746638146167,42.03857450536431,40.22968262926695,38.420790753169584,36.61189887707222,34.80300700097485,33.4400050985402,32.077003196105544,30.714001293670893,29.35099939123624,27.98799748880158,26.593283462321402,25.198569435841225,23.80385540936104,22.40914138288086,21.014427356400684,20.34205506087019,19.669682765339708,18.997310469809218,18.32493817427873,17.65256587874824,16.98305412211594,16.313542365483638,15.64403060885134,14.974518852219036,14.305007095586737,13.532840208338916,12.760673321091101,11.988506433843277,11.21633954659546,10.44417265934764,9.599370578408708,8.754568497469776,7.909766416530843,7.064964335591911,6.22016225465298,6.059908550991463,5.8996548473299475,5.739401143668432,5.579147440006916,5.4188937363454,4.745273173063711,4.071652609782021,3.398032046500329,2.72441148321864,2.050790919936949,1.610883954976097,1.170976990015247,0.7310700250543929,0.29116306009354226,-0.14874390486730976,-0.45338779251561373,-0.758031680163919,-1.0626755678122215,-1.3673194554605248,-1.671963343108831,-1.972998163215215,-2.274032983321597,-2.5750678034279813,-2.8761026235343663,-3.17713744364075,-3.581751450785994,-3.986365457931237,-4.390979465076482,-4.795593472221726,-5.200207479366971
111,55.28481699999012,54.77304501400531,54.261201794152626,53.749287339872225,53.23730165119642,51.73129114685807,50.22525053749091,48.719179823074334,47.213079003273016,45.70694807844754,44.19496257975042,42.68293871458525,41.17087648306348,39.65877588466292,38.14663691993518,37.006776831778645,35.866897333462816,34.72699842610614,33.587080108676474,32.44714238213868,31.295837038745937,30.144523415519952,28.99320151147581,27.84187132723431,26.690532862781872,25.56796634460719,24.44539369849143,23.32281492405565,22.200230021491187,21.07763899064951,19.989611360454944,18.90157997476964,17.81354483353769,16.725505936967792,15.63746328497474,14.960349636003437,14.283232895112027,13.60611306245997,12.928990137850299,12.251864121598999,11.575221716685189,10.89857672065054,10.221929133606547,9.545278955521518,8.868626186251767,8.294454085759128,7.720279770674878,7.1461032409470775,6.571924496624758,5.9977435377419885,5.42380556361104,4.849865656886269,4.275923817183378,3.701980044956979,3.1280343398535897,2.7342869098915,2.3405377572290798,1.9467868818694607,1.5530342837748912,1.1592799630560484,0.7654141956824795,0.37154634741394965,-0.02232358200211948,-0.41619559239706,-0.8100696837400301,-0.793594043665139,-0.777119594982839,-0.7606463377378891,-0.7441742719425292,-0.7277033974890211,-0.710465885269381,-0.6932295644403201,-0.67599443502332,-0.65876049702114,-0.6415277504255411
112,54.45371253211544,53.899582598881004,53.34541721353955,52.791216376305044,52.236980086776605,49.95409605860265,47.67115575892385,45.38815918765592,43.10510634492602,40.82199723062559,38.6795313846329,36.5370475265862,34.394545656408,32.252025774190194,30.10948787987077,28.8554362042616,27.60136407279444,26.34727148541397,25.09315844221173,23.839024943138266,22.584780790442,21.330515780892803,20.076229914518446,18.82192319131209,17.567595611305315,16.807270125178665,16.04693113830421,15.286578650689357,14.526212662420084,13.765833173400022,13.00592263641407,12.246003495782348,11.486075751451247,10.726139403473326,9.966194451807036,9.753920246754397,9.541641320487834,9.329357673044143,9.117069304369767,8.904776214525636,8.692593367759017,8.480406788123432,8.26821647569919,8.056022430401828,7.84382465232042,7.85590326987362,7.8679759566547,7.880042712689851,7.892103537887099,7.90415843237811,7.9160707647407085,7.9279764338203,7.93987543949505,7.9517677819221895,7.963653460944109,7.9861703730973606,8.008682129993911,8.03118873168898,8.053690178123851,8.076186469333443,8.099004989845632,8.121820713056492,8.144633638919634,8.167443767476673,8.190251098624584,8.219244702557653,8.248237700925115,8.277230093684782,8.306221880941193,8.335213062593082,8.364494614804823,8.39377837508394,8.42306434341229,8.45235251988454,8.481642904403728
113,48.93416705951159,48.293801709739945,47.6533951271038,47.01294731223158,46.372458264840226,44.80092394882107,43.22936906843871,41.65779362345772,40.0861976134276,38.51458103880897,37.20967246415375,35.90474308043101,34.599792887487716,33.2948218854795,31.989830074272152,30.926160217662762,29.86248423017589,28.79880211198973,27.735113862798286,26.67141948298105,25.845893748601725,25.020363412596573,24.194828474433145,23.369288934587217,22.54374479264549,21.9373659416254,21.33098360854902,20.724597793695423,20.1182084969758,19.51181571809432,18.96750878182363,18.423199442713347,17.878887700646946,17.334573555816355,16.790257008004975,16.33817176318,15.886084616101856,15.433995566473472,14.981904614531755,14.529811760263835,14.07777641372051,13.625739506524816,13.173701038671174,12.721661010303468,12.269619421342496,11.938653578423626,11.607686521244176,11.276718250146896,10.945748765108869,10.614778066012416,10.283840959037597,9.952902830537209,9.621963680459618,9.291023508711799,8.960082315315729,8.723435254890996,8.486787312869462,8.250138489438957,8.013488784662762,7.776838198184468,7.540113396527874,7.303387468775,7.066660414981408,6.829932235063181,6.593202929275847,6.338693292314936,6.084183134659552,5.82967245632802,5.575161257247968,5.320649537471484,5.066137297006914,4.81162453583947,4.557111254017737,4.302597451443045,4.0480831281417045
114,33.460227746222884,32.31715362341197,31.17407950060105,30.031005377790137,28.887931254979218,28.0571478433578,27.22636443173638,26.395581020114964,25.56479760849354,24.734014196872117,24.289361803351497,23.84470940983088,23.40005701631025,22.955404622789626,22.510752229269002,21.962740277002638,21.41472832473628,20.86671637246992,20.318704420203563,19.7706924679372,19.272794946308544,18.77489742467989,18.27699990305124,17.77910238142258,17.28120485979392,16.8216588875547,16.36211291531549,15.902566943076273,15.443020970837056,14.98347499859784,14.437384992875815,13.891294987153792,13.345204981431769,12.799114975709745,12.25302496998772,11.838251888461997,11.423478806936272,11.008705725410547,10.593932643884823,10.1791595623591,9.792144499037677,9.405129435716251,9.018114372394828,8.631099309073404,8.24408424575198,7.744740169096293,7.245396092440604,6.746052015784916,6.246707939129228,5.747363862473541,5.283150443251132,4.818937024028725,4.354723604806317,3.890510185583909,3.4262967663615,2.918996378223341,2.4116959900851804,1.9043956019470198,1.3970952138088604,0.8897948256707006,0.468595309424316,0.047395793177931876,-0.3738037230684521,-0.7950032393148363,-1.2162027555612205,-1.5186842192363115,-1.8211656829114045,-2.123647146586496,-2.426128610261589,-2.7286100739366796,-3.06640253905124,-3.4041950041658002,-3.741987469280361,-4.079779934394919,-4.41757239950948
115,52.82154253469683,51.74086127448215,50.660180014267475,49.57949875405281,48.498817493838125,46.499231723747585,44.499645953657044,42.500060183566525,40.500474413475985,38.500888643385444,36.888354497335136,35.27582035128483,33.66328620523452,32.05075205918421,30.438217913133908,29.186451625132797,27.934685337131697,26.68291904913059,25.43115276112949,24.17938647312838,23.28662919810471,22.39387192308104,21.50111464805737,20.6083573730337,19.71560009801003,19.06260457028752,18.409609042565013,17.756613514842506,17.103617987119996,16.45062245939749,16.170183877138083,15.889745294878676,15.609306712619267,15.328868130359856,15.04842954810045,14.762329437754529,14.476229327408605,14.190129217062683,13.904029106716763,13.61792899637084,13.182496735424717,12.747064474478597,12.311632213532475,11.876199952586353,11.44076769164023,10.943093225998457,10.445418760356675,9.947744294714905,9.450069829073124,8.95239536343135,8.568280807990412,8.184166252549472,7.800051697108534,7.415937141667596,7.031822586226659,6.691026119764328,6.350229653301999,6.009433186839669,5.668636720377339,5.327840253915009,5.0632646179398595,4.798688981964711,4.53411334598956,4.26953771001441,4.00496207403926,3.811085721997392,3.617209369955524,3.423333017913656,3.2294566658717883,3.03558031382992,2.9327460465950397,2.82991177936016,2.72707751212528,2.6242432448904003,2.52140897765552
116,57.687498347644606,57.6128162239964,57.53812855664038,57.46343534478002,57.388736588952824,54.0332867734356,50.677827967941454,47.322360171987405,43.9668833865162,40.611397610938766,38.8570944474736,37.102782149748876,35.34846071761429,33.594130151247654,31.839790450439438,30.446737471708257,29.05367532259158,27.660604003182048,26.267523513326513,24.87443385331215,23.553920419760058,22.23339862442126,20.912868467573702,19.592329949139963,18.27178306908792,17.328333993566744,16.384878311993777,15.441416024517846,14.49794713092103,13.554471631221382,12.879835491433388,12.205194772913224,11.530549476063813,10.855899600806895,10.181245146828555,9.801436660726292,9.421625634961059,9.041812069621688,8.661995964644584,8.282177319847213,8.123743065597461,7.965306908288677,7.806868847933186,7.6484288844573936,7.489987017949371,7.579937294671549,7.669885111464465,7.7598304682454415,7.84977336485008,7.939713801245696,7.969050747556283,7.998384905386438,8.027716275603737,8.057044857436772,8.08637065154761,8.137002252573625,8.18763139113359,8.238258067537044,8.288882281642318,8.339504033505314,8.361393777717458,8.383282075445633,8.40516892617565,8.427054329607023,8.448938286673867,8.468592379643807,8.488246402585075,8.507900355079146,8.527554237833526,8.547208050564654,8.556515377805002,8.565824370174212,8.575135027546832,8.58444734958366,8.59376133599593
117,50.147369098308054,49.59812964182698,49.048890185345904,48.49965072886483,47.950411272383754,43.912749443588964,39.875087614794175,35.837425785999386,31.799763957204604,27.762102128409825,26.555524720960427,25.348947313511033,24.142369906061646,22.93579249861225,21.72921509116286,20.866860381674044,20.00450567218522,19.142150962696398,18.27979625320758,17.41744154371876,16.57823154356663,15.739021543414506,14.899811543262377,14.060601543110248,13.22139154295812,12.52399550633238,11.82659946970664,11.129203433080901,10.431807396455161,9.734411359829421,9.215326053663887,8.696240747498358,8.177155441332824,7.658070135167292,7.13898482900176,6.79471527534396,6.450445721686161,6.10617616802836,5.76190661437056,5.41763706071276,5.004071434381083,4.590505808049407,4.1769401817177325,3.763374555386056,3.3498089290543804,2.841913566347804,2.3340182036412283,1.826122840934652,1.3182274782280756,0.8103321155215003,0.395033703403388,-0.020264708714723863,-0.4355631208328371,-0.8508615329509482,-1.2661599450690608,-1.555458144499884,-1.844756343930707,-2.134054543361532,-2.4233527427923574,-2.7126509422231804,-3.0119766467722475,-3.311302351321316,-3.610628055870384,-3.909953760419453,-4.209279464968519,-4.456589344763324,-4.7038992245581275,-4.951209104352932,-5.198518984147736,-5.445828863942541,-5.750682288735606,-6.055535713528676,-6.360389138321745,-6.665242563114811,-6.970095987907881
118,51.54762341768781,49.842153844637885,48.13664450236198,46.431095390856825,44.725506509739596,43.28849063115262,41.851423054666554,40.41430378006187,38.977132807413966,37.53991013677677,36.659692441784976,35.77945781323677,34.899206251217066,34.01893775581171,33.13865232683269,32.24346447599428,31.348255900858224,30.45302660108278,29.55777657703114,28.662505828517286,27.606331315238187,26.55013622127525,25.49392054663889,24.437684291422332,23.381427455342,22.18487412532929,20.988307402064155,19.79172728593038,18.595133776522385,17.398526874131587,16.503656144448602,15.608776809559187,14.713888869750331,13.81899232469962,12.924087174697965,12.446732582867543,11.969373270188303,11.492009237169464,11.014640483295208,10.5372670085619,10.059292215704179,9.58131369024804,9.103331433427142,8.625345444328994,8.147355723579215,7.727338081652042,7.307314490202219,6.887284949678566,6.467249459007466,6.047208018826582,5.626777859734831,5.2063410339513085,4.785897542238416,4.365447384338093,3.9449905596784527,3.5721620929850713,3.1993283935158328,2.826489460952734,2.453645295075194,2.080795896651216,1.7082700821202965,1.335741452817237,0.9632100086250596,0.5906757500057611,0.21813867691454122,-0.02564588281014549,-0.2694310309092324,-0.5132167681551358,-0.7570030941210223,-1.00079000902751,-1.244085014273195,-1.4873777925747405,-1.730668345570588,-1.973956672001312,-2.2172427727726975
119,43.90271358171394,43.35195423180857,42.801155112665526,42.25031622401368,41.699437565918245,40.50778852776023,39.3160897524235,38.12434124010943,36.93254299064717,35.74069500408325,34.618935605312224,33.49715773074018,32.37536138032418,31.25354655409873,30.131713252074668,29.436071614847815,28.7404101869271,28.04472896827697,27.34902795898396,26.653307158996224,25.921149791799937,25.18897123039596,24.45677147475901,23.72455052493765,22.992308380925873,22.338687585066467,21.68505295691565,21.03140449642848,20.377742203683546,19.724066078591864,19.194722527255987,18.66537012537673,18.136008872875667,17.606638769832525,17.077259816178596,16.688526545032516,16.299788513993136,15.911045723149206,15.522298172414983,15.133545861863817,14.744906283930655,14.35626296159211,13.96761589487889,13.578965083746091,13.190310528268022,12.93394076406042,12.6775650648775,12.42118343068265,12.1647958614219,11.90840235721371,11.65186668244471,11.3953243442807,11.13877534265025,10.88221967767259,10.62565734921571,10.44909504771646,10.27252759272171,10.09595498427348,9.919377222313448,9.74279430692654,9.566533445877829,9.39026978755299,9.21400333185523,9.03773407885137,8.86146202846358,8.763675018876949,8.66588740372471,8.56809918296468,8.47031035670139,8.37252092483358,8.27502186352562,8.17752501028504,8.08003036509369,7.98253792804624,7.88504769904573
120,44.42022528752111,43.38689820777868,42.35356621897959,41.32022932106983,40.28688751406781,39.686361307624026,39.08582789493325,38.4852872760311,37.88473945091114,37.28418441956521,36.51866375029277,35.75313432768889,34.98759615170933,34.22204922240431,33.45649353973822,32.69451192746687,31.93252170030156,31.17052285830113,30.40851540141756,29.646499329648655,28.59046711745544,27.53442699828507,26.47837897217694,25.422323039114872,24.36625919909402,23.45854746640258,22.550829354791006,21.64310486425068,20.73537399479882,19.82763674640581,19.079695689709073,18.3317499144712,17.583799420701947,16.835844208410375,16.087884277560416,15.42128025062098,14.7546734892596,14.088063993476277,13.421451763249996,12.754836798601776,12.088297055048994,11.421755426286735,10.755211912296613,10.088666513061392,9.422119228610711,8.783279839625347,8.144437926761004,7.505593490055502,6.866746529483417,6.227897045067976,5.589013309653652,4.9501267499963095,4.3112373661089665,3.672345157987223,3.0334501256392605,2.569290345802907,2.105128113448054,1.6409634285687205,1.1767962911562873,0.7126267012069734,0.24855540523266043,-0.2155173273142128,-0.6795914964584462,-1.1436671021752396,-1.6077441444769915,-1.8679487835772273,-2.1281534939901032,-2.3883582757404187,-2.648563128782356,-2.9087680531617304,-3.168791132377645,-3.428812548189861,-3.6888323006231767,-3.9488503896441722,-4.208866815273868
121,43.68167260752001,42.528800285166255,41.375927962812504,40.22305564045876,39.07018331810501,37.911776795758314,36.753370273411626,35.59496375106493,34.436557228718236,33.27815070637154,32.17518847608787,31.072226245804195,29.969264015520523,28.866301785236843,27.76333955495317,26.93139860602891,26.099457657104644,25.267516708180377,24.43557575925611,23.603634810331847,22.985565655921267,22.367496501510683,21.7494273471001,21.13135819268952,20.513289038278938,19.976919796919745,19.44055055556056,18.904181314201367,18.36781207284217,17.83144283148299,17.2950735901238,16.758704348764606,16.22233510740542,15.685965866046226,15.149596624687037,14.726966266221138,14.304335907755236,13.881705549289336,13.459075190823436,13.036444832357533,12.613814473891633,12.191184115425733,11.768553756959832,11.345923398493932,10.92329304002803,10.606948675823402,10.290604311618772,9.974259947414144,9.657915583209517,9.341571219004884,9.025226854800255,8.708882490595625,8.392538126390997,8.076193762186369,7.75984939798174,7.4770598357482845,7.194270273514827,6.911480711281369,6.628691149047913,6.345901586814455,6.063112024580997,5.7803224623475415,5.497532900114084,5.214743337880627,4.93195377564717,4.765915541074314,4.599877306501459,4.433839071928604,4.267800837355749,4.101762602782894,3.9357243682100402,3.769686133637185,3.60364789906433,3.437609664491475,3.27157142991862
122,46.909931389105786,45.622215664669525,44.33449497939199,43.0467693332462,41.75903872626513,40.99730609620617,40.2355662832742,39.47381928754424,38.71206510896829,37.95030374755496,37.21260012546921,36.47488811654862,35.73716772077375,34.99943893813862,34.2617017686514,33.386924091255075,32.51213741946499,31.63734175327359,30.762537092672243,29.88772343768796,28.859354918049203,27.830978481106275,26.80259412685699,25.77420185531437,24.74580166647137,23.973386878879094,23.200965713356467,22.42853816988469,21.656104248507987,20.883663949167527,20.256034910259988,19.628401152243097,19.000762675095242,18.373119478871452,17.74547156350429,17.101083375958936,16.456692557145047,15.812299107116617,15.167903025811023,14.523504313290896,13.879170842990408,13.234835383863835,12.590497935907404,11.946158499103875,11.301817073482884,10.621812189453967,9.941804781560672,9.261794849811617,8.581782394210581,7.901767414766183,7.221717653471706,6.541665082479411,5.861609701814714,5.181551511487819,4.501490511450702,4.068621583102621,3.63575018952384,3.202876330695978,2.7700000066396164,2.337121217348777,1.9043425206381328,1.471562386687534,1.0387808154947706,0.605997807035051,0.1732133613331695,-0.054896828863942926,-0.28300709155169623,-0.5111174267424893,-0.739227834415302,-0.9673383146035539,-1.1952665836547471,-1.423193187008239,-1.6511181246516327,-1.8790413966011066,-2.1069630028528787
123,53.71858144784384,53.67281415042899,53.62701140090715,53.581173199492234,53.535299545783396,50.963088927828736,48.390819398839064,45.818490958772706,43.24610360770142,40.67365734553447,37.33510376650594,33.99653355515913,30.657946711416578,27.31934323532251,23.980723126880388,22.206785175722576,20.43282732588486,18.658849577287107,16.884851930050697,15.110834384121127,14.078089534109337,13.045324407219676,12.012539003421843,10.979733322776816,9.946907365258776,9.76787779412208,9.588834831346851,9.409778476902877,9.230708730868765,9.051625593160544,9.04688950174715,9.04214481799383,9.037391541819808,9.032629673307168,9.027859212384834,9.01428054921169,9.000697166225835,8.987109063464047,8.973516240847966,8.959918698488137,8.946431444726215,8.932940460004929,8.919445744367389,8.90594729774153,8.89244512022882,8.854529913582821,8.8166087752351,8.77868170513665,8.7407487032583,8.70280976969371,8.664728365252712,8.6266402975035,8.58854556637465,8.55044417197299,8.51233611419131,8.471181628173658,8.43002198692451,8.38885719044868,8.34768723871265,8.306512131776541,8.265659254117828,8.22480357918299,8.18394510687523,8.14308383726137,8.10221977026358,8.07628194173695,8.05034350764471,8.02440446794468,7.99846482274139,7.9725245719335796,7.946874691685621,7.921227019505039,7.895581555373689,7.869938299386241,7.844297251445731
124,45.139766551417594,44.22809638497441,43.316420763186464,42.40473968606652,41.49305315362088,40.345353811062736,39.197646728797146,38.04993190689129,36.90220934527955,35.75447904401581,34.62081349857119,33.48713879914376,32.35345494566845,31.219761938201934,30.08605977674763,29.27946767971554,28.472866757643757,27.66625701048198,26.859638438309368,26.05301104110361,25.348576668583732,24.644133924310967,23.93968280823053,23.2352233204131,22.530755460830516,21.94080621916874,21.35085036977064,20.76088791258384,20.170918847694345,19.58094317502054,19.04349115706461,18.506034502929047,17.968573212528067,17.431107285941387,16.893636723092918,16.474701157067734,16.055762983127735,15.63682220136167,15.217878811691163,14.798932814182196,14.380063704048217,13.96119264470861,13.54231963620885,13.12344467848927,12.704567771631561,12.387747503313479,12.070924722022761,11.754099427730171,11.43727162038174,11.12044130009593,10.803517349442867,10.48659056204288,10.16966093782453,9.85272847689967,9.535793179158429,9.31676129318434,9.09772695250695,8.87869015716828,8.65965090712477,8.4406092024392,8.22173584576913,8.002861048089809,7.783984809319209,7.56510712953153,7.346228008626801,7.18051094345403,7.0147937998469105,6.84907657777064,6.68335927732975,6.5176418984156,6.35208434565458,6.18652844933546,6.02097420943271,5.85542162604838,5.68987069907813
125,48.731293076314046,47.59557488277742,46.45985174324013,45.32412365774379,44.18839062625277,43.38130992633142,42.57422184132008,41.76712637121495,40.960023515995026,40.15291327569373,39.32820677060797,38.50349173565118,37.6787681708309,36.854036076130974,36.029295451555164,35.2210798652907,34.412855241763474,33.60462158100533,32.79637888299525,31.988127147745622,30.913541786473143,29.838948507398303,28.764347310535708,27.68973819589397,26.61512116345584,25.731963357411246,24.8487991724319,23.9656286085238,23.08245166570418,22.199268343958,21.492617250134288,20.78596143776943,20.0793009068586,19.37263565745464,18.66596568947771,18.005535798331362,17.345103172777677,16.684667812787453,16.024229718368865,15.363788889513742,14.703423281783257,14.04305578881409,13.382686410617064,12.72231514718954,12.061941998531957,11.563603687675942,11.065262852940949,10.566919494364791,10.068573611922059,9.570225205635964,9.07184254835099,8.573457066822995,8.075068761065,7.5766776310726085,7.078283676853993,7.07212141446622,7.065956699545347,7.059789532099992,7.053619912121539,7.047447839606206,7.0413741794734745,7.035299083948381,7.029222553001727,7.023144586660513,7.01706518491234,6.9990287561374105,6.980992256099441,6.962955684810831,6.944919042267802,6.9268823284617325,6.9090277030451235,6.891174743400613,6.873323449503404,6.855473821386915,6.837625859030125
126,49.02441969248749,48.50342883465882,47.98239815003722,47.461327639173334,46.9402173017282,45.770922615161375,44.60157045250504,43.43216081365125,42.26269369849613,41.09316910696753,39.77360107250548,38.454004927524934,37.1343806730357,35.81472830794512,34.49504783307826,33.38357597759395,32.27209432499713,31.16060287450389,30.049101627039807,28.937590581677526,27.8112442966558,26.6848897311658,25.55852688526696,24.43215575916085,23.305776352814128,22.379714553367368,21.45364781209703,20.52757612894003,19.60149950407005,18.675417937359203,17.921877496122242,17.168332113150512,16.4147817881434,15.66122652145513,14.90766631298068,14.433290718374161,13.95891228229437,13.48453100483333,13.010146885890022,12.535759925538871,12.072887840165729,11.61001291331104,11.1471351451111,10.68425453539379,10.221371084296731,10.102789512063609,9.984205866295941,9.865620146804392,9.747032353664999,9.62844248677479,9.508382750243259,9.38832093999743,9.26825705615806,9.148191098454511,9.02812306716757,8.98350703029776,8.93888909157469,8.89426925116183,8.84964750870456,8.805023864412929,8.76024794018387,8.71547011409612,8.67069038629468,8.62590875645347,8.58112522478889,8.54827906846594,8.51543172059664,8.48258318136323,8.44973345066206,8.41688252856668,8.38274134616408,8.34859897216429,8.314455406738631,8.280310650110279,8.24616470184824
127,48.38197541692459,46.59268960285237,44.80333030928392,43.013897536249644,41.22439128397034,40.268185029942536,39.31197161024778,38.35575102498692,37.39952327387129,36.44328835705112,35.363679805402384,34.284064149335876,33.20444138864205,32.124811523445985,31.04517455378866,29.925441239245767,28.8057030250225,27.68595991064491,26.566211896529513,25.446458982365943,24.45962516483449,23.472786453007068,22.48594284703593,21.499094347130633,20.512240952894413,19.833059091390687,19.153875835894063,18.474691186610432,17.795505143405826,17.116317706350895,16.51500279159404,15.913686483071785,15.312368780409935,14.711049684109382,14.109729194000654,13.489514526292997,12.869298467017272,12.249081015913214,11.62886217327719,11.008641938915853,10.38842031294265,9.768197295369008,9.147972886166626,8.527747085244286,7.907519892665926,7.8413024924748465,7.775084269068695,7.708865222627576,7.642645352979718,7.57642466027954,7.510203144416469,7.443980805411929,7.377757643378072,7.311533658132921,7.245308849865202,7.236035015982712,7.226760357150021,7.217484872623152,7.2082085633677915,7.198931428596364,7.189653468108753,7.180374682666783,7.171095071907812,7.161814635512362,7.1525333741246335,7.134788194112463,7.117042454604755,7.099296155788526,7.081549297837258,7.063801880348698,7.046053903733387,7.028305367665039,7.01055627217895,6.992806617617561,6.975056403559533
128,43.31511149107864,42.831040531705305,42.34696407282589,41.86288211414521,41.3787946559055,40.59680900866329,39.81481471650249,39.03281177934551,38.250800197232266,37.46877997001907,36.53944284784274,35.61009661705288,34.68074127772168,33.75137683006473,32.82200327375741,31.916456432327976,31.010900440993492,30.105335299905413,29.19976100880075,28.29417756782188,27.28361887731296,26.27305189162972,25.26247661077595,24.25189303474785,23.2413011635199,22.368545555539562,21.49578340295357,20.62301470529925,19.750239462820783,18.87745767563111,18.148017137885198,17.418572053940288,16.689122423301832,15.95966824636952,15.230209522912947,14.656893690373904,14.083575249804872,13.510254201303011,12.936930544666273,12.363604280042338,11.790335038122775,11.217063834509396,10.643790669261753,10.070515542491439,9.497238453989599,8.92743223155576,8.357623557111701,7.787812430974419,7.217998852773682,6.64818282290234,6.07833032361006,5.5084750479218805,4.938616996118061,4.368756167905181,3.7988925636098,3.2193667192771795,2.63983843361836,2.0603077066218,1.4807745382828406,0.9012389285881204,0.3218003182895188,-0.2576397305765208,-0.8370812177569,-1.416524143289022,-1.995968507210001,-2.496320792028021,-2.9966731493032213,-3.4970255791369804,-3.9973780814033018,-4.497730656273882,-4.997902339775819,-5.498072369901019,-5.998240747065219,-6.49840747105894,-6.998572541862199
129,42.437560462289085,41.21366087863706,39.989756334069384,38.765846828546636,37.54193236210182,36.732288010263474,35.922636485670516,35.11297778837319,34.303311918335865,33.49363887557956,32.58471118046499,31.67577477893039,30.76682967095631,29.857875856511964,28.94891333564274,27.93998100697887,26.931040063906828,25.922090506431474,24.91313233455657,23.904165548284332,22.91070807102957,21.917242667121048,20.923769336568967,19.93028807938634,18.936798895553736,18.23545411435888,17.534102685037674,16.832744607596105,16.131379882066025,15.430008508400984,14.879461166944466,14.328909258477008,13.778352782952172,13.22779174043741,12.677226130865275,12.217294255840173,11.757359783758133,11.297422714623552,10.837483048423412,10.377540785170732,9.91766650177249,9.45779029364377,8.997912160793188,8.538032103203506,8.078150120879567,7.967858629027897,7.8575646389674505,7.747268150694441,7.636969164225054,7.526667679543105,7.416328757340275,7.305987022984428,7.195642476488578,7.085295117838131,6.974944947034663,6.969902533255605,6.96485767053945,6.959810358905015,6.954760598348078,6.949708388887463,6.944754845969848,6.9397998677714705,6.934843454252936,6.92988560543904,6.9249263213049845,6.89713036417625,6.869334333837674,6.84153823030166,6.813742053552027,6.785945803617352,6.758331845022937,6.730719552200623,6.703108925125608,6.675499963831314,6.647892668296719
130,53.361641542552206,53.13505572327231,52.90843445190954,52.68177772858898,52.45508555304441,49.90012492094416,47.345109755571514,44.790040056639334,42.23491582448989,39.67973705895229,37.8437495906993,36.00774571942448,34.1717254448653,32.33568876703631,30.49963568615855,29.723745296510568,28.947834647916032,28.17190374028485,27.39595257352628,26.619981147826163,25.947352744213784,25.274702334233663,24.60202991783536,23.929335495079375,23.25661906591808,22.746252621269225,22.235871952787893,21.725477060407325,21.215067944231286,20.704644604203605,20.194735147541003,19.684817154755162,19.174890625755133,18.66495556062283,18.155011959312745,17.71697077452952,17.278924807931958,16.840874059459846,16.402818529163547,15.964758217001892,15.526670089756049,15.088577002054956,14.650478953834035,14.212375945147063,13.77426797592714,13.23305204223974,12.691829789351688,12.150601217357394,11.609366326202084,11.068125115970249,10.52683716502848,9.985542547010326,9.444241261977112,8.9029333098717,8.361618690719208,7.841430185577925,7.321236482287632,6.8010375809094485,6.280833481390147,5.760624183769224,5.240669541688781,4.720712086877028,4.200751819355065,3.680788739115672,3.1608228461606886,2.821635246117975,2.48244703844498,2.1432582232029955,1.804068800311211,1.4648787698578063,1.1260014305633212,0.7871263000986866,0.44825337847217217,0.10938266565667736,-0.229485838300908
131,46.10310167411701,44.82300772560695,43.54290832176535,42.26280346261203,40.98269314811856,40.09073828231972,39.198775677298535,38.30680533309079,37.414827249655694,36.522841427026655,35.6306339154009,34.7384176117424,33.84619251603392,32.953958628279054,32.06171594847422,31.09358749277298,30.125449849577763,29.157303018915833,28.18914700076118,27.220981795121162,26.2529984771548,25.28500706189432,24.317007549342375,23.34899993949756,22.38098423234026,21.722208275060648,21.06342543555192,20.404635713803092,19.74583910983878,19.08703562363673,18.42847891290484,17.76991756596419,17.111351582777758,16.452780963391188,15.79420570775146,15.04429450015365,14.294380684668921,13.54446426132945,12.79454523011422,12.04462359103185,11.29476127490832,10.54489702275831,9.79503083462764,9.045162710481648,8.29529265033522,7.63704282220973,6.97879046958052,6.32053559243643,5.662278190808401,5.004018264665491,4.345722793606741,3.68742448410725,3.02912333615822,2.37081934975227,1.7125125249203392,1.3179351090839289,0.9233552355780188,0.528772904436029,0.13418811565169933,-0.26039913078849014,-0.6548880397499011,-1.0493783899242701,-1.4438701813166213,-1.8383634139145515,-2.2328580877328204,-2.466392002852981,-2.699925998762281,-2.933460075440941,-3.166994232887721,-3.4005284711162607,-3.6338820771398415,-3.8672340406492407,-4.100584361644461,-4.3339330401118605,-4.567280076065082
132,54.80337674371769,54.7432624592713,54.683126375524964,54.62296849199874,54.562788809068394,52.15294544112038,49.74305897481845,47.33312941002014,44.92315674658574,42.51314098450649,39.952112802570404,37.39106884219054,34.83000910314933,32.26893358576605,29.707842289883764,28.378753436074696,27.049659248445682,25.72055972693078,24.39145487171198,23.062344682686778,22.05594239870149,21.04953579530663,20.04312487243434,19.036709630018013,18.03029006814432,17.415963419000132,16.801633987260473,16.187301773214454,15.572966776673656,14.958628997928995,14.467965843035353,13.977299956440364,13.486631338259961,12.995959988332872,12.50528590679647,12.173922657426376,11.842557798834145,11.511191330854354,11.179823253462201,10.848453566771608,10.517082270940039,10.185709365555557,9.854334850938084,9.52295872690905,9.19158099375196,8.96159520136134,8.731608378051659,8.50162052381379,8.27163163864635,8.04164172256579,7.811650775394049,7.581658797421949,7.351665788560459,7.12167174879984,6.8916766780796594,6.541843794696785,6.192009978981011,5.842175231188765,5.492339551077389,5.142502938855335,4.79266539432958,4.4428269177199455,4.092987508783989,3.743147167787803,3.393305894407089,2.8488095631722707,2.3043127504345446,1.759815456259164,1.215317680600086,0.6708194235386986,0.12632068482222203,-0.4181785352436176,-0.962678236663785,-1.5071784196088431,-2.0516790839415613
133,48.40044262697508,47.24947034746704,46.098461578237725,44.94741631930062,43.79633457064226,42.98953423131964,42.18272199083879,41.375897849215875,40.569061806434725,39.76221386249313,38.92529348081343,38.08835320124311,37.25139302378596,36.41441294846299,35.577412975226174,34.75698428931366,33.93653763403631,33.116073009387705,32.29559041538508,31.475089852011187,30.387037682946385,29.298979178572935,28.21091433892541,27.12284316398384,26.03476565375578,25.100295875214805,24.16582272667791,23.23134620812785,22.296866319594272,21.36238306105616,20.619319621785134,19.876253899358353,19.13318589375744,18.39011560498616,17.647043033044522,16.883836317022165,16.12062777076802,15.357417394330119,14.594205187658245,13.830991150784222,13.067794757290125,12.304596875351864,11.541397504984038,10.778196646209881,10.01499429897916,9.326953848995775,8.638912167531846,7.950869254603559,7.262825110198513,6.574779734316705,5.886745050312797,5.198709327232729,4.510672565049503,3.822634763787915,3.134595923444188,2.6761588218079204,2.217720824476693,1.7592819313965071,1.300842142606761,0.8424014580912746,0.3839434975109878,-0.07451560334783917,-0.5329758444878457,-0.9914372259333923,-1.4498997476660997,-1.682367836380865,-1.9148364581671882,-2.147305613049871,-2.379775301028916,-2.612245522070901,-2.8447162761833837,-3.0771875633836085,-3.3096593836467734,-3.542131737014919,-3.774604623479421
134,54.9046948865755,54.26198416538743,53.6191985038454,52.97633790219207,52.333402360441205,50.49195992898935,48.65047924740349,46.808960315727354,44.96740313394379,43.12580770202738,41.417178506226016,39.708534522847884,37.99987575196162,36.29120219350223,34.58251384754477,33.430238445524374,32.277953246101475,31.125658249209994,29.973353454913344,28.82103886315503,27.66879137321414,26.516535602955898,25.36427155239385,24.211999221506094,23.059718610298816,22.085227577286386,21.1107304161262,20.13622712674276,19.16171770921795,18.18720216347972,17.213476586561637,16.239747254254123,15.266014166438731,14.29227732319731,13.318536724530832,12.703220147709947,12.087900479068265,11.47257771858372,10.857251866296675,10.2419229222153,9.62676745086073,9.011609388456913,8.396448734952228,7.781285490400532,7.1661196547294175,6.634388271051622,6.102654672747469,5.570918859842014,5.0391808323459095,4.507440590218846,3.97569529428758,3.4439480655671937,2.9121989041298972,2.3804478099482425,1.848694782989347,1.4583726190411097,1.0680487324131038,0.6777231230749265,0.2873957910310807,-0.10293326373509988,-0.4933109749697911,-0.8836907672045401,-1.2740726405232394,-1.6644565948624894,-2.0548426301732814,-2.0117306508004105,-1.9686198629096217,-1.9255102663630903,-1.8824018612666495,-1.839294647588852,-1.796130690599872,-1.75296792500208,-1.70980635085474,-1.6666459680643209,-1.6234867767209797
135,44.38751449996791,42.68041348167958,40.97330735229733,39.26619611204432,37.55907976082748,36.60930807308421,35.65952892622496,34.70974232010415,33.759948254852816,32.81014673040654,31.860353958842758,30.91055253180324,29.96074244927403,29.01092371119636,28.061096317710934,27.458552549726576,26.85599996177185,26.25343855387947,25.65086832596954,25.04828927809605,24.44586646286372,23.8434352450228,23.24099562454026,22.63854760138709,22.03609117569769,21.51857968290614,21.00106178592904,20.483537484718507,19.966006779438644,19.448469669846652,18.93098995018042,18.41350575394744,17.896017081121418,17.378523931703686,16.861026305732345,16.560624111987938,16.260219278257235,15.959811804604083,15.659401690943229,15.358988937359383,15.058600963099256,14.758210638868096,14.457817964573563,14.157422940304965,13.857025565974796,13.613058022113735,13.369087824822216,13.125114974070975,12.881139469955666,12.637161312436229,12.393152628489952,12.149141031185449,11.905126520549002,11.661109096479159,11.41708875901932,11.17538609457739,10.93368095032508,10.69197332611764,10.45026322209133,10.20855063816702,9.966934653298107,9.725317187800208,9.48369824179026,9.242077815241249,9.00045590823686,8.89902343957639,8.797590866103318,8.696158187869049,8.59472540478561,8.49329251695036,8.39204188882419,8.29079289487898,8.189545535070218,8.08829980947809,7.987055718023999
136,43.24888291129674,41.670442547941285,40.09191663570776,38.51330517462583,36.934608164690644,36.32770750929599,35.72073838179017,35.11370078217805,34.506594710447374,33.89942016661417,33.29541965496342,32.691390865042145,32.08733379685773,31.483248450417566,30.879134825711887,30.12894234573232,29.378740068325047,28.628527993493858,27.878306121217726,27.1280744515139,26.37795728595833,25.6278318400783,24.87769811387133,24.1275561073523,23.377405820506326,22.565354367361365,21.75329797240812,20.941236635639214,20.12917035703363,19.317099136632166,18.50502297438664,17.692941870320432,16.88085582445835,16.06876483675221,15.25666890723778,14.782477181302744,14.30828261392033,13.83408520508817,13.35988495480864,12.885681863066964,12.41147592988293,11.937267155256535,11.463055539184001,10.988841081648085,10.514623782678427,10.266719523634983,10.0188131909187,9.770904784515936,9.52299430442793,9.275081750677003,9.02716712324084,8.779250422121976,8.531331647317868,8.283410798855684,8.035487876703419,7.860609945570522,7.685730112589564,7.510848377739526,7.3359647410191675,7.1610792024507495,6.986191762013252,6.811302419726453,6.636411175570577,6.461518029545617,6.2866229816726,6.04121278379709,5.795801394517119,5.550388813822649,5.30497504171492,5.05956007820887,4.81414392328218,4.568726576940992,4.32330803919534,4.07788831003519,3.8324673894531602
137,45.832278218633945,44.83277957904858,43.83324117022552,42.83366299189368,41.83404504411825,40.29795226878023,38.7618097562635,37.22561750676942,35.68937552012717,34.15308379638325,33.10625835349222,32.059414434800175,31.012552040264183,29.96567116991873,28.91877182377467,28.157648247567813,27.396504880667095,26.635341723036966,25.87415877476396,25.112956035796227,24.37324553085994,23.633513831715955,22.893760938339003,22.15398685077765,21.41419156902587,20.80786257132646,20.201519741335648,19.595163079008476,18.988792584423546,18.38240825749186,17.87482243359599,17.367227759156727,16.859624234095666,16.352011858492524,15.844390632278595,15.521559634002516,15.198723875833137,14.875883357859207,14.553038079994987,14.230188042313815,13.907450737250656,13.584709687782109,13.26196489393889,12.93921635567609,12.61646407306802,12.45083921661042,12.2852084251775,12.11957169873265,11.9539290372219,11.78828044076371,11.622489673744711,11.456692243330702,11.29088814945025,11.125077392222591,10.95925997151571,10.81682566886646,10.67438621272171,10.53194160312348,10.38949184001345,10.247036923476541,10.10490406127783,9.96276840180299,9.820629944955229,9.678488690801368,9.53634463926358,9.415262920926947,9.29418059702471,9.17309766751468,9.052014132501391,8.93092999188358,8.81013622182562,8.68934465983504,8.568555305893689,8.44776816009624,8.326983222345731
138,54.428981502422836,54.39427409895897,54.35948904465984,54.32462634018487,54.289685985145105,51.54095238758217,48.792189839963875,46.043398342296506,43.294577894835236,40.54572849712193,38.05854185381477,35.57132701217605,33.084083972070694,30.59681273382165,28.1095132973279,26.87556229089154,25.64160480337558,24.407640834525477,23.173670384514427,21.9396934534496,20.939608442907186,19.93951697540425,18.939419051026608,17.939314669453353,16.93920383086321,16.319223573846386,15.699240574754937,15.079254833285017,14.459266349539625,13.839275123601679,13.36777391140743,12.896270025842734,12.424763467189091,11.9532542350847,11.481742329614708,11.147256744146421,10.812769776403117,10.478281426499569,10.14379169416445,9.809300579552044,9.474808082619097,9.14031420341721,8.805818942095993,8.471322298303667,8.13682427229528,7.87424326604594,7.611660817914061,7.34907692832844,7.08649159707766,6.8239048239765205,6.561316609389821,6.29872695314138,6.0361358550424,5.773543315449059,5.510949334211579,5.062557380425601,4.6141647496529,4.16577144159748,3.717377456524999,3.2689827941934984,2.82058745477428,2.372191438387119,1.9237947446970194,1.4753973740457988,1.0269993261242396,0.453987785563547,-0.11902370921961662,-0.6920351583493719,-1.2650465614609239,-1.8380579188129085,-2.411069230508282,-2.9840804962053045,-3.5570917161200772,-4.130102890373292,-4.703114018635936
139,42.893438172233125,41.55863798299306,40.22380636463244,38.88894331705595,37.554048840462364,36.276177182367206,34.9982942118199,33.72039992889378,32.442494333559374,31.164577425767472,30.192757280210028,29.220926250094465,28.24908433539401,27.277231536105372,26.305367852247866,25.535472666829808,24.765568458336283,23.995655226703917,23.22573297195155,22.45580169410605,21.792795433508232,21.129781570054465,20.466760103701144,19.803731034473522,19.140694362382934,18.685483154489326,18.230267393703123,17.775047079976225,17.3198222134247,16.864592793933145,16.489977263708145,16.115357180577075,15.740732544594026,15.366103355655056,14.991469613887688,14.69904561725544,14.406619001701788,14.11418976723732,13.821757913818688,13.52932344147583,13.23688635020792,12.944446640026651,12.652004310896642,12.35955936281703,12.067111795803005,11.866543823204232,11.665973950385924,11.465402177415475,11.264828504233268,11.064252930884887,10.86367545732598,10.66309608361283,10.462514809703693,10.261931635618255,10.061346561348017,9.922694277104283,9.78404025350682,9.645384490542877,9.506726988287465,9.368067746647144,9.22940676571316,9.090744045425389,8.95207958577421,8.81341338681574,8.67474544849126,8.56944901935791,8.46415151595991,8.358852938293222,8.25355328640997,8.1482525602781,8.04295075982692,7.937647885186389,7.832343936283061,7.72703891312316,7.621732815721571
140,42.43086990053251,40.31396972964942,38.197033400811996,36.08006091400282,33.96305226921828,32.3874288086846,30.81178572181394,29.2361230086347,27.6604406691111,26.08473870327154,25.807822784388282,25.5308891569052,25.25393782080004,24.97696877608644,24.69998202275076,24.38487936930436,24.0697569251494,23.75461469031552,23.43945266478406,23.12427084854528,22.79940536323558,22.474519702466083,22.149613866261582,21.8246878546059,21.499741667501578,21.089058137519203,20.678360956209705,20.26765012355708,19.85692563958596,19.44618750426669,19.05172802238696,18.657259017969842,18.262780490995738,17.868292441510302,17.47379486946286,16.99412144903902,16.5144427842331,16.0347588750451,15.55506972146138,15.0753753234882,14.524656604101159,13.97393414984064,13.423207960702861,12.87247803667058,12.32174437776606,11.67540563014996,11.029060910371859,10.38271021844038,9.736353554359301,9.08999091812986,8.441036939334241,7.792076283293379,7.143108949991101,6.49413493945958,5.84515425167042,5.091760853186241,4.33836229762036,3.5849585849813996,2.83154971526074,2.0781356884546005,1.442117844054521,0.8060971802469993,0.17007369699985989,-0.4659526056621007,-1.1019817277512807,-1.0891983759193808,-1.0764156329962205,-1.0636334989918406,-1.0508519738677993,-1.0380710576773005,-1.026453001288,-1.01483275571428,-1.0032103209735603,-0.9915856970324192,-0.9799588839118798
141,51.25362193081536,49.54582714790893,47.83802686552161,46.13022108335949,44.42240980170478,43.07618113284891,41.72994377178537,40.38369771844555,39.03744297248754,37.69117953436591,36.9657377999604,36.24028698712825,35.51482709548679,34.78935812548545,34.063880076716444,33.43969824907075,32.815507170375646,32.19130684068655,31.56709725992766,30.942878428098858,30.31649717964751,29.69010772222445,29.063710055871244,28.43730418059895,27.810890096376273,26.93037998363609,26.04986335841025,25.16934022070989,24.288810570538573,23.408274407820585,22.35563139413343,21.30298382059397,20.250331687161882,19.197674993784243,18.145013740711022,17.211281328646564,16.277546319380072,15.343808712955092,14.410068509424761,13.476325708814738,12.542639086593685,11.608950504061086,10.675259961438353,9.741567458627953,8.80787299570582,8.137292968103369,7.466710489466327,6.796125559776565,6.125538179333816,5.454948348158293,4.784321776120904,4.11369242564194,3.4430602972249367,2.7724253909077454,2.101787706157485,1.6146482036926066,1.1275062481450984,0.6403618395518799,0.15321497774886256,-0.3339343375683144,-0.8209850561071736,-1.3080372083804703,-1.795090794769409,-2.282145815406416,-2.769202269963256,-3.03872966219055,-3.3082571315607945,-3.5777846795742287,-3.847312304915025,-4.116840007961179,-4.386184707961966,-4.655527739472641,-4.9248691035531165,-5.194208799320813,-5.463546827784145
142,47.77017434253941,45.38386066393454,42.99750721609196,40.6111139987406,38.224681011945655,36.4973151041242,34.76989945912402,33.0424340771465,31.314918958020808,29.58735410179345,28.441922115565983,27.296471406913778,26.151001975776783,25.00551382221164,23.860006946216764,22.86225244121097,21.86447826747332,20.866684424960866,19.868870913745397,18.871037733816987,17.981966664977076,17.092874526236315,16.20376131755467,15.314627038995456,14.425471690545276,13.838881049340642,13.252276315169468,12.665657488018976,12.079024567923184,11.492377554825282,10.906254616490411,10.320123052905068,9.733982863995868,9.147834049822746,8.561676610341793,8.097904602422876,7.6341278703846545,7.170346414291086,6.706560234056425,6.242769329766417,5.779087962651616,5.315402851131431,4.85171399523657,4.388021394922131,3.92432505026242,3.4407289429942804,2.95712690075082,2.4735189234954307,1.98990501117414,1.5062851639054105,1.0225230442346704,0.5387542600901204,0.0549788114127298,-0.4288033016658697,-0.9125920793024912,-1.2912023274666995,-1.6698177495668898,-2.0484383456304194,-2.427064115666009,-2.8056950596185604,-3.18400210021537,-3.5623119425812484,-3.940624586795569,-4.318940032808929,-4.69725828064956,-4.928391594969269,-5.159525569831069,-5.390660205264741,-5.621795501195569,-5.85293145772216,-6.0837688575673186,-6.3146040349504196,-6.5454369898574285,-6.776267722203721,-7.007096232090969
143,42.11791061910143,40.88360100313499,39.6492734273625,38.41492789176135,37.180564396372155,35.97427892650212,34.7679861390444,33.561686033843145,32.35537861113458,31.149063870796606,30.28671346657459,29.42435629879673,28.561992367404027,27.699621672593864,26.83724421405745,26.215827315367,25.59440501710301,24.972977319386867,24.35154422202404,23.73010572531847,23.053146888451312,22.3761837017313,21.699216164927787,21.02224427794001,20.345268041076,19.771716793999627,19.19816275640721,18.624605928237504,18.051046309491337,17.477483900198923,16.99308447571253,16.508682301576297,16.024277377660464,15.53986970427887,15.055459281095997,14.706291247823883,14.357121594040882,14.007950319695698,13.658777424767935,13.309602909295595,12.960426773175774,12.611249016593051,12.26206963939897,11.912888641626889,11.563706023223977,11.299783994511172,11.03586087763174,10.771936672760555,10.508011379919244,10.244084999260563,9.98015753034612,9.716228973699987,9.452299329199466,9.188368596203812,8.924436775606612,8.702532610325576,8.480627467342918,8.258721347016044,8.036814248938818,7.814906173372742,7.592997120450605,7.3710870898374505,7.149176081861893,6.927264096135388,6.705351133090773,6.4097666800958075,6.114181721842365,5.818596258054682,5.523010289438258,5.227423815572554,4.93183683654963,4.636249352315923,4.340661362812582,4.045072867947777,3.7494838680335634
144,41.53123100463775,40.302160024996645,39.073051973582636,37.843906850412615,36.61472465549176,35.416678004934276,34.21861093512543,33.02052344608936,31.822415537732052,30.62428721020441,29.72368550683893,28.82306832515005,27.92243566513808,27.02178752680576,26.121123910134564,25.072318953127372,24.02349360336552,22.9746478608334,21.92578172553526,20.87689519745607,20.01927267864268,19.16162935501108,18.30396522657397,17.446280293340152,16.588574555279894,15.787448838430171,14.986309659459879,14.185157018421936,13.383990915303382,12.58281135011062,11.782109277367272,10.981398574366997,10.180679240999384,9.379951277330449,8.57921468338019,8.528451209378417,8.477683003682934,8.426910066354564,8.376132397295452,8.32534999662739,8.27465947195765,8.22396521393093,8.173267222549951,8.12256549774461,8.071860039585639,8.009134055415354,7.946402139499686,7.88366429186256,7.820920512478723,7.7581708013616275,7.695346414653913,7.632515364598639,7.569677651245415,7.506833274514301,7.443982234497677,7.4063038956010425,7.368620401485745,7.330931752128839,7.293237947554733,7.255538987753547,7.218098744171975,7.180655703270165,7.143209865018306,7.105761229481374,7.068309796545295,7.0443044688705205,7.020298535617348,6.996291996790704,6.97228485242237,6.948277102495018,6.924584168271184,6.90089344213231,6.8772049240703765,6.853518614084042,6.829834512208247
145,45.88183432548808,44.775289262307034,43.66866557206786,42.561963255008905,41.45518231115899,39.948930730712,38.442611622271315,36.93622498648893,35.42977082277668,33.923249131397306,32.398830433369326,30.8743954845202,29.34994428486581,27.825476834347683,26.30099313294328,25.23756831647149,24.174133702572,23.11068929128439,22.04723508251604,20.98377107637809,19.983961473346106,18.98414358995385,17.984317426234657,16.98448298223921,15.984640257881018,15.4018003630415,14.81895552638009,14.23610574792712,13.653251027656879,13.070391365517349,12.64192508139946,12.213453855456901,11.784977687686647,11.356496578108139,10.92801052669916,10.66730903073154,10.40660469331294,10.145897514489711,9.885187494160991,9.62447463244123,9.363758929266119,9.10304038460354,8.84231899849482,8.581594770949119,8.320867702009089,8.20981103263311,8.09875228957099,7.987691472820389,7.87662858239574,7.76556361829538,7.6544965804928795,7.54342746908268,7.43235628393434,7.3212830251396195,7.21020769264152,7.11869658394516,7.02718357342145,6.93566866095365,6.84415184669214,6.75263313050416,6.6611125124651,6.5695899926209504,6.47806557091621,6.386539247296501,6.29501102185772,6.15065680726276,6.0063014011924505,5.8619448037632305,5.717587014923261,5.57322803461916,5.4288678629730205,5.28450649989959,5.140143945417591,4.99578019946099,4.85141526216562
146,45.581984382888066,44.50723135590704,43.43239970186786,42.357489421008914,41.28250051335899,39.763487391392005,38.24440674143132,36.725258564128936,35.20604285889668,33.686759625997304,32.17893960666933,30.671103336520197,29.16325081556581,27.65538204374768,26.14749702104328,25.13170787221149,24.115908925952002,23.100100182304388,22.08428164117604,21.068453302678087,20.1319904822661,19.19551938149385,18.25904000039466,17.32255233901921,16.38605639728102,15.806827625681501,15.22759391226009,14.64835525704712,14.069111660016882,13.489863121117349,13.054149546639461,12.6184310303369,12.182707572206649,11.746979172268139,11.311245830499159,11.015372849261539,10.71949702657294,10.42361836247971,10.12773685688099,9.83185250989123,9.53596532144612,9.240075291513541,8.944182420134819,8.64828670731912,8.35238815310909,8.21649830500311,8.08060638321099,7.94471238773039,7.80881631857574,7.67291817574538,7.53701795921288,7.40111566907268,7.265211305194339,7.12930486766962,6.9933963564415205,6.89829529877516,6.80319233928145,6.708087477843651,6.61298071461214,6.51787204945416,6.4227614824451,6.327649013630951,6.23253464295621,6.1374183703665,6.042300195957719,5.91653464498276,5.790767902532449,5.66499996872323,5.53923084350326,5.413460526819159,5.287689018793019,5.161916319339589,5.03614242847759,4.910367346140989,4.784591072465619
147,52.03160836647844,51.318674157479606,50.605704496373754,49.89269938337484,49.179658818082004,45.394162457351044,41.60860744352704,37.822993776570705,34.03732145655142,30.25159048337343,28.382861256655186,26.514115484164456,24.645353165816402,22.77657430167268,20.90777889173909,20.129341404299602,19.35088377601093,18.572406006857346,17.7939080968982,17.01539004610881,16.3603003706173,15.705190326744257,15.050059914462048,14.394909133821598,13.739737984802115,13.173261357981582,12.606771330865254,12.040267903452735,11.473751075792828,10.907220847801542,10.341150669839072,9.77507189818507,9.208984532795968,8.642888573741446,8.076784020938035,7.578020272344835,7.079251803046115,6.580478613115866,6.0817007024509255,5.582918071161838,5.084244160919397,4.585566504096071,4.08688510076213,3.5881999508505302,3.0895110544453206,2.6535370949100003,2.21755719866798,1.78157136567763,1.34557959588764,0.9095818894211908,0.4734342737703303,0.03727992175611996,-0.3988811667150096,-0.8350489915214696,-1.27122355279025,-1.6765779862419596,-2.0819375846175094,-2.4873023479070597,-2.892672276136751,-3.29804736925148,-3.7031015338973687,-4.10815851802009,-4.51321832169163,-4.91828094486259,-5.323346387605781,-5.430850198978972,-5.53835459043517,-5.645859562033981,-5.7533651136832695,-5.860871245474259,-5.9680879160596785,-6.0753023605374405,-6.18251457891831,-6.289724571117661,-6.396932337237172
148,43.023903085935856,41.26362871086967,39.50334935512443,37.74306501867093,35.982775701542145,34.8984381233841,33.814093031548076,32.729740426044856,31.64538030683664,30.56101267397364,29.40201931377054,28.243017600882194,27.084007535249775,25.92498911692349,24.76596234586553,23.737758283959412,22.709545598739748,21.681324290240553,20.653094358424028,19.624855803331762,18.79288956025142,17.96091513437273,17.128932525691276,16.296941734244882,15.464942759976905,14.917220728937092,14.369492194009938,13.821757155189019,13.274015612462389,12.726267565854394,12.303983673774313,11.881695269699893,11.459402353603691,11.037104925507172,10.614802985388872,10.246150306608993,9.877495068894168,9.50883727220281,9.140176916555482,8.771514001956422,8.4029092606148,8.034302618906496,7.665694076869334,7.297083634432071,6.928471291678349,6.930481921457818,6.932490064446707,6.934495720682836,6.9364988901429845,6.938499572823374,6.940463988523081,6.942425595504571,6.94438439383046,6.946340383461348,6.948293564413417,6.942993513471191,6.937691011806265,6.93238605943966,6.927078656362753,6.921768802571768,6.9165571750145824,6.911344112000837,6.906129613542931,6.900913679616066,6.8956963102450395,6.878887529993681,6.862078678417283,6.845269755515844,6.828460761297985,6.811651695755087,6.795024505024047,6.778398977969508,6.76177511459147,6.745152914886151,6.728532378844933
149,54.517249930594716,53.671310032376944,52.825334682052194,51.97932387983436,51.13327762532261,46.345334045385464,41.5573315544133,36.76927015236447,31.9811498393107,27.19297061516128,25.501108301446465,23.809229355413375,22.117333776984538,20.4254215662042,18.733492723075784,18.067824336386057,17.402136051016416,16.736427866886746,16.070699784118418,15.404951802656928,14.974213068666177,14.543454057797558,14.112674770020769,13.681875205396777,13.251055363899775,13.096238195497461,12.94140763545661,12.786563683747014,12.631706340447284,12.47683560547344,12.32242430371443,12.168004409615488,12.013575923095848,11.859138844237586,11.704693172969632,11.362397357406113,11.020096822029876,10.677791566877705,10.335481591871245,9.993166897121036,9.650962490968736,9.30875435385707,8.96654248582915,8.62432688681291,8.28210755690982,8.181875349668179,8.08163721072482,7.98139314003073,7.88114313755674,7.78088720339651,7.68048879835987,7.58008373001502,7.479671998290531,7.379253603293229,7.27882854491591,7.18386451653106,7.08889533291471,6.99392099407168,6.89894149996845,6.8039568506651396,6.709294430639229,6.614629213337189,6.519961198662229,6.42529038668117,6.3306167773161794,6.31723913692305,6.303860890964311,6.29048203939778,6.2771025823279905,6.2637225196536805,6.250632827539219,6.2375453434921395,6.22446006749429,6.21137699964034,6.19829613983333
150,52.85856163571896,52.82173424145827,52.784901927400334,52.748064693542936,52.71122253990665,50.456609157027025,48.2019881781954,45.947359603432794,43.69272343274297,41.43807966610979,39.82458799553221,38.21108754766858,36.597578322499466,34.9840603200189,33.37053354024746,31.944789985279687,30.51903779716735,29.093276975927697,27.667507521539704,26.24172943403037,25.053373314404574,23.865008908512614,22.676636216327495,21.488255237887035,20.299865973159402,19.364627478698942,18.429382511820144,17.49413107254139,16.558873160869716,15.623608776783481,14.827983926592639,14.03235460066725,13.236720798960889,12.441082521528603,11.645439768327739,11.036647955299655,10.427853619007031,9.819056759479066,9.210257376665542,8.601455470616678,7.992717010287857,7.383976648032152,6.775234383858188,6.166490217761124,5.5577441497582,4.93214148828698,4.306536341713779,3.6809287100348205,3.05531859322908,2.4297059913299806,1.8040547740712012,1.1784007452422005,0.5527439048932,-0.07291574697800045,-0.6985782104194196,-1.1307033726099884,-1.5628309856100573,-1.9949610494628072,-2.427093564122854,-2.859228529608585,-3.2912648638913136,-3.723302635711601,-4.155341845084052,-4.587382492008659,-5.019424576460628,-5.252687426090635,-5.485950362198481,-5.719213384759366,-5.952476493789474,-6.185739689285017,-6.4188203924735046,-6.651899441124291,-6.884976835249775,-7.118052574841341,-7.351126659895206
151,51.807384888258525,49.59032409748386,47.37325780272892,45.156186004692984,42.93910870295105,41.10179490341644,39.26447255782689,37.42714166626101,35.5898022287677,33.752454245399385,32.50750073059134,31.262538019540003,30.01756611239885,28.77258500879268,27.527594708884777,26.45750360811263,25.387403632437678,24.317294782067826,23.247177056978956,22.177050457226745,21.170793588399032,20.164528272449147,19.15825450935636,18.15197229932874,17.14568164211566,16.411729284601336,15.67777025187484,14.943804544023028,14.20983216108882,13.475853102776123,12.742465116195685,12.00907247384918,11.275675175258177,10.542273220699451,9.808866610161456,9.240765136211014,8.67266101903798,8.104554258864157,7.536444855650425,6.968332809339812,6.40028865506555,5.832242529389396,5.264194432610995,4.696144364605963,4.1280923253854,3.694422736573844,3.2607506543259386,2.8270760790667135,2.393399010447479,1.9597194486941127,1.5260026719651083,1.092283090469672,0.6585607039080466,0.2248355126920828,-0.2088924836344538,-0.6159096832206781,-1.0229293135885527,-1.4299513744974373,-1.836975865942472,-2.244002788147995,-2.6509308494252206,-3.057860325874856,-3.4647912175788584,-3.871723524724895,-4.278657246906999,-4.554816937608481,-4.830976693910236,-5.107136515974589,-5.383296403490612,-5.659456356930865,-5.93543566282523,-6.211413311214983,-6.487389301920815,-6.763363635078261,-7.039336310560132
152,55.21714920696516,54.38632564785313,53.55549658476084,52.72466201838755,51.89382194830826,48.16356747936222,44.43330428575861,40.70303236750852,36.97275172485852,33.24246235736284,31.303186602708152,29.36390173089284,27.42460774177056,25.48530463567334,23.545992412494858,22.756552434678262,21.967103308931645,21.177645035032302,20.38817761307841,19.598701043231145,18.906560286028405,18.21441117572891,17.522253712433507,16.830087895852696,16.137913726141353,15.54254054547199,14.947160757426218,14.351774361672756,13.75638135837766,13.1609817475608,12.566418546653146,11.971850770546094,11.377278419473633,10.782701493133862,10.188119991560649,9.66442188591076,9.140721205120535,8.617017949323747,8.093312118206851,7.569603711955524,7.045960074063937,6.52231449759055,5.9986669826849734,5.4750175289744085,4.95136613676676,4.5052175283019595,4.05906645663394,3.6129129221791008,3.1667569247174003,2.7205984640808807,2.2744013318512204,1.82820140935628,1.3819986964326803,0.9357931934554211,0.48958490020568096,-0.0569885433685189,-0.6035644186688199,-1.1501427260139994,-1.696723465131799,-2.243306636253979,-2.7897923845821593,-3.3362795635743177,-3.882768173556839,-4.42925821421332,-4.975749685850782,-5.101897804687937,-5.228046006777499,-5.354194292227412,-5.480342660713866,-5.60649111246691,-5.73245558463998,-5.858418384738925,-5.984379513029437,-6.110338969598794,-6.2362967541179755
153,43.88398540612041,42.24534701665228,40.6067037181129,38.968055510462854,37.32940239373512,36.4196507020384,35.50989180409467,34.60012569995418,33.69035238958127,32.78057187299699,31.972253500521127,31.16392673714323,30.35559158284385,29.547248037617013,28.73889610148329,27.986221477381388,27.23353788631452,26.480845328299928,25.728143803329004,24.975433311428734,24.21617624204694,23.456911255361003,22.697638351368695,21.93835753008305,21.179068791497027,20.69366349346529,20.208251816498827,19.7228337606036,19.237409325811452,18.75197851206354,18.351611343866203,17.951239457142325,17.550862851857865,17.150481528080288,16.750095485729727,16.256575355108243,15.763052490050221,15.269526890584855,14.775998556661936,14.28246748833167,13.789020245183448,13.295571116811148,12.802120103210981,12.308667204365722,11.815212420304995,11.444367410818932,11.073519877468483,10.702669820262276,10.331817239204089,9.960962134302545,9.590070859494915,9.219176760444268,8.848279837163622,8.477380089663175,8.106477517907308,7.982731357962559,7.858982745484712,7.735231680467785,7.611478162932357,7.4877221928600495,7.364065238675941,7.240406849099474,7.116747024116046,6.993085763738058,6.869423067953111,6.854269285828268,6.839115432440387,6.823961507801865,6.808807511908922,6.79365344475294,6.778681465986417,6.763711152991997,6.748742505744875,6.733775524278474,6.71881020857177
154,44.67498006646877,43.25609942119084,41.837213866841644,40.41832340339641,38.999428030858866,38.0617623642814,37.12408949147154,36.1864094124357,35.248722127182056,34.31102763571703,33.41160416822531,32.51217230980236,31.61273206047252,30.71328342022981,29.813826389065635,28.962685414419,28.11153547280739,27.26037656424807,26.40920868874701,25.558031846287413,24.712840803296892,23.867641843002218,23.022434965415776,22.177220170536,21.33199745834125,20.737895852656735,20.14378786806668,19.549673504533267,18.955552762102936,18.36142564073145,17.90677083808783,17.45211131691767,16.99744707718693,16.542778118963074,16.088104442166234,15.55639725687438,15.02468733716059,14.492974683010253,13.96125929443156,13.429541171430929,12.897898269525733,12.36625348241106,11.834606810068525,11.302958252466293,10.771307809663197,10.397524826886304,10.023739320230428,9.64995128973339,9.276160735369778,8.902367657177404,8.528540327956946,8.154710174522673,7.7808771968437975,7.407041394930522,7.0332027687910275,7.017177968081996,7.001150714839865,6.985121009087855,6.969088850788143,6.9530542399515545,6.9371180415121625,6.921180407651213,6.905241338383302,6.8893008337354305,6.8733588936659995,6.855487728505441,6.8376164920818425,6.819745184407604,6.801873805478945,6.784002355287248,6.766312993485009,6.748625297454873,6.730939267172032,6.713254902669914,6.695572203927496
155,49.21853940482748,48.69633158933882,48.17408394705723,47.65179647853334,47.12946918342819,45.87898629314138,44.62844592676504,43.37784808419124,42.12719276531613,40.87647997006753,39.545265578465475,38.21402307634493,36.88275246471569,35.551453742485116,34.22012691047826,33.09676723847395,31.973397769357128,30.85001850234389,29.72662943835981,28.60323057647753,27.52055960537579,26.4378803538058,25.35519282182696,24.272497009640862,23.18979291721413,22.30906863290737,21.42833940677703,20.547605238760028,19.66686612903005,18.7861220774592,18.042586952442242,17.299046885690508,16.5555018769034,15.811951926435132,15.06839703418068,14.57668383338416,14.08496779111437,13.59324890746333,13.10152718233002,12.60980261578887,12.12959292422573,11.649380391181039,11.1691650167911,10.688946800883791,10.20872574359673,10.10099002138361,9.99325222563594,9.88551235616439,9.777770413045,9.670026396174789,9.56081250966326,9.451596549437431,9.34237851561806,9.23315840793451,9.123936226667567,9.06716799687776,9.01039786523469,8.95362583190183,8.896851896524561,8.84007605931293,8.78314794216387,8.72621792315612,8.66928600243468,8.612352179673472,8.555416455088888,8.514346064135939,8.47327448163664,8.43220170777323,8.39112774244206,8.35005258571668,8.307687168684078,8.26532056005429,8.222952759998629,8.18058376874028,8.13821358584824
156,43.6840052261077,42.580669852603215,41.477329570027464,40.37398437835566,39.270634277591576,38.52853923778304,37.786436991742114,37.04432753947519,36.30221088099048,35.56008701629439,34.78429151854882,34.008487629872015,33.232675350288325,32.456854679791775,31.68102561837374,30.733830435942146,29.7866262865456,28.83941317020132,27.892191086915307,26.94496003667076,25.94103379734388,24.93709964071284,23.933157566790047,22.9292075755739,21.92524966704279,21.141594359239207,20.357932672530087,19.574264606877602,18.7905901623282,18.006909338837634,17.393804066086297,16.78069407480842,16.167579364969964,15.554459936638388,14.941335789733833,14.443512607379393,13.945686690603015,13.447858039390095,12.95002665374882,12.452192533685603,11.954433634717823,11.456672850540569,10.958910181135451,10.461145626470634,9.963379186604955,9.67851729930366,9.393652888123384,9.108785953101949,8.823916494213933,8.539044511497156,8.2541382777523,7.969229219793625,7.684317337590349,7.399402631152676,7.114485100488778,7.103930097639842,7.093372642257805,7.082812734365887,7.072250373926271,7.0616855609497735,7.051219160370477,7.040751324369619,7.030282052961803,7.019811346174026,7.0093392039646885,6.976318522247256,6.943297769266783,6.910276945035669,6.8772560495501365,6.844235082801564,6.81139620444245,6.77855899185544,6.745723445015725,6.7128895639567325,6.6800573486574395
157,54.480787903232844,54.46275004278284,54.44467672971267,54.42656796486272,54.40842374744984,52.091630267048714,49.77478051526466,47.45787449148045,45.14091219639132,42.82389362968554,40.57054258354095,38.317173524956104,36.06378645425954,33.81038137171932,31.5569582769164,30.31378183500854,29.0705849376056,27.827367583962243,26.58412977429802,25.34087150889436,24.35083137655025,23.36077038743117,22.37068854178987,21.380585838723185,20.390462279088418,19.70242473276817,19.01437368574844,18.32630913779439,17.638231089342938,16.95013954012747,16.38757939449857,15.82501064519837,15.262433292218429,14.69984733572323,14.13725277534059,13.78526376699404,13.43327003740736,13.08127158660478,12.729268414606292,12.377260521216268,12.024934869551792,11.67260548499719,11.32027236742333,10.96793551723665,10.6155949341735,10.45313999877015,10.290679132498902,10.128212335343713,9.96573960755922,9.80326094905679,9.64032727996347,9.47738694762683,9.314439951857478,9.151486292858001,8.9885259704947,8.92764527765074,8.86675942974419,8.80586842665875,8.74497226815421,8.6840709546,8.623789328588641,8.563504905264038,8.50321768457962,8.442927666468192,8.382634851087849,8.34992047421426,8.317205491937958,8.28448990391026,8.251773710337,8.219056911250231,8.18714563288519,8.15523656283081,8.12332970077367,8.091425046708139,8.05952260090154
158,52.468475168512335,50.96383568721333,49.45911858574606,47.954323863779315,46.44945152167705,45.16318968372567,43.876898950815274,42.59057932293649,41.30423080009354,40.017853382223294,39.215542593908275,38.41320361590019,37.610836448331604,36.80844109098961,36.006017543855585,35.21957415325383,34.43312427913259,33.64666792173262,32.86020508077608,32.07373575661472,31.02202212005676,29.970302084991808,28.918575651009824,27.866842818511156,26.81510358712533,25.546188203904588,24.27727014085777,23.008349398402054,21.739425976317243,20.470499874673862,19.486382536688208,18.50226254205791,17.518139890993034,16.53401458325138,15.549886619083683,14.873013254178185,14.196138484402372,13.51926230978339,12.842384730615198,12.165505746500658,11.488625357661004,10.811743564195064,10.134860365883053,9.457975762797851,8.781089755117739,8.18492936056701,7.588767536583167,6.992604282598885,6.396439599356314,5.800273486705432,5.20410594440066,4.607936972246658,4.011766570765538,3.415594739903726,2.819421479233185,2.325686239177807,1.8319503144319784,1.3382137048356002,0.8444764106685823,0.35073843126176507,-0.1430002326634513,-0.6367395810682687,-1.1304796140131084,-1.6242203316663755,-2.117961734011633,-2.421528771542748,-2.725095766689876,-3.0286627205758303,-3.3322296319062046,-3.635796501571781,-3.939363329975545,-4.242930115837181,-4.546496860575595,-4.850063562933032,-5.153630224045706
159,42.64229295107617,40.21474442314136,37.78708839657049,35.35932487090197,32.93145384628201,31.01305720983868,29.09463591369634,27.17618995749508,25.25771934163745,23.33922406569067,22.48598232128125,21.63272942025109,20.77946536275147,19.92619014842519,19.072903777032753,18.50379043999508,17.93466795704097,17.365536328297154,16.7963955541968,16.22724563480385,15.90276784403096,15.57828242488518,15.25378937720288,14.929288701101708,14.60478039648093,14.29033216458999,13.97587830337631,13.661418813058878,13.34695369360666,13.03248294475548,12.83110575715073,12.62972516275152,12.428341161646692,12.226953753568479,12.025562938825066,11.95778844839758,11.890011217652628,11.822231246972128,11.75444853618946,11.68666308511773,11.618020363941959,11.54937540349495,11.48072820358812,11.41207876413743,11.343427085502821,11.23878291729676,11.13413689966835,11.029489032808689,10.9248393163787,10.82018775042486,10.71493335069895,10.60967738338592,10.50441984849507,10.39916074598848,10.29390007601681,10.06684041082282,9.8397793937568,9.61271702463779,9.38565330376262,9.15858823075186,8.93170446157473,8.70481898213193,8.47793179247309,8.25104289253998,8.02415228257404,7.875148889822291,7.7261446790727195,7.57713965013593,7.42813380332868,7.27912713837219,7.13045085728014,6.981773757963009,6.83309584075735,6.68441710531222,6.53573755196135
160,44.17032414714,43.063809506780004,41.95729486642,40.850780226059996,39.7442655857,38.33746868146,36.93067177722,35.52387487298,34.11707796874,32.7102810645,31.52011048744,30.32993991038,29.13976933332,27.94959875626,26.7594281792,25.647540717880002,24.53565325656,23.42376579524,22.311878333920003,21.1999908726,19.98323245446,18.766474036319998,17.549715618180002,16.33295720004,15.1161987819,14.708762409489998,14.301326037079999,13.893889664669999,13.486453292259998,13.07901691985,12.67158054744,12.264144175030001,11.856707802619999,11.449271430209999,11.0418350578,10.88013461305,10.7184341683,10.55673372355,10.3950332788,10.23333283405,10.071632389300001,9.909931944550001,9.748231499800001,9.58653105505,9.424830610299999,9.333663022940001,9.24249543558,9.151327848220001,9.06016026086,8.968992673499999,8.87782508614,8.78665749878,8.69548991142,8.60432232406,8.5131547367,8.434803039119998,8.35645134154,8.278099643960001,8.199747946379999,8.121396248799998,8.04304455122,7.964692853639999,7.886341156059999,7.807989458479999,7.729637760899999,7.654124416069999,7.578611071239999,7.503097726409999,7.42758438158,7.35207103675,7.27655769192,7.20104434709,7.12553100226,7.05001765743,6.9745043126
161,39.92236816415835,37.82056870049465,35.71873216508324,33.61685855789062,31.51494787897237,29.51937321162528,27.52377812502683,25.528162619175962,23.532526694054255,21.53687034973701,20.881532751038925,20.22617967404265,19.570811118748484,18.91542708510876,18.260027573130163,17.839718863561973,17.419389761264316,16.999040266146,16.578670378286862,16.158280097646667,15.742303313064873,15.32630572369008,14.910287329484564,14.494248130482351,14.078188126678898,13.470691653205472,12.863181717661881,12.255658320025436,11.648121460308385,11.04057113851712,10.44039256867647,9.840205368578895,9.240009538113988,8.639805077372948,8.03959198630019,7.680569155576218,7.321541593208937,6.962509299158365,6.603472273402252,6.24443051601199,6.41321601769045,6.581997785961529,6.75077582087835,6.91955012239601,7.08832069056004,7.207110189092153,7.325893755904086,7.444671390994559,7.563443094338323,7.682208865923627,7.811118022963513,7.940020516655839,8.068916347050216,8.197805514041502,8.326688017772478,8.446857511360943,8.567021849730745,8.68718103285894,8.807335060769931,8.927483933453848,8.934731064057376,8.941975397340665,8.949216933273904,8.956455671947275,8.963691613196293,8.87387933376692,8.784066448784348,8.694252958228304,8.604438862130571,8.514624160473817,8.376862577515386,8.23910320269231,8.101346035920976,7.963591077200042,7.8258383266400475
162,48.564961323198936,48.04625462169758,47.52747298023907,47.00861639867451,46.489684877081686,45.32789420129002,44.1660652754479,43.00419809944897,41.84229267336233,40.680348997143604,39.32529400520731,37.97022422578211,36.61513965875055,35.26004030423691,33.90492616217343,32.744989232833404,31.58504250607593,30.42508598188413,29.265119660250225,28.10514354119205,27.004627723935954,25.904103626362804,24.803571248446808,23.70303059023306,22.60248165168816,21.725465899899042,20.848444019936007,19.971416011782512,19.09438187542965,18.217341610897826,17.443028368147655,16.6687113699442,15.894390616308876,15.120066107224572,14.345737842679581,13.693959405465112,13.042177876400645,12.390393255544247,11.738605542862016,11.086814738370247,10.435428041168358,9.784038752874235,9.13264687351427,8.481252403064856,7.829855341534033,7.47942162066855,7.128985685177445,6.778547535098901,6.4281071703909864,6.077664591090763,5.727349834758411,5.37703314567627,5.026714523827026,4.676393969254383,4.326071481933114,4.189826810333943,4.0535804160562945,3.917332299051887,3.7810824593588293,3.6448308969629313,3.508571745720152,3.372310513477543,3.236047200195864,3.0997818059035556,2.9635143305887164,2.8161471390413424,2.6687787560786904,2.5214091816851774,2.374038415865573,2.2266664586800604,2.079303710989339,1.9319397718778368,1.7845746413911734,1.637208319479181,1.4898408061452184
163,49.54724148378522,47.31155777991243,45.075808567534224,42.83999384667144,40.604113617037854,38.937065085922114,37.269982569484334,35.60286606803246,33.935715581138254,32.26853110928285,31.027106826411853,29.78564351767172,28.54414118311378,27.30259982256335,26.06101943614681,24.998475092777213,23.93591883469324,22.873350661922256,21.81077057451455,20.748178572412268,19.810933680620863,18.8736805084995,17.93641905602511,16.999149323265513,16.06187131017981,15.419376890387456,14.776876342388839,14.134369666246588,13.491856861895544,12.849337929355292,12.207191867409568,11.56504205005231,10.922888477223804,10.280731148975851,9.638570065237744,9.134882985891343,8.631192814783425,8.127499551788667,7.623803196976107,7.120103750406616,6.6166387644576945,6.113171187450043,5.60970101935605,5.106228260194708,4.602752909935057,4.187351789146326,3.771948453686673,3.35654290366951,2.941135139012098,2.5257251597886254,2.1105716881965724,1.6954162838095883,1.2802589467056937,0.8650996768719701,0.4499384742780665,-0.02489645932088579,-0.4997331155840858,-0.9745714945940874,-1.4494115962479275,-1.9242534206625106,-2.39960165813662,-2.8749519766404803,-3.35030437619089,-3.8256588567367693,-4.30101541831667,-4.388244173712499,-4.475474120563309,-4.5627052587854795,-4.649937588487429,-4.737171109521539,-4.82446549493737,-4.911761071761589,-4.999057839964169,-5.086355799601571,-5.17365495065314
164,55.2143588289081,54.34007609869625,53.46575791681362,52.59140428299031,51.71701519656288,47.729271432314924,43.74146901499306,39.75360794450034,35.7656882209162,31.77770984411305,29.83648491251534,27.89524343508332,25.95398541180473,24.012710842782308,22.07141972804648,21.320986012854515,20.57053215683172,19.82005815988799,19.069564022156694,18.31904974361996,17.66959843393973,17.02012675597064,16.370634709572403,15.72112229475073,15.071589511564767,14.474749010164823,13.877895108322866,13.28102780634714,12.684147104054903,12.087253001379766,11.490790687896961,10.894319780697867,10.297840279626707,9.70135218502792,9.104855496631545,8.520725481326403,7.936590745342811,7.3524512886665505,6.768307111165339,6.184158213103837,5.600099281021706,5.016036602336564,4.431970177212572,3.847900005448351,3.2638260871896803,2.7467314819763993,2.2296309399764396,1.7125244614314397,1.1954120459880995,0.6782936938123995,0.16108259224559934,-0.35613524550206077,-0.8733598198080205,-1.3905911305149197,-1.9078291776850398,-2.4416513138355995,-2.9754786149127996,-3.509311080886601,-4.04314871177444,-4.576991507577919,-5.11058366563448,-5.644178643211981,-6.1777764403292,-6.711377056962141,-7.2449804931322,-7.402318534841074,-7.559657156840517,-7.716996358875109,-7.874336141071756,-8.031676503261128,-8.188705374927572,-8.345732020618302,-8.502756440129808,-8.659778633531124,-8.816798600858265
165,32.35729310521625,31.135759494828296,29.91422588444034,28.69269227405239,27.47115866366444,26.595533309807493,25.719907955950557,24.844282602093607,23.968657248236664,23.09303189437972,22.62964475053082,22.16625760668192,21.70287046283301,21.239483318984103,20.7760961751352,20.197983162491212,19.619870149847227,19.04175713720324,18.463644124559245,17.88553111191526,17.329602495163147,16.77367387841104,16.217745261658923,15.661816644906812,15.1058880281547,14.65577070688532,14.205653385615948,13.755536064346572,13.305418743077196,12.855301421807821,12.449658872336396,12.044016322864973,11.638373773393548,11.232731223922125,10.827088674450701,10.544981543563026,10.262874412675355,9.980767281787685,9.698660150900013,9.416553020012339,9.084361075880828,8.752169131749318,8.419977187617803,8.087785243486291,7.75559329935478,7.34657359449484,6.9375538896349,6.52853418477496,6.119514479915019,5.710494775055079,5.136627606012963,4.562760436970847,3.9888932679287317,3.4150260988866163,2.8411589298445,2.244019600811457,1.6468802717784121,1.0497409427453683,0.45260161371232427,-0.14453771532071946,-0.9150549031695,-1.6855720910182799,-2.4560892788670596,-3.2266064667158387,-3.9971236545646205,-4.611627295290923,-5.2261309360172294,-5.840634576743532,-6.455138217469836,-7.06964185819614,-7.430339400826049,-7.791036943455954,-8.151734486085866,-8.512432028715773,-8.873129571345682
166,53.747595524719245,52.60371871555552,51.45984190639177,50.315965097228045,49.172088288064295,47.19483936284227,45.217590437620245,43.24034151239822,41.2630925871762,39.285843661954175,37.86055141693357,36.43525917191296,35.00996692689235,33.584674681871746,32.15938243685114,31.190970133463082,30.222557830075026,29.254145526686962,28.285733223298905,27.31732091991085,26.57420356802136,25.831086216131865,25.08796886424237,24.344851512352882,23.60173416046338,22.61136294185812,21.620991723252857,20.63062050464759,19.640249286042334,18.649878067437072,17.8316003719576,17.013322676478126,16.195044980998656,15.376767285519179,14.55848959003971,14.07085242558516,13.583215261130608,13.095578096676059,12.607940932221508,12.120303767766956,11.606814166976948,11.09332456618694,10.579834965396934,10.066345364606928,9.55285576381692,8.950586382332997,8.348317000849072,7.746047619365148,7.143778237881224,6.541508856397301,6.260085799600594,5.978662742803885,5.697239686007177,5.415816629210469,5.13439357241376,4.92837703277076,4.722360493127759,4.5163439534847605,4.310327413841759,4.1043108741987595,4.09055176883203,4.0767926634653,4.06303355809857,4.04927445273184,4.03551534736511,3.983943126125328,3.932370904885546,3.880798683645764,3.8292264624059817,3.7776542411662,3.9104764455202736,4.043298649874348,4.176120854228423,4.308943058582496,4.4417652629365705
167,54.26937929450341,53.74243216164241,53.21542610666618,52.68836112960968,52.16123723030736,50.77420812888458,49.38716327029856,48.000102654789224,46.61302628200366,45.225934152113865,43.84614497351387,42.466321789934916,41.0864646013169,39.706573407746326,38.32664820919251,37.42488070044958,36.52307822461049,35.62124078189459,34.719368372102196,33.81746099518587,32.9149334945222,32.012387432460294,31.10982280920106,30.20723962444525,29.30463787846341,27.945961929669732,26.58727944501648,25.228590424402995,23.86989486766788,22.5111927753642,21.15092059345368,19.79064465658322,18.430364963772618,17.0700815153583,15.7097943121609,15.1487503002091,14.587703195763659,14.026653000346899,13.46559971293094,12.90454333307642,12.338886479333219,11.77322703378388,11.207564997758,10.64190037020158,10.07623315142544,10.01104253634816,9.94584970618846,9.88065466199912,9.815457402557861,9.75025792860324,9.680370951250099,9.61048204121214,9.54059119776616,9.47069842226456,9.400803713298979,9.42494533438068,9.44908523353874,9.4732234092923,9.497359862466121,9.521494592783359,9.54180723094418,9.56211778822334,9.58242626447306,9.60273265963842,9.62303697383954,9.62682814753954,9.63061812911206,9.63440691996862,9.63819451894544,9.64198092701236,9.64459444023554,9.6472067625542,9.64981789356764,9.65242783300136,9.6550365804947
168,43.2350852812147,42.29595901288152,41.35680131557128,40.41761218908539,39.478391633534116,38.42053658160463,37.36267021730641,36.304792540563476,35.24690355145579,34.189003249824026,33.209896768739526,32.23077940309684,31.251651152854514,30.272512018027804,29.29336199863216,28.261251645974138,27.229132270208424,26.197003871344258,25.1648664493394,24.132720004223405,23.23312398210415,22.333520357128865,21.433909129261988,20.53429029851093,19.634663864894534,18.632303980818207,17.629939543856413,16.627570554000037,15.625197011240902,14.62281891557465,13.620292594448514,12.617761720374888,11.615226293420081,10.612686313578305,9.61014178083648,9.461880330476612,9.313616261160888,9.165349572923512,9.017080265770007,8.868808339675159,8.720509653557464,8.57220834851433,8.423904424546235,8.275597881617541,8.127288719778576,8.070084299149936,8.012877978291726,7.955669757321946,7.898459636105494,7.841247614705516,7.784053502212217,7.726857489577336,7.669659576703196,7.612459763692327,7.555258050455487,7.521018292331786,7.4867767948206945,7.452533558013414,7.418288581867033,7.384041866395072,7.349814436797777,7.315585267922891,7.281354359731335,7.247121712191781,7.212887325283597,7.175460911015731,7.138033422505555,7.10060485973495,7.063175222690385,7.025744511444128,6.988261799242706,6.950778012832053,6.913293152134501,6.875807217256759,6.838320208044046
169,57.60311063397811,57.486560168868024,57.36996417921231,57.253322665017365,57.136635626291394,54.35214657900702,51.56763840596167,48.78311110716616,45.99856468257404,43.21399913223177,41.215776876851066,39.21754729718089,37.219310393223466,35.22106616497438,33.22281461245043,31.64831659178155,30.073813182843836,28.499304385655652,26.9247902001668,25.350270626409102,24.16938971476754,22.988504450341743,21.80761483314367,20.626720863173748,19.445822540416962,18.49663230537291,17.54743877896135,16.598241961165026,15.649041851974184,14.699838451434204,13.919828866984687,13.139816999364811,12.359802848556201,11.579786414591819,10.799767697457087,10.108557129423874,9.41734473114428,8.726130502680931,8.034914443998199,7.343696555098726,6.652496309579176,5.961294575630063,5.2700913532513916,4.57888664243718,3.887680443195607,3.315332859972643,2.742984045269137,2.170633999101273,1.5982827214566477,1.0259302123352634,0.45358839510637927,-0.11875446121326545,-0.6910983566360709,-1.2634432911226354,-1.83578926470594,-2.2530689336704253,-2.6703494983444713,-3.087630958738276,-3.504913314856242,-3.922196566699945,-4.339497094593852,-4.756798762780897,-5.174101571263721,-5.591405520022887,-6.0087106090838125,-6.209396718621634,-6.410083361231015,-6.610770536936758,-6.811458245738858,-7.012146487603898,-7.21283526253944,-7.4135245705627195,-7.614214411648943,-7.814904785840143,-8.015595693127702
170,57.617297749725644,57.49617234728397,57.37500374526783,57.253791943626986,57.13253694240085,54.70567730992221,52.27879963330253,49.851903912545595,47.42499014765139,44.99805833862856,43.128936401137565,41.259793789384844,39.390630503412,37.52144654320822,35.652241908721706,34.15164175860819,32.65103296151438,31.15041551745752,29.64978942644136,28.149154688449748,26.827518595489092,25.505878149773405,24.18423335125624,22.862584199996434,21.540930695949744,20.55772776432378,19.574521541344893,18.591312026981253,17.608099221237687,16.62488312413039,15.847687269815165,15.07048913234418,14.293288711684454,13.516086007868969,12.738881020868524,12.036648157367384,11.334413463649064,10.632176939717784,9.929938585567124,9.227698401228919,8.525515796599642,7.823331703555402,7.1211461220816,6.4189590521868585,5.716770493850159,5.080027494211479,4.44328326309226,3.80653780049408,3.16979110643374,2.53304318089664,1.8963288301094408,1.2596134402314816,0.6228970112503599,-0.013820456809119402,-0.6505389639507395,-1.0633906714655408,-1.4762432747045025,-1.889096773663222,-2.3019511683315046,-2.7148064587401266,-3.127735978572548,-3.540666638683508,-3.9535984390902494,-4.366531379802531,-4.779465460787373,-4.988873186305872,-5.1982814448959305,-5.407690236582348,-5.617099561365127,-5.826509419210848,-6.03591981012707,-6.245330734131029,-6.454742191197927,-6.664154181369806,-6.873566704638046
171,42.18739929866361,40.441951543529285,38.69641725254818,36.950796425726196,35.20508906306097,33.73665114970718,32.26820102527028,30.799738689711045,29.33126414301788,27.86277738522261,26.84058869916762,25.818388227235857,24.79617596944863,23.773951925793327,22.751716096281097,21.97989657220575,21.20806725071493,20.43622813178797,19.664379215397023,18.89252050160965,18.20731321935396,17.52209765680531,16.836873813894485,16.15164169069498,15.466401287148893,15.20017858065449,14.933950932360993,14.667718342233858,14.401480810276464,14.135238336523187,13.91135298101878,13.687462683701506,13.463567444580537,13.239667263617513,13.015762140843432,12.830875398933236,12.64598581559904,12.46109339080923,12.276198124577911,12.091300016857476,11.906398382951222,11.721493907599008,11.536586590794844,11.35167643252937,11.166763432852097,11.035855343060826,10.904945179608344,10.774032942457614,10.643118631637156,10.512202247140474,10.381294573454975,10.250384826122843,10.119473005105476,9.988559110356917,9.857643141991387,9.780248662424455,9.702852281000883,9.625453997675816,9.548053812533952,9.47065172552209,9.393253851531595,9.315854075724001,9.238452398007714,9.161048818461955,9.083643337035111,9.045729869678594,9.007815210885196,8.96989936069519,8.931982319111434,8.894064086093556,8.856147134692737,8.81822899189333,8.780309657679362,8.742389132007684,8.704467414967436
172,48.65182756262328,48.191346594652366,47.73075825632008,47.27006254660943,46.80925946597623,42.16811583051469,37.52694752363257,32.88575454519532,28.244536895084,23.603294573943348,22.69979008455206,21.796273809142086,20.89274574801662,19.98920590085235,19.08565426838808,17.94724693524297,16.808829804620657,15.670402876565829,14.53196615113116,13.393519628730692,12.85018999100271,12.30685207307627,11.76350587474769,11.22015139608215,10.67678863723047,10.56625147339753,10.45570818142871,10.345158761297371,10.23460321287985,10.12404153628131,10.049588906466921,9.97513252130239,9.90067238061042,9.82620848449549,9.751740832802419,9.71424232383288,9.67674072302594,9.63923603026564,9.601728245813039,9.564217369422309,9.52609780262779,9.48797564472024,9.44985089572835,9.41172355569022,9.37359362457946,9.317304620530392,9.261013401866109,9.20471996860398,9.14842432071533,9.092126458286021,9.03541823716316,8.978708083249288,8.9219959966768,8.86528197739419,8.80856602518579,8.764439083656379,8.720310419265221,8.676180032321259,8.63204792265327,8.587914090289088,8.54408886870079,8.50026156611594,8.45643218246984,8.41260071788858,8.368767172294179,8.34378238949866,8.31879641526255,8.293809249484982,8.268820892347339,8.243831343909031,8.21930634282104,8.19478015018348,8.17025276615515,8.14572419069071,8.121194423817379
173,53.93820530969772,53.970901771267485,54.00359331303999,54.03627993501303,54.068961637207174,51.329549868254205,48.59013047987603,45.850703472068886,43.11126884483654,40.3718265981876,38.43371437983765,36.49559339785408,34.557463652192624,32.61932514287209,30.68117786988829,29.2470187971912,27.812850839679143,26.37867399736937,24.94448827024085,23.5102936583082,22.398653772172516,21.28700577195708,20.17534965765968,19.063685429305735,17.952013086888215,17.10902792413168,16.26603634424841,15.423038347231975,14.580033933139026,13.737023101898314,13.043816848940212,12.350606142331971,11.657390982039551,10.964171368118011,10.27094730051229,9.940491693923965,9.610033561950697,9.279572904609287,8.94910972187432,8.618644013771213,8.288243123844945,7.957840345073796,7.62743567749119,7.297029121067481,6.966620675819914,6.97698520753063,6.987347256768167,6.9977068235411455,7.00806390785334,7.018418509688579,7.028734356862536,7.039047393631872,7.049357620034409,7.059665036043146,7.0699696416596645,7.05173190635161,7.033491720370453,7.015249083697818,6.997003996354283,6.97875645833387,6.9606077617956545,6.942457629976681,6.924306062837544,6.906153060403049,6.887998622648395,6.859386015755706,6.83077333768678,6.8021605884540115,6.773547768078425,6.744934876538997,6.716503847684229,6.688074482555563,6.659646781128196,6.631220743435549,6.602796369456601
174,56.56425539545874,56.222558715994914,55.880787666157886,55.538942245742945,55.19702245483981,52.31133462486917,49.42563832159524,46.53993354568042,43.654220296059,40.76849857328999,39.0864369369161,37.40436783471086,35.722291266970124,34.04020723330878,32.35811573386241,30.94926372076931,29.54040651616615,28.13154412008852,26.72267653257371,25.3138037535249,23.981621125273747,22.649433349456682,21.31724042634017,19.98504235562914,18.652839137490663,17.712517726727185,16.772194743352564,15.831870187286397,14.891544058819907,13.951216357691061,13.27972885989968,12.60823983882504,11.936749294766518,11.265257227682216,10.593763637504356,10.205626722577533,9.817488370431356,9.429348580873512,9.041207354188407,8.653064690056814,8.45160457218339,8.250143016772547,8.048680024307743,7.847215594629907,7.645749727458223,7.708940662288738,7.772130793266162,7.8353201205817165,7.898508644073412,7.961696363826416,7.994931196090672,8.028165224587815,8.061398449291108,8.094630870327144,8.127862487613669,8.174260727795037,8.220658124950964,8.267054678802749,8.313450389123837,8.359845256734113,8.38240796650248,8.404969832668046,8.427530855910273,8.450091036113381,8.472650372555849,8.492016077472815,8.51138122253583,8.530745807879397,8.550109832940533,8.5694732988104,8.573495309617895,8.577516760428203,8.58153765170818,8.585557983335697,8.589577755037224
175,43.551334566814404,42.022976574372336,40.49453303305223,38.96600394288368,37.43738930386189,36.730850414652686,36.0242430533323,35.3175672199056,34.61082291436036,33.904010136712586,33.200371391247266,32.49670436751143,31.79300906551245,31.089285485257715,30.38553362673748,29.69295510689514,29.000366789625097,28.307768674931136,27.615160762792236,26.92254305322564,26.230039847807294,25.537528362064492,24.84500859599476,24.15248054961295,23.459944222904205,22.665921793530803,21.87189442234912,21.077862109351766,20.28382485451773,19.48978265788783,18.695735519413862,17.901683439119214,17.107626417028687,16.313564453094095,15.519497547351227,15.095360252399232,14.671220115999851,14.247077138150736,13.822931318854238,13.3987826580956,12.974631155894603,12.550476812251244,12.126319627161743,11.702159600608868,11.27799673262225,11.03280493766782,10.78761106904055,10.542415126726802,10.297217110727809,10.0520170210659,9.806814857718749,9.5616106206889,9.31640430997381,9.07119592560064,8.82598546753739,8.665033729780044,8.504080090174638,8.343124548700148,8.182167105355342,8.021207760162476,7.860246513100528,7.699283364189281,7.538318313408954,7.377351360759547,7.2163825062620806,6.967712290572911,6.719040883479281,6.470368284971153,6.221694495049763,5.973019513730055,5.724343340989706,5.475665976834858,5.226987421275547,4.978307674301739,4.7296267359060495
176,53.92562614596571,53.95605881708594,53.986439967962,54.016769598623526,54.04704770906566,52.20382425883131,50.36056132158339,48.51725889731215,46.67391698604196,44.830535587766825,43.368909612911494,41.90727012830969,40.445617133990645,38.98395062993973,37.52227061616935,36.22282383182096,34.92337165920373,33.623914098321436,32.324451149167665,31.024982811730453,29.732559201087263,28.440131237674436,27.14769892147473,25.85526225253237,24.562821230788547,23.50329032345772,22.44375662887256,21.38422014700385,20.324680877859787,19.265138821459182,18.460325375173024,17.65550914162013,16.85069012079609,16.04586831269669,15.241043717313756,14.724813963547314,14.20858255045451,13.692349478033147,13.176114746300023,12.65987835524054,12.1436403048525,11.627400595165096,11.111159226159952,10.59491619780523,10.078671510159765,9.784980234822743,9.491287824202182,9.197594278306262,8.9038995971144,8.610203780663358,8.316506828916376,8.022808741897816,7.729109519597913,7.435409162014473,7.14170766915945,7.120382290184336,7.099055893219481,7.077728478258466,7.056400045263473,7.035070594278738,7.0137401252978435,6.992408638303989,6.971076133299375,6.9497426102986,6.928408069293486,6.895626128122143,6.86284365387924,6.830060646539977,6.7972771061129755,6.764493032605792,6.731708426010869,6.6989232863195864,6.666137613556743,6.633351407697541,6.600564668741979
177,55.780553303273805,55.36260195567801,54.94465060808222,54.526699260486446,54.10874791289065,51.22721817146921,48.345688430047765,45.46415868862633,42.58262894720488,39.701099205783436,37.87012767319679,36.03915614061013,34.20818460802348,32.37721307543684,30.546241542850176,29.16366586982711,27.781090196804044,26.398514523780978,25.01593885075791,23.63336317773485,22.884069865084065,22.134776552433284,21.385483239782502,20.63618992713172,19.88689661448094,18.92076671621345,17.954636817945957,16.988506919678464,16.022377021410975,15.05624712314349,14.090117224875998,13.123987326608509,12.157857428341018,11.191727530073527,10.225597631806039,9.995985095261938,9.766372558717835,9.536760022173736,9.307147485629635,9.077534949085535,8.847922412541433,8.618309875997333,8.388697339453232,8.159084802909131,7.92947226636503,7.738062407808201,7.546652549251371,7.355242690694544,7.163832832137714,6.972422973580885,6.781013115024056,6.589603256467226,6.398193397910397,6.206783539353569,6.015373680796741,5.8765297924784825,5.737685904160227,5.59884201584197,5.459998127523712,5.321154239205455,5.182310350887199,5.043466462568941,4.904622574250683,4.765778685932428,4.62693479761417,4.514381543429114,4.40182828924406,4.2892750350590045,4.17672178087395,4.064168526688895,3.9516152725038394,3.839062018318785,3.72650876413373,3.6139555099486738,3.5014022557636193
178,55.945045013678076,55.71242247535256,55.47972870262606,55.24696369548493,55.01412745394662,53.35658281634088,51.6990080735708,50.04140322564754,48.38376827257111,46.72610321434272,43.88643782426704,41.0467340676636,38.20699194455218,35.367211454936566,32.52739259877216,31.639273112778923,30.751134217175,29.86297591198502,28.97479819721276,28.08660107283466,27.464787144830083,26.84296493650104,26.221134447845063,25.599295678877017,24.977448629582035,23.95003395099668,22.922613144230844,21.895186209267283,20.86775314611084,19.84031395478508,18.581693975792263,17.3230702413486,16.0644427514577,14.80581150612334,13.54717650533814,12.518383854950379,11.48958811272722,10.4607892786947,9.43198735283918,8.40318233517052,7.5568650445631205,6.710545162872981,5.8642226901001,5.0178976262604795,4.17156997131834,3.5824634734385596,2.9933547609441606,2.4042438338513197,1.81513069214026,1.2260153358257404,1.2603605338409007,1.294703799106339,1.3290451316096599,1.363384531375661,1.3977219983931795,1.4250232505277791,1.4523227799795408,1.4796205867089003,1.506916670755419,1.5342110320881603,1.5563177953771805,1.5784224776664397,1.6005250789165595,1.6226255991545198,1.644724038369339,1.6621095601715399,1.6794938905766603,1.6968770295525195,1.7142589771065,1.731639733272021,1.744955917371619,1.7582709100653389,1.7715847113706,1.7848973212527401,1.7982087397129987
179,51.68842521335905,50.76118116223211,49.833878189524484,48.90651629429444,47.9790954768272,47.19654879570463,46.41398635719323,45.631408162096406,44.84881420965005,44.06620449999275,43.2770211255894,42.48780374600568,41.6985523612009,40.90926697174817,40.11994757730279,39.20438319858321,38.28878385301201,37.373149540250374,36.45748026070064,35.541776013963556,34.612521095198595,33.6832476151699,32.75395557380453,31.824644970974138,30.89531580701329,29.38982086703078,27.884319391135293,26.378811379296526,24.87329683167928,23.36777574802847,21.8969244960233,20.42606948845617,18.955210725564122,17.484348207343313,16.01348193351285,15.387637743064921,14.7617904608659,14.135940086773212,13.51008662093612,12.884230063211401,12.25905587526108,11.63387909629622,11.00869972621422,10.38351776490928,9.75833321263592,9.64359097609283,9.52884652491462,9.41409985916007,9.29935097869169,9.18459988372716,9.06910233970005,8.95360286291241,8.83810145344016,8.722598111177689,8.60709283632863,8.62270614967904,8.6383177403794,8.653927608517158,8.669535753812278,8.68514217645632,8.700941518992849,8.71673878058001,8.73253396120784,8.748327060684,8.76411807914633,8.790317773307478,8.81651627597066,8.84271358730027,8.8689097072758,8.89510463565267,8.92172696941794,8.948348111534232,8.97496806249745,9.00158682183956,9.02820438996549
180,45.45512982439842,44.67612895689041,43.89712320689674,43.118112574427606,42.3390970594788,41.73996853725382,41.140832819001645,40.54168990474329,39.942539794457744,39.34338248815361,38.6794490361961,38.01550715618396,37.35155684808753,36.687598111927834,36.02363094768387,35.26845227772572,34.51326495143501,33.75806896882897,33.002864329899,32.24765103464509,31.225650616111857,30.203641910285473,29.181624917124324,28.15959963665164,27.13756606886257,26.28000535360372,25.42243826875172,24.56486481425636,23.70728499014949,22.849698796413854,22.099526973412047,21.34935073654732,20.5991700857922,19.84898502121196,19.09879554272674,18.51987499397495,17.94095188218161,17.362026207361343,16.783097969488708,16.204167168562137,15.625261223926003,15.046353006206193,14.467442515401117,13.888529751476746,13.309614714464912,12.764848215162234,12.220079124640575,11.675307442879355,11.130533169899158,10.5857563056794,10.04094897728216,9.496138797701104,8.951325766915643,8.406509884954986,7.861691151781307,7.7748582350959,7.688022868468993,7.601185051909206,7.514344785395519,7.427502068961353,7.340755981407588,7.254008443229858,7.167259454455171,7.080509015058724,6.9937571250653185,6.963058907900809,6.93236061752646,6.901662253954671,6.870963817169262,6.8402653071988135,6.809749088568623,6.779234535710534,6.748721648599746,6.718210427269676,6.687700871699307
181,51.947656023793066,50.72081121853556,49.493966413278045,48.267121608020524,47.04027680276303,45.403998822302896,43.76772084184276,42.13144286138262,40.49516488092249,38.85888690046235,37.45965266733955,36.06041843421675,34.66118420109395,33.26194996797115,31.86271573484835,31.02294126244953,30.183166790050723,29.343392317651908,28.503617845253093,27.66384337285428,26.89167104138341,26.11949870991255,25.347326378441686,24.575154046970823,23.802981715499957,22.819809070993582,21.836636426487217,20.853463781980846,19.87029113747448,18.8871184929681,18.0539696318971,17.220820770826105,16.387671909755106,15.55452304868411,14.721374187613112,14.24199331879808,13.762612449983049,13.283231581168017,12.803850712352984,12.324469843537956,11.91696395581355,11.50945806808914,11.101952180364737,10.694446292640329,10.28694040491592,9.672456741722195,9.057973078528471,8.44348941533475,7.829005752141024,7.214522088947299,6.787272626174792,6.360023163402284,5.932773700629776,5.505524237857268,5.07827477508476,4.75539914042416,4.43252350576356,4.10964787110296,3.78677223644236,3.46389660178176,3.1902270759414297,2.9165575501011003,2.642888024260769,2.369218498420439,2.0955489725801097,1.8746385886655275,1.6537282047509463,1.4328178208363633,1.2119074369217817,0.9909970530072004,0.9628843625412518,0.9347716720753037,0.9066589816093555,0.8785462911434074,0.8504336006774592
182,44.86441140851394,43.68521679740857,42.50598241706552,41.32670826721368,40.14739434791825,38.681350848675606,37.21525684504944,35.7491123372264,34.28291732507521,32.8166718086226,31.76128172952614,30.70587368537152,29.65044767608124,28.59500370172937,27.53954176228217,26.770587075227038,26.001611885879292,25.232616194210784,24.4636000002983,23.694563304112126,22.954431300807137,22.21427866768936,21.47410540475595,20.733911512038055,19.99369698954205,19.378631523278745,18.76355236734237,18.148459521693,17.5333529863918,16.918232761394382,16.42410225481165,15.929963117952669,15.435815350751428,14.941658953267867,14.447493925458076,14.139075802396636,13.830652947638857,13.522225361236286,13.213793043133006,12.905355993384935,12.597030073781816,12.28870042077653,11.98036703442459,11.672029914641529,11.36368906152882,11.18101287364282,10.9983307540551,10.81564270271665,10.6329487195983,10.45024880479371,10.267406419112707,10.0845573701235,9.90170165775465,9.71883928211299,9.535970243091311,9.38347685261366,9.23097830690451,9.07847460596868,8.925965749772649,8.773451738376542,8.62125995625783,8.469065376862991,8.31686800009523,8.16466782602137,8.01246485456358,7.98055499682695,7.94864453352471,7.916733464614679,7.884821790201389,7.85290951018358,7.821287827075221,7.78966835416704,7.75805109146569,7.72643603905344,7.69482319684573
183,45.67047944111862,43.33842806072907,41.00627268263413,38.6740133068557,36.34164993337921,34.74472087613361,33.1477690360679,31.55079441312056,29.95379700730228,28.35677681862261,27.194001637467615,26.03121467043586,24.868415917548624,23.705605378793322,22.54278305418109,21.61593239988575,20.689071948174934,19.76220169902797,18.835321652417022,17.90843180840965,17.35665665669396,16.804873224685313,16.253081512314484,15.70128151965498,15.149473246648892,14.847252197541627,14.545025020263074,14.24279171476882,13.940552281088104,13.638306719238068,13.362801045293901,13.087291615906704,12.81177843106446,12.536261490780753,12.260740795043434,12.072837782636556,11.884931678417662,11.697022482383533,11.509110194532271,11.321194814840895,11.133321692507325,10.945445979087408,10.757567674578944,10.56968677900581,10.381803292352096,10.253346830539504,10.124888154123925,9.996427263098134,9.867964157469634,9.739498837224371,9.611069408065214,9.482638046192404,9.354204751557475,9.225769524112119,9.097332363991388,8.994437327001256,8.891540567319705,8.788642084883334,8.685741879817654,8.58283995201625,8.479905891781575,8.37696975057934,8.274031528298352,8.171091225044817,8.068148840735113,8.000653654999994,7.9331572778353765,7.865659709259389,7.798160949281032,7.730660997878416,7.6631623291875774,7.59566246910677,7.528161417627403,7.4606591746817035,7.393155740367436
184,54.90018842749302,54.85411293273946,54.808008558717695,54.76187530552894,54.715713172838214,52.193956640713,49.67212955112773,47.150231903853914,44.62826369913594,42.10622493674007,39.595635591517585,37.085018350833344,34.57437321498536,32.06370018384726,29.552999257493653,28.291448260033324,27.02988874806978,25.768320721635376,24.50674418067073,23.24515912524248,22.262939279570173,21.28071227104494,20.298478099698787,19.31623676550997,18.33398826851035,17.71485214000652,17.09571171024584,16.476566979234967,15.85741794700565,15.23826461352404,14.73931083261786,14.240352750463405,13.741390367079704,13.24242368246648,12.743452696608637,12.397911543658614,12.052367912477624,11.70682180298066,11.36127321520293,11.015722149158146,10.670168604875263,10.324612582249262,9.979054081353642,9.633493102174878,9.287929644760126,9.092849533279455,8.897767627616242,8.702683927717251,8.50759843357977,8.312511145166509,8.117422062539806,7.922331185691986,7.727238514596563,7.532144049284214,7.3370477896659025,7.130052098881612,6.92305476692911,6.716055793831581,6.509055179556159,6.302052924126419,6.095049027529781,5.888043489806988,5.68103631092636,5.47402749086423,5.26701702968476,4.90991764012437,4.552817242344239,4.19571583641246,3.8386134223080197,3.48151000003911,3.12440556952706,2.7673001308729703,2.4101936840598897,2.053086229047869,1.6959777658272996
185,54.340367171167436,53.78331233777499,53.22622205227554,52.66909631488304,52.1119351251966,49.81182924613465,47.51166709556786,45.21144867341193,42.911173979794015,40.61084301460559,38.451155317724904,36.291449608790195,34.131725887724,31.971984154618188,29.81222440941077,28.5930856843133,27.37392650335784,26.15474686648907,24.93554677379853,23.716326225236763,22.4969950230522,21.277642964014696,20.058270048152043,18.8388762754574,17.619461645962314,16.861393758206162,16.10331236970221,15.345217480457855,14.587109090559084,13.82898719990952,13.071334261294071,12.313672719032848,11.556002573072245,10.798323823464823,10.040636470169032,9.830813220781192,9.620985250179432,9.411152558400545,9.201315145390963,8.991473011211635,8.781741120109816,8.57200549613903,8.36226613937959,8.15252304974703,7.94277622733042,7.96477546505382,7.9867687720050995,8.00875614821045,8.0307375935779,8.052713108239109,8.07454606077191,8.0963723500217,8.11819197586665,8.140004938463989,8.16181123765611,8.183014067212559,8.20421174151231,8.22540426061058,8.24659162444865,8.267773833061439,8.28927827097683,8.310779911590892,8.33227875485723,8.353774800817469,8.37526804936858,8.40757564990025,8.43988264486631,8.47218903422458,8.504494818079591,8.536799996330078,8.56939554514042,8.60199330201814,8.63459326694509,8.66719544001594,8.69979982113373
186,52.349064227575816,50.863319624383735,49.37753525131019,47.891711109317164,46.40584719783623,44.969507452725175,43.53311846365498,42.09668023059939,40.660192753509946,39.223656032474814,38.38467624003458,37.54567999870867,36.70666730845576,35.8676381693591,35.02859258133228,34.2783522631052,33.52808995935485,32.777805669988936,32.027499395076,31.277171134610825,30.43192185276813,29.58665207033016,28.74136178731457,27.896051003687568,27.05071971948956,26.16021128946972,25.269689208142005,24.37915347547783,23.488604091485662,22.598041056138776,21.92996373245651,21.26187694820482,20.593780703370896,19.925674998048454,19.257559832118538,18.89059324451237,18.523621350510343,18.156644150184057,17.789661643500885,17.422673830428298,17.056113211220502,16.689548857110456,16.322980768174403,15.956408944321364,15.589833385608316,15.29775302164181,15.005666685526736,14.713574377244852,14.421476096789396,14.129371844246947,13.837239808420943,13.545101095421089,13.252955705108095,12.960803637608791,12.668644892798037,12.374300198980356,12.079950348063797,11.785595340102956,11.491235175042217,11.196869852852313,10.902916250373309,10.60895985045417,10.31500065310531,10.02103865834115,9.727073866059866,9.45682477201005,9.18657507224393,8.916324766864008,8.64607385579773,8.375822339102829,8.1058417928513,7.83586345673383,7.5658873307362,7.295913414873569,7.02594170914188
187,43.76807031059606,42.39595799180192,41.0237591371762,39.65147374672198,38.279101820385456,36.87414387684189,35.46917372213909,34.06419135637253,32.65919677944728,31.25418999141953,30.25268739229384,29.251173007311866,28.249646836477325,27.248108879769745,26.24655913719055,25.472925936248252,24.69928293787435,23.925630142087382,23.151967548847587,22.378295158187978,21.58883439843289,20.799365358372967,20.009888037961208,19.22040243726008,18.430908556227582,17.815833510560644,17.20075352310217,16.58566859381924,15.97057872270468,15.355483909781382,14.883765744136594,14.412042636655757,13.940314587389425,13.46858159626711,12.996843663352655,12.69877194691509,12.400697389034352,12.102619989703246,11.80453974892692,11.506456666679112,11.208609659360851,10.910759810600375,10.612907120380612,10.31505158870619,10.017193215599397,9.839318392894057,9.66144149651075,9.483562526446093,9.305681482701925,9.127798365289104,8.949974634506457,8.77214883004678,8.594320951892449,8.416491000088818,8.23865897458114,8.071453801941905,7.9042467274491,7.737037751084993,7.569826872859897,7.402614092784671,7.235416536152328,7.068217077662575,6.90101571729365,6.733812455069407,6.566607290997944,6.321933079859542,6.077257677324848,5.832581083350582,5.587903297985301,5.343224321208397,5.0985498164493075,4.85387412027802,4.6091972327015025,4.3645191536960235,4.119839883281596
188,54.41640597240651,54.370022641531854,54.32359948429246,54.27713650007749,54.230633689636946,51.45593831365762,48.681180712187974,45.90636088436849,43.13147883065607,40.356534550898765,37.8151154352069,35.27367295928111,32.73220712301782,30.190717926505666,27.64920536970612,26.380016138865066,25.110817110616047,23.84160828494165,22.572389661814423,21.303161241230754,20.251348580135012,19.19952763874748,18.147698417006918,17.095860914927687,16.044015132560517,15.37528153208252,14.706542989853371,14.037799505756471,13.369051079821457,12.700297712125188,12.287985542285861,11.875668430683824,11.463346377227936,11.051019381932358,10.63868744486313,10.465360877560416,10.292031468806112,10.11869921860428,9.945364126957836,9.772026193879979,9.598685419326266,9.425341803327983,9.251995345884168,9.078646047019575,8.905293906684612,8.866698086975864,8.828100193620676,8.789500226527908,8.75089818576879,8.712294071379732,8.673687883283465,8.635079621525698,8.596469286041689,8.557856876939901,8.519242394113704,8.472312599203129,8.425380902413735,8.378447303777232,8.331511803280797,8.284574400904711,8.23763509668075,8.190693890617874,8.14375078265196,8.09680577284522,8.049858861137201,8.02468411300501,7.99950817341206,7.97433104246091,7.9491527200327905,7.923973206270061,7.89879250103039,7.873610604409508,7.84842751640198,7.82324323692664,7.798057766087929
189,46.11397294886882,44.69245461207241,43.27086279581556,41.84919750009449,40.427458724909194,39.600884804870375,38.77430371912721,37.947715467661325,37.12112005050948,36.2945174676409,35.34579661638404,34.39706866055642,33.448333600229276,32.499591435367,31.550842165948566,30.45437528108129,29.35790349629819,28.26142681159546,27.164945226979093,26.068458742432284,25.0535871969166,24.038710757261562,23.0238294234844,22.008943195594867,20.994052073556226,20.207946113109543,19.42183875882456,18.635730010659664,17.849619868665094,17.063508332796605,16.554988045154392,16.046466363661473,15.537943288301054,15.02941881908994,14.52089295601132,13.95684022158966,13.392786095514635,12.828730577767873,12.26467366836995,11.700615367323506,11.136555674609102,10.57249459023976,10.008432114238076,9.444368246543634,8.880302987227669,8.695315210034357,8.510326609710043,8.32533718626669,8.140346939699896,7.955355870022684,7.770363977218253,7.585371261294778,7.400377722258684,7.215383360095371,7.030388174825418,7.022675311906677,7.014961623658536,7.007247110091816,6.9995317712107346,6.991815607000253,6.984098617471192,6.97638080261537,6.968662162442549,6.960942696951148,6.953222406124368,6.934417144913019,6.9156113243904285,6.896804944528019,6.877998005354369,6.8591905068533,6.84038244903721,6.821573831897481,6.802764655421711,6.783954919639542,6.765144624533732
190,39.42214499002522,37.85149028218738,36.28079780813479,34.710067567815,33.13929956132431,31.9134805587004,30.687642306524303,29.46178480486085,28.23590805368201,27.01001205298625,26.184673458276666,25.359318385057534,24.533946833244023,23.70855880294276,22.883154294069588,21.751128096847975,20.61908200094646,19.487016006284904,18.354930112984697,17.22282432099133,16.3573573668467,15.491870146633635,14.62636266040709,13.760834908135395,12.895286889869915,12.458207671798363,12.021115053405811,11.584009034717075,11.146889615780943,10.709756796513442,10.273084027274752,9.836402664344531,9.399712707679209,8.963014157348466,8.526307013268836,8.482234631939795,8.438157529905235,8.394075707239146,8.349989163838366,8.305897899813438,8.261917002605616,8.21793237443843,8.17394401535499,8.12995192528323,8.08595610432462,8.02398043022972,7.9619988244079,7.9000112868605505,7.8380178175081,7.77601841649461,7.7138765445795086,7.6517280093814,7.58957281077845,7.52741094892789,7.46524242367211,7.4251788449699605,7.385110111011111,7.34503622185078,7.304957177430249,7.264872977784439,7.225111007441231,7.185346239796689,7.1455786748044305,7.10580831250607,7.06603515279858,7.03207525945895,6.99811476055371,6.964153656040679,6.930191946024391,6.896229630403582,6.86255768534262,6.82888794834904,6.795220419404689,6.76155509860424,6.7278919858507304
191,51.2088923452511,51.07990464048091,50.95091693571071,50.821929230940526,50.692941526170316,45.84713463131168,41.00132773645303,36.155520841594395,31.309713946735737,26.463907051877097,25.21751438548005,23.971121719083012,22.72472905268597,21.478336386288923,20.231943719891877,19.18963131380724,18.147318907722603,17.10500650163796,16.062694095553315,15.02038168946868,14.310257786935367,13.600133884402055,12.890009981868744,12.17988607933543,11.46976217680212,11.051068013577407,10.632373850352696,10.213679687127984,9.794985523903271,9.376291360678561,9.01638175155448,8.656472142430399,8.29656253330632,7.93665292418224,7.5767433150581605,7.215372705735039,6.854002096411921,6.4926314870888,6.131260877765681,5.76989026844256,5.378265782314004,4.986641296185447,4.595016810056892,4.203392323928336,3.81176783779978,3.440327352359704,3.068886866919628,2.697446381479552,2.326005896039476,1.9545654105994,1.529795684727456,1.1050259588555118,0.6802562329835679,0.255486507111624,-0.16928321876031965,-0.6137078222410882,-1.0581324257218565,-1.5025570292026234,-1.946981632683392,-2.39140623616416,-2.940267088719192,-3.489127941274224,-4.037988793829256,-4.5868496463842865,-5.1357104989393205,-5.677614025743163,-6.219517552547009,-6.761421079350851,-7.303324606154696,-7.845228132958537,-8.532505849863487,-9.219783566768438,-9.907061283673384,-10.594339000578332,-11.281616717483281
192,52.20018784395302,50.97433997495946,49.7484632266977,48.52255759926894,47.296623092338216,45.690839800093,44.08498595038774,42.47906154299391,40.873066578155935,39.267001055640065,37.85894729131759,36.45086563153333,35.04275607658536,33.634618626347255,32.22645328089365,31.02862400101332,29.830786206629785,28.632939897775376,27.435085074390727,26.23722173654248,25.18155706707017,24.125885234744942,23.070206239598786,22.014520081609973,20.958826760810354,20.17914745946652,19.39946385686584,18.619775953014962,17.84008374794565,17.06038724162404,16.420171958977857,15.779952375083404,15.139728489959701,14.499500303606482,13.859267816008636,13.439676790968617,13.020083287697624,12.60048730611066,12.18088884624293,11.761287908108146,11.341684491735267,10.922078597019265,10.502470224033639,10.082859372764881,9.663246043260125,9.397927569909454,9.132607302376243,8.867285240607252,8.601961384599772,8.33663573431651,8.071308289819807,7.8059790511019855,7.540648018136565,7.275315190954215,7.0099805694659025,6.822622169331611,6.635262128029112,6.447900445581581,6.260537121956159,6.073172157176418,5.88580555122978,5.69843730415699,5.511067415926361,5.32369588651423,5.13632271598476,5.0365866213143695,4.93684951842424,4.83711140738246,4.73737228816802,4.637632160789109,4.5378910251670606,4.43814888140297,4.338405729479891,4.23866156935787,4.138916401027299
193,47.79977992073966,46.45389593007687,45.1080060256177,43.76211020796623,42.41620847682815,41.60353329312388,40.79084946495053,39.97815699166131,39.165455873970814,38.352746111405565,37.60335647840351,36.85395803779769,36.104550789492116,35.35513473347857,34.60570987000287,33.47814851931133,32.35057795101688,31.222998164744492,30.09540916093676,28.96781093907706,27.83895824732937,26.710097378875755,25.581228333743496,24.452351112196965,23.323465714053047,22.50685066174537,21.69022863823592,20.873599643554467,20.05696367768009,19.240320740693694,18.422615486078286,17.604905560696967,16.787190964707015,15.96947169835265,15.151747761122763,14.510419435038788,13.869088476624176,13.22775488607413,12.586418663316515,11.945079808346744,11.303800251892028,10.662518735079537,10.02123525799786,9.379949820579709,8.738662422692093,8.269304202495514,7.799943475814106,7.330580242239328,6.86121450259132,6.39184625638414,5.922442483303433,5.453035889743092,4.983626475384614,4.5142142409946855,4.044799186109126,3.639027199753795,3.2332527762151106,2.8274759158615095,2.4216966189129265,2.0159148849286015,1.6102315096286202,1.2045467136364685,0.7988604971864447,0.393172860732802,-0.01251619646828079,-0.296937526584775,-0.581358920015888,-0.865780377177453,-1.1502018979785849,-1.4346234821819202,-1.718864416732194,-2.0031036918123273,-2.2873413068701414,-2.571577262303896,-2.855811557898948
194,49.80859297574142,49.09582803912875,48.383020934517496,47.670171661910054,46.95728022131144,46.03475739968994,45.11222640404264,44.189687234345975,43.26713989061112,42.344584372831925,41.4230745745336,40.501550239464024,39.58001136761456,38.658457958985224,37.736890013575994,36.66519241036577,35.59347925801086,34.521750556498866,33.45000630585083,32.37824650603831,31.306999926732043,30.23574747601723,29.16448915385184,28.093224960253107,27.02195489523598,26.24454749455092,25.46713546131832,24.689718795528318,23.912297497190778,23.13487156632424,22.35753532105242,21.580196672410622,20.802855620424882,20.025512165081558,19.24816630638066,18.484546786252746,17.720925378830902,16.95730208414853,16.19367690217724,15.43004983294903,14.666440350023981,13.90282932160721,13.13921674769134,12.37560262829975,11.611986963404041,10.93155716329685,10.251126105465842,9.570693789927189,8.89026021667588,8.20982538569715,7.5294012203750205,6.84897598971147,6.168549693708859,5.488122332384611,4.80769390572756,4.47989881846361,4.152102808184099,3.824305874886369,3.49650801858046,3.1687092392575695,2.8408931565712603,2.513075906315171,2.1852574884646807,1.8574379030320103,1.5296171500209406,1.2731016188236592,1.0165855488279403,0.760068939994219,0.5035517923298799,0.2470341058683404,-0.00948411939795961,-0.2660028834862607,-0.5225221863717601,-0.7790420280965002,-1.03556240865924
195,49.05266903902291,47.16615252815749,45.2795962482324,43.39300019859082,41.50636437956505,39.79248597239418,38.07855706066371,36.364577644805166,34.650547724642124,32.936467300200896,31.646983799626582,30.35748233403026,29.06796290331917,27.77842550754994,26.48887014665057,25.49138062457772,24.493870600220564,23.49634007362464,22.498789044715426,21.50121751353814,20.84356310151859,20.18588805977142,19.52819238821145,18.8704760868517,18.21273915568081,17.885024712237243,17.55729657921454,17.229554756517317,16.90179924412119,16.57403004205641,16.30927756391571,16.04451645545273,15.77974671669092,15.51496834757276,15.2501813482027,15.038956060206608,14.82772604062249,14.6164912892845,14.40525180634557,14.19400759166979,13.982855752040399,13.7717001790148,13.56054087268263,13.34937783294815,13.1382110597893,12.981379738702529,12.824542485848749,12.66769930131724,12.51085018497382,12.35399513697257,12.19705477784671,12.04010775547104,11.88315406973304,11.726193720669729,11.56922670825159,11.46165283968631,11.354073815935129,11.24648963692267,11.138900302672509,11.03130581324558,10.923963262265719,10.81661791406272,10.7092697684715,10.60191882554688,10.494565085303641,10.44119567813615,10.38782566532085,10.334455047008559,10.281083823143911,10.22771199369543,10.174652790445439,10.1215957973537,10.06854101455961,10.01548844201332,9.96243807962976
196,45.68989333178807,44.58128149420704,43.47259102956786,42.363821938108906,41.25497421985899,39.765892736632,38.27674372541132,36.787527186848926,35.29824312035668,33.80889152619731,32.31826664994933,30.8276255228802,29.33696814500581,27.84629451626768,26.355604636643278,25.30873197669149,24.261849519312,23.214957264544392,22.16805521229604,21.121143362678094,20.121096397086102,19.121041151133852,18.120977624854664,17.12090581829921,16.12082573138102,15.5242511946015,14.927671716000088,14.331087295607121,13.73449793339688,13.13790362931735,12.69761873543946,12.2573288997369,11.817034122206652,11.37673440286814,10.93642974169916,10.67140311288154,10.40637364261294,10.14134133093971,9.87630617776099,9.61126818319123,9.346227347166119,9.081183669653539,8.81613715069482,8.55108779029912,8.28603558850909,8.17779434321311,8.06955102423099,7.961305631560391,7.85305816521574,7.744808625195381,7.63655701147288,7.52830332414268,7.420047563074339,7.311789728359621,7.2035298199415205,7.10157950684516,6.999627291921451,6.897673175053651,6.795717156392139,6.69375923580416,6.5917994133651,6.48983768912095,6.38787406301621,6.2859085349965,6.18394110515772,6.02924811457276,5.874553932512449,5.71985855909323,5.565161994263261,5.41046423796916,5.255765290333019,5.101065151269589,4.94636382079759,4.79166129885099,4.636957585565619
197,50.870267334960985,49.74364538529006,48.61695699588534,47.49020216651048,46.363380897351895,45.573939415251985,44.78448635007718,43.995021702277064,43.20554547148857,42.41605765800587,41.62537095549074,40.83465991378812,40.04392453334119,39.25316481374005,38.46238075535808,37.33152684909455,36.200644405787976,35.069733425201825,33.938793907637425,32.80782585270727,31.677853620915922,30.5478662072278,29.417863611340874,28.28784583355748,27.15781287355914,25.997882619957732,24.837939834455067,23.67798451689609,22.51801666763482,21.358036286436594,20.199212388115132,19.04038469561849,17.88155320875746,16.722717927519376,15.56387885194103,14.886236983839101,14.208592023984961,13.53094397225868,12.853292828743381,12.175638593373549,11.498027300146868,10.820413415810862,10.1427969403707,9.465177873928418,8.7875562163442,8.166211033198469,7.54486363549632,6.923514023152129,6.302162196180319,5.680808154622859,5.0594792196876694,4.438148351941352,3.81681555146623,3.1954808182415793,2.5741441522567494,2.2445592650595794,1.914972655096169,1.585384322438569,1.2557942670531097,0.92620248898958,0.5965724636227302,0.2669403572357196,-0.0626938302031301,-0.39233009865673985,-0.7219684481182896,-0.6031694845724009,-0.4843717123979106,-0.3655751317063904,-0.2467797425527406,-0.12798554461346134,-0.009192536995990253,0.10959927921148947,0.2283899038800206,0.3471793372845201,0.4659675792662496
198,43.08404447996291,41.6707827163512,40.257413581785286,38.84393707628373,37.43035319985511,36.29478531928079,35.15919276715121,34.023575543482366,32.88793364825827,31.75226708149615,30.61780417589792,29.48332948443239,28.348843007106968,27.21434474392165,26.079834694876443,24.915775476306177,23.751706460308224,22.58762764688636,21.423539036019548,20.259440627725034,19.09545672357879,17.931464539108074,16.767464074310425,15.603455329200717,14.439438303764064,13.987652578078329,13.535860724212114,13.08406274214818,12.632258631891364,12.180448393465227,11.728904500592034,11.277356852267998,10.825805448496723,10.374250289281989,9.922691374616413,9.718319719040856,9.513944971629897,9.30956713240958,9.105186201366266,8.900802178509807,8.696461097754609,8.492117425916671,8.287771162995995,8.083422309008576,7.8790708639186375,7.77736262306537,7.675652167597484,7.573939497531156,7.472224612846608,7.3705075135586,7.268815520860273,7.167121595412225,7.065425737202059,6.96372794625457,6.862028222558603,6.802679530950867,6.74332911666029,6.683976979647315,6.624623119951496,6.5652675375419,6.505873707808584,6.446477797075508,6.387079805303291,6.327679732518915,6.268277578711397,6.300390450608311,6.332502131108145,6.364612620178717,6.396721917827411,6.428830024087644,6.4609369400219565,6.493042664550391,6.525147197690364,6.557250539407217,6.58935268970219
199,44.12710424487394,43.19539003702857,42.26363605994552,41.331842313353675,40.40000879731825,39.02155298415559,37.64304666660944,36.264489844866404,34.885882518795206,33.507224688422596,32.193915094266146,30.88058753505152,29.56724201070124,28.25387852128937,26.940497066782168,26.093454462887035,25.246391356699295,24.399307748190786,23.552203637438293,22.705079024412132,22.028833839267136,21.35256802430936,20.676281579535946,19.99997450497805,19.323646800642052,18.95394343211874,18.58422637392237,18.214495626012997,17.844751188451802,17.474993061194382,17.16986834769165,16.864735003912667,16.559593029791426,16.254442425387865,15.949283190658074,15.681627080896636,15.413966239438855,15.146300666336284,14.878630361533004,14.610955325084937,14.343391418781815,14.07582377907653,13.808252406024591,13.540677299541528,13.273098459728821,13.07704031675282,12.8809762420751,12.684906235646649,12.4888302974383,12.292748427543708,12.09652408677271,11.900293082693501,11.70405541523465,11.50781108450299,11.311560090391312,11.23628386785366,11.161002490084513,11.085715957088679,11.01042426883265,10.93512742537654,10.86015281119783,10.785175399742991,10.710195190915229,10.63521218478137,10.560226381263579,10.49944540348695,10.43866382014471,10.377881631194679,10.31709883674139,10.25631543668358,10.195822633535219,10.13533204058704,10.074843657845689,10.014357485393441,9.953873523145731
200,53.85181507594032,53.04580044456096,52.23975036107459,51.43366482569517,50.62754383802181,46.6997555865152,42.771908681915555,38.84400312418359,34.916038913388654,30.988016049435032,29.191632769247622,27.39523294328773,25.598816571470522,23.802383653857632,22.00593419045489,21.225910094499238,20.44586585769441,19.66580148002467,18.885716961549356,18.10561230224381,17.413595133066657,16.721557595507978,16.029499689540128,15.337421415214036,14.645322772508916,14.028339370510945,13.411342568217169,12.794332365627216,12.177308762789863,11.560271759621143,10.943694806481231,10.327109259649793,9.710515119083247,9.093912384851286,8.477301056870436,7.917498398278135,7.357691018980315,6.797878919050966,6.2380620983869255,5.678240557098737,5.118527736857196,4.55881117003477,3.999090856701729,3.4393667967910297,2.8796389903867197,2.3758106219523603,1.8719763168113,1.3681360749219096,0.8642898962328793,0.3604377808673895,-0.14356424368251003,-0.6475730045957594,-1.1515885019659313,-1.6556107356714302,-2.15963970583925,-2.686346673548461,-3.2130588061815097,-3.73977610372856,-4.266498566215749,-4.793226193587982,-5.319632892491369,-5.846042410871589,-6.37245474880063,-6.89886990622909,-7.425287883229781,-7.674926936491068,-7.924566569835368,-8.174206783322278,-8.42384757685967,-8.673488950538758,-8.92284086301228,-9.17219054937814,-9.421538009647108,-9.670883243734561,-9.92022625174217
201,44.648901994186446,43.03747778260458,41.425967035183646,39.81436975189524,38.20268593274796,36.982351005585826,35.76200386730166,34.541644517896685,33.321272957377055,32.100889185744,30.74335679931961,29.38581262702794,28.028256668876374,26.6706889248649,25.313109394993532,24.519876881357348,23.726634570293466,22.933382461805657,22.14012055587292,21.346848852512462,20.25969540838361,19.17253368393029,18.08536367915003,16.998185394057714,15.910998828638458,15.35813840051413,14.805273030581525,14.252402718833256,13.69952746524831,13.146647269867485,12.691351321135684,12.236050430583202,11.78074459823484,11.32543382404242,10.870118108041716,10.50022383008552,10.13032671068194,9.760426749828621,9.39052394752792,9.020618303765081,8.859688562690678,8.698755980173916,8.537820556211013,8.376882290784732,8.21594118392471,8.009232321041448,7.802521384485346,7.595808374242765,7.389093290314943,7.182376132724201,7.051366744292216,6.920355282177531,6.789341746377608,6.658326136919603,6.5273084537715205,6.4698557586772845,6.412401161734988,6.354944662923612,6.297486262241916,6.24002595971216,6.084977598757262,5.929927335953064,5.774875171279786,5.619821104737428,5.464765136347009,5.417520053293214,5.370273778834958,5.3230263129622015,5.275777655676186,5.22852780699185,5.055195356543296,4.881861714680242,4.708526881412729,4.535190856730714,4.361853640626821
202,54.409350369992175,53.205322156391645,52.0012939427911,50.79726572919057,49.59323751559003,48.06193216136624,46.53062680714244,44.999321452918636,43.46801609869484,41.93671074447105,40.14172549312724,38.34674024178343,36.55175499043962,34.756769739095816,32.961784487752,31.683447249689902,30.405110011627805,29.126772773565722,27.84843553550362,26.570098297441522,25.56612093645632,24.562143575471122,23.55816621448593,22.554188853500726,21.55021149251553,20.899788724359905,20.249365956204283,19.598943188048644,18.94852041989302,18.29809765173739,17.747342702613818,17.196587753490242,16.645832804366666,16.09507785524309,15.54432290611952,15.107250529299185,14.670178152478847,14.233105775658512,13.796033398838174,13.358961022017839,12.576061091348919,11.793161160679995,11.010261230011071,10.22736129934215,9.444461368673227,8.731873904647053,8.019286440620878,7.306698976594702,6.594111512568525,5.881524048542351,5.081625734137212,4.281727419732075,3.4818291053269363,2.681930790921798,1.8820324765166592,1.6168833938373306,1.351734311158,1.0865852284786697,0.8214361457993393,0.5562870631200094,0.17835894902125962,-0.19956916507748984,-0.5774972791762395,-0.95542539327499,-1.33335350737374,-1.4747225447878085,-1.6160915822018767,-1.7574606196159446,-1.898829657030013,-2.0401986944440806,-2.2219884372299603,-2.40377818001584,-2.58556792280172,-2.7673576655876007,-2.9491474083734808
203,45.91801311694852,45.16346379878648,44.40887471104046,43.65424585425596,42.89957722809916,41.81239667586502,40.72516638668386,39.63788636048807,38.55055659714945,37.463177096550204,36.749808321346485,36.03642106989668,35.323015343212134,34.60959114021219,33.89614846168612,32.763537182646985,31.63090611321449,30.498255252630575,29.365584601821567,28.23289415983796,27.19898155745841,26.165047760697757,25.131092769666466,24.09711658449886,23.06311920520741,22.01681857075895,20.97050410398461,19.924175804811494,18.87783367347953,17.8314777097764,16.81582028410532,15.800154007944432,14.78447888094508,13.768794903548908,12.75310207557428,12.33426474438502,11.915422653302869,11.496575802455993,11.0777241917142,10.65886782117949,10.251631668765011,9.8443917719411,9.437148130816901,9.02990074525483,8.62264961535797,8.57845178884623,8.534248027448381,8.490038331020589,8.4458226995934,8.401601133098168,8.35583885270466,8.310069908877528,8.264294301707281,8.218512030943309,8.172723096833609,8.12641684458772,8.08010543882893,8.03378887982075,7.987467167152779,7.941140301021029,7.8949351647820105,7.8487272311881595,7.80251650042408,7.75630297215591,7.71008664653641,7.669362797029679,7.628638341802659,7.58791328106323,7.5471876147169406,7.506461342819341,7.46470167979804,7.42294422468371,7.3811889776202095,7.33943593885942,7.29768510796986
204,45.66429661566807,44.50427121326704,43.34416718380786,42.183984527528914,41.02372324445899,39.510989794732,37.998188817011325,36.48532031194893,34.97238427895668,33.45938071829731,31.99100357664933,30.522610184180202,29.05420054090581,27.585774646767682,26.117332501743284,25.12380381841149,24.130265337652,23.13671705950439,22.14315898387604,21.149591110878088,20.1649829945661,19.18036659789385,18.19574192089466,17.21110896361921,16.22646772598102,15.6338131944415,15.04115372108009,14.44848930592712,13.85581994895688,13.263145650117348,12.83035678939946,12.397562986856899,11.96476424248665,11.53196055630814,11.09915192829916,10.84022655269154,10.58129833563294,10.32236727716971,10.063433377200989,9.804496635841229,9.54555705302612,9.286614628723541,9.027669362974821,8.768721255789119,8.50977030720909,8.40069378176311,8.291615182630991,8.182534509810392,8.07345176331574,7.96436694314538,7.8552800492728805,7.74619108179268,7.637100040574339,7.52800692570962,7.41891173714152,7.3155221783351605,7.2121307177014495,7.10873735512365,7.005342090752139,6.901944924454158,6.7985458563050996,6.695144886350951,6.5917420145362104,6.4883372408065,6.38493056525772,6.23782054419276,6.09070933165245,5.943596927753229,5.796483332443259,5.64936854566916,5.502252567553021,5.3551353980095895,5.20801703705759,5.060897484630989,4.913776740865619
205,52.85856163571896,52.82173424145827,52.784901927400334,52.748064693542936,52.71122253990665,49.8723444084424,47.03345865755296,44.194565287234525,41.35566429749089,38.51675568833068,36.606246805099644,34.69572915823498,32.78520274769242,30.874667573490818,28.964123635625924,27.61994698687517,26.27576145330944,24.931567034946003,23.58736373176381,22.243151543777486,21.135032070482808,20.02690448310837,18.918768781651977,17.810624966139034,16.702473036562523,15.83354384816722,14.964608242645179,14.095666219989981,13.226717780258259,12.357762923378784,11.71218004545062,11.066592713872316,10.42100092860983,9.77540468971823,9.129803997142442,8.902968436166809,8.676130349806238,8.449289738077523,8.222446600955251,7.995600938464838,7.768820094151265,7.542037360992811,7.315252739022898,7.088466228211885,6.861677828577013,6.878134024352431,6.894587737654669,6.911038968492348,6.927487716869248,6.943933982769186,6.960341494007847,6.976746194841883,6.993148085309123,7.009547165382562,7.025943435063782,7.007217953696519,6.9884900216561565,6.969759638924314,6.951026805521572,6.932291521441949,6.913655078844528,6.895017200966345,6.876377887768002,6.857737139274299,6.839094955460436,6.811027776067335,6.7829605254979946,6.754893203764815,6.726825810888814,6.698758346848973,6.670872745493791,6.642988807864711,6.61510653393693,6.587225923743869,6.559346977264509
206,50.147369098308054,49.59812964182698,49.048890185345904,48.49965072886483,47.950411272383754,44.35348312488864,40.75655497739354,37.15962682989843,33.56269868240332,29.96577053490822,28.82209879117727,27.678427047446334,26.53475530371539,25.391083559984445,24.2474118162535,23.50914900770924,22.77088619916498,22.03262339062072,21.29436058207646,20.5560977735322,19.845187281803895,19.13427679007559,18.42336629834729,17.712455806618987,17.001545314890677,16.335252152302292,15.6689589897139,15.002665827125517,14.336372664537127,13.67007950194874,13.13315449735973,12.596229492770725,12.059304488181716,11.522379483592708,10.985454479003701,10.556530463038229,10.127606447072756,9.698682431107283,9.269758415141812,8.84083439917634,8.390954830111669,7.941075261046995,7.491195691982324,7.041316122917651,6.591436553852979,6.1266355716367995,5.661834589420621,5.197033607204439,4.73223262498826,4.267431642772079,3.811349776894164,3.355267911016248,2.899186045138332,2.443104179260416,1.9870223133825,1.5875291988368558,1.188036084291212,0.7885429697455673,0.3890498551999242,-0.010443259345720064,-0.38186481150962026,-0.7532863636735204,-1.12470791583742,-1.4961294680013195,-1.8675510201652201,-2.150791222245005,-2.4340314243247887,-2.717271626404572,-3.000511828484356,-3.283752030564139,-3.5814440864830486,-3.879136142401956,-4.176828198320862,-4.4745202542397715,-4.7722123101586815
207,44.101124173956535,42.437629378316245,40.77404804682388,39.11038017955513,37.44662577632602,35.82581186743348,34.20498574733387,32.58414741616392,30.963296873855093,29.34243412042981,28.14838446929708,26.95432303229564,25.76024980942618,24.566164800688036,23.372068006106122,22.522521756265068,21.67296570901605,20.823399864341653,19.973824222214425,19.124238782630762,18.350064585935012,17.575882108947486,16.801691351606923,16.027492313927688,15.253284995960515,14.91339139876252,14.57349285981337,14.233589378996474,13.893680956341454,13.553767591925189,13.298722488645861,13.043672443603823,12.788617456707934,12.533557527972357,12.27849265746313,12.120407614110416,11.962319729306111,11.804229003054276,11.646135435357836,11.48803902622998,11.329939775626267,11.171837683577984,11.01373275008417,10.855624975169576,10.69751435878461,10.584480212555864,10.471443992680676,10.358405699067909,10.24536533178879,10.132322890879733,10.019278376263465,9.906231787985696,9.79318312598169,9.680132390359901,9.567079581013704,9.47946473430313,9.391847985713735,9.304229335277231,9.216608782980797,9.128986328804713,9.041361972780747,8.953735714917876,8.866107555151961,8.778477493545221,8.690845530037201,8.656165160945012,8.62148360039206,8.58680084848091,8.552116905092792,8.51743177037006,8.48274544417039,8.44805792658951,8.41336921762198,8.378679317186641,8.34398822538793
208,54.133513364864534,52.87771859809773,51.62192383133092,50.366129064564106,49.110334297797294,46.77398994088849,44.43764558397968,42.10130122707087,39.76495687016206,37.42861251325325,35.452310724308234,33.47600893536322,31.499707146418203,29.523405357473187,27.547103568528172,25.92774641187111,24.30838925521404,22.68903209855697,21.06967494189992,19.450317785242845,19.108811984710464,18.767306184178082,18.425800383645704,18.08429458311332,17.742788782580934,17.499962137008946,17.257135491436955,17.01430884586497,16.771482200292976,16.528655554720988,16.285828909148997,16.04300226357701,15.800175618005017,15.557348972433028,15.314522326861042,14.973030535502636,14.631538744144239,14.290046952785836,13.948555161427436,13.607063370069032,13.265571578710636,12.924079787352232,12.582587995993832,12.241096204635431,11.899604413277029,11.673546504227005,11.447488595176972,11.221430686126943,10.995372777076913,10.769314868026884,10.543256958976855,10.31719904992683,10.091141140876799,9.86508323182677,9.63902532277674,9.466432866811084,9.293840410845428,9.121247954879768,8.948655498914114,8.776063042948456,8.603470586982798,8.430878131017142,8.258285675051484,8.085693219085828,7.913100763120171,7.865189981481416,7.81727919984266,7.7693684182039044,7.721457636565151,7.6735468549263945,7.625636073287639,7.5777252916488855,7.52981451001013,7.481903728371375,7.433992946732619
209,49.804510525167004,48.700284988198725,47.59598554712048,46.4916122025346,45.3871649541532,44.332499220753384,43.27782600308871,42.22314530146699,41.168457115374174,40.11376144511744,38.74387230153982,37.37397573088121,36.00407173317865,34.634160308277906,33.26424145627355,32.3288961069465,31.393545666892976,30.458190135887786,29.52282951396054,28.58746380087304,27.483094026065558,26.37871927381019,25.27433954403586,24.16995483682016,23.065565152310764,22.186886628576897,21.308206614205343,20.429525109038487,19.550842113395102,18.67215762680183,17.774680746449054,16.8772023767788,15.979722517616304,15.082241169435584,14.184758331866867,13.563716538486313,12.94267329266019,12.321628594195035,11.70058244326307,11.07953484012099,10.683867020844392,10.288197749007423,9.892527024751123,9.496854848435449,9.101181219122322,8.801197593555822,8.501213132149294,8.201227834575114,7.901241700471187,7.601254730600589,7.640670417389241,7.680085267795021,7.719499282276874,7.758912460597655,7.798324802398106,7.843355605236798,7.888385579375034,7.933414724824027,7.978443041582404,8.023470529485715,8.04168811464003,8.059904871093323,8.07812079885696,8.096335897931722,8.114550168296077,8.133776831953154,8.153002929383463,8.172228460670063,8.191453426111272,8.21067782498984,8.22385214006488,8.237025888904926,8.250199071916766,8.263371688456832,8.276543738756963
210,48.45375919461917,47.86379642560958,47.2737592862122,46.6836477762515,46.09346189580261,44.80364972081109,43.51382918599844,42.22400029150222,40.93416303705745,39.64431742299783,38.38156913304258,37.118813424437064,35.85605029688286,34.593279750534585,33.33050178536401,32.52478399694013,31.719061026529815,30.91333287444663,30.10759954034103,29.30186102464648,28.539680604659942,27.777495029335768,27.015304298523773,26.253108412345878,25.49090737065109,24.817218109463823,24.143527234239592,23.46983474504288,22.796140641723927,22.12244492439127,21.60140624268468,21.08036602365705,20.55932426765646,20.038280974320326,19.517236143829383,19.16994826145449,18.82265890637353,18.47536807835726,18.128075777671917,17.78078200439921,17.43348675781353,17.08619003893484,16.73889184737193,16.391592182627452,16.044291045308405,15.881987031581636,15.719682192716059,15.55737652945893,15.395070041076982,15.232762728316656,15.070454590945348,14.90814562829241,14.745835841265501,14.583525229099013,14.421213792557745,14.307747044867368,14.194279465704671,14.0808110541755,13.967341811093323,13.853871735417746,13.740400828288045,13.626929088783697,13.513456517665599,13.399983114039383,13.286508878924284,13.155039446840114,13.023569454395279,12.892098901394933,12.7606277875661,12.62915611365585,12.49768387869846,12.366211083637609,12.234737727745516,12.103263811552505,11.971789334514831
211,50.102416571161655,49.940009906839386,49.77756779041016,49.615090222087844,49.4525772014716,46.55383619622705,43.65503891947766,40.75618537113913,37.857275551338624,34.958309459967595,34.1188774213949,33.2794273707682,32.43995930801001,31.6004732332122,30.760969146312764,29.665486352367,28.569983102563242,27.474459396846168,26.378915235307336,25.283350617897266,24.133031160310594,22.982690845870994,21.83232967460625,20.68194764650949,19.53154476161232,18.642072350546663,17.752586438733207,16.863087026179358,15.973574112971086,15.084047699012022,14.194990237087069,13.305924171516349,12.416849502246249,11.527766229329323,10.638674352724035,10.402189072524394,10.165699071110836,9.929204348520145,9.692704904698768,9.456200739707638,9.219806817794018,8.98340916301143,8.74700777544019,8.51060265499583,8.274193801767419,8.21604715164692,8.1578945707543,8.099736059115749,8.0415716166393,7.983401243456609,7.925088308145511,7.8667687095514,7.80844244755245,7.750109522305889,7.691769933654109,7.64965625438636,7.60753741986191,7.56541343013598,7.52328428514985,7.481149984938439,7.43933791402963,7.39752304581949,7.355705380261629,7.31388491739767,7.2720616571245795,7.236552607765549,7.20104295284091,7.1655326923084806,7.130021826272788,7.09451035463258,7.05928925355222,7.024070360539239,6.9888536755754895,6.95363919875564,6.91842692998273
212,49.98400473809181,49.73741031596912,49.490699645294406,49.24387272614112,48.996929558486606,41.92605592291392,34.85515557340786,27.784228510018647,20.713274732773147,13.642294241637702,12.820205955656103,11.998105883802051,11.175994026089537,10.35387038254469,9.531734953106568,9.395419305240894,9.259093859954781,9.122758617230616,8.98641357708375,8.850058739482739,8.690953012902114,8.53183900597274,8.372716718755317,8.213586151188403,8.05444730330173,8.032998417602697,8.011543403706694,7.990082261625502,7.968614991336,7.947141592880076,7.926448210203117,7.905751072063476,7.8850501784942475,7.864345529474975,7.843637125000444,7.801134971252808,7.758629725652953,7.716121388249694,7.673609959018939,7.631095437976411,7.58871422314496,7.5463304172116565,7.503944020196995,7.461555032129584,7.419163452945662,7.356950611520139,7.294735555442887,7.232518284799106,7.170298799510535,7.108077099663273,7.045897360811213,6.983715689248763,6.921532084905272,6.8593465478448215,6.797159078011252,6.758138016035439,6.7191152313669456,6.68009072399765,6.641064493935758,6.6020365411482445,6.562973978161221,6.523909334161479,6.484842609135556,6.4457738030893035,6.406702916017481,6.376267643212583,6.345831179030335,6.315393523414468,6.28495467637374,6.254514637933692,6.224074397477885,6.193632965624297,6.163190342366119,6.132746527696592,6.102301521605944
213,53.94418881739821,53.97008322230706,53.99593612991914,54.021747540236646,54.04751745324276,52.21900355907314,50.39048219847933,48.56195337141597,46.733417077901414,44.90487331795891,43.49832182684657,42.091756098089135,40.68517613169258,39.278581927627705,37.8719734859091,36.53270245988482,35.19341609891313,33.85411440301085,32.51479737216978,31.17546500639812,29.83596877059765,28.496466851187343,27.156959248095962,25.817445961369934,24.477926991002228,23.37966724057908,22.281402963961398,21.18313416111737,20.08486083206422,18.986582976805728,18.1219376485936,17.257290029711307,16.39264012016308,15.527987919957088,14.663333429064139,14.044059951219591,13.424784643157864,12.805507504883181,12.18622853638911,11.566947737707503,10.947724518734818,10.328499811347172,9.709273615529964,9.090045931291815,8.470816758611711,7.814669082812613,7.158520175532975,6.502370036774376,5.846218666553619,5.1900660648561,4.533947037908481,3.8778269718701033,3.221705866728564,2.5655837225086655,1.909460539206628,1.4530192776793496,0.99657712042791,0.5401340674567107,0.08369011877595159,-0.3727547256451467,-0.8292737994900451,-1.285794013613484,-1.7423153680327028,-2.1988378627574616,-2.6553614977547815,-2.8955058603346315,-3.135650755986042,-3.375796184733814,-3.615942146577944,-3.856088641485015,-4.096235669462587,-4.3363832305278995,-4.57653132465615,-4.81667995188938,-5.056829112218972
214,42.27914212441191,40.46370508890195,38.64818151756751,36.83257141036359,35.01687476735721,33.60621943853836,32.19555189856944,30.78487214747837,29.374180185276405,27.963476011959123,27.07205359583121,26.180619393814155,25.2891734059284,24.397715632195908,23.50624607262025,22.765263541620104,22.02427121323784,21.283269087382457,20.542257164107752,19.80123544342074,18.91358202756228,18.025920331408493,17.13825035491677,16.250572098117342,15.362885561020416,14.76940476553526,14.175919028286264,13.582428349228268,12.988932728324102,12.395432165617477,12.008076617610152,11.620716127780241,11.233350696144576,10.845980322710432,10.4586050074453,10.302431372907625,10.146254896878663,9.990075579442397,9.833893420574825,9.6777084202224,9.521798198715562,9.365885135737592,9.209969231364745,9.054050485506027,8.898128898225796,8.856938036365731,8.815745100871457,8.774550091652072,8.733353008748674,8.692153852218532,8.651007664290967,8.60985940272689,8.568709067451056,8.527556658534872,8.486402175899995,8.439878410225896,8.393352742711757,8.346825173332137,8.300295702063996,8.253764328929309,8.20739066065497,8.16101509054663,8.11463761855191,8.06825824470541,8.021876968956551,7.99459327132571,7.96730838223771,7.9400223017726095,7.912735029870251,7.88544656659717,7.858115256819939,7.83078275562661,7.8034490630304205,7.77611417901783,7.7487781035836605
215,44.75553021203992,43.51423949043866,42.27290899945062,41.031538739119675,39.79012870936239,38.401535842259804,37.01289247082383,35.62419859514491,34.235454215138155,32.846659330854756,31.786847392789127,30.727017489658007,29.667169621428048,28.607303788112212,27.547419989671113,26.77380719602272,26.00017390006311,25.226520101844088,24.45284580131848,23.679150998514498,22.925069312076104,22.170966995841727,21.41684404978424,20.662700473935082,19.908536268282045,19.280204604533406,18.651859251134468,18.023500208023922,17.39512747524022,16.766741052768,16.272632375021733,15.778515066954713,15.284389128575464,14.790254559887531,14.296111360898134,13.992878433248068,13.689640773933771,13.386398382945385,13.08315126028712,12.779899405946052,12.47697884299569,12.174054546678455,11.871126516974911,11.568194753884669,11.265259257422636,11.082727406286478,10.90018962341959,10.717645908801291,10.535096262463124,10.352540684375086,10.169961255579455,9.987375163449078,9.804782407984868,9.622182989192622,9.43957690705838,9.276023316064364,9.112464569843139,8.948900668394213,8.785331611720517,8.621757399819272,8.458452251780267,8.295144306414514,8.13183356368785,7.968520023641547,7.805203686245263,7.684367114341882,7.563529936869868,7.442692153808382,7.321853765218379,7.201014771058056,7.080494066507868,6.959975572182442,6.839459288086084,6.718945214211366,6.598433350591817
216,51.22300456186382,49.874266162113884,48.525474041668666,47.176628201089024,45.82772864005256,44.60856419246774,43.38937758300928,42.17016881162579,40.95093787815307,39.731684782523736,38.4790564254229,37.22640698878845,35.97373647359322,34.7210448787671,33.4683322051254,32.37087148737359,31.27340419647199,30.175930331647272,29.078449893834208,27.980962882087276,26.824554788092794,25.668141204567842,24.511722131583245,23.35529756933076,22.19886751777627,21.079148096521234,19.95942517531559,18.839698754079027,17.71996883302327,16.600235411991,15.6494720698786,14.698706315819571,13.74793814947734,12.797167571258088,11.8463945810268,11.16466777418836,10.48293906398437,9.80120845052209,9.119475933691879,8.437741513600171,7.99418305302651,7.55062303086306,7.10706144725728,6.6634983020555305,6.219933595352149,5.624870149848371,5.02980547251526,4.434739563208071,3.839672421974441,3.244604048696451,2.9613698790703404,2.6781346698421697,2.3948984211260402,2.111661132642549,1.8284228046965305,1.63889732327556,1.4493709637738503,1.25984372634789,1.0703156106675003,0.8807866168985091,0.73340552401641,0.5860233084698196,0.43863997041206004,0.29125550952509,0.1438699260064699,-0.04602384488403927,-0.23591813968919984,-0.4258129582209896,-0.6157083005958605,-0.8056041667159994,-0.9387246676774996,-1.0718456926016495,-1.2049672412981904,-1.33808931357434,-1.4712119098524798
217,50.147369098308054,49.59812964182698,49.048890185345904,48.49965072886483,47.950411272383754,44.565492443641155,41.180573614898556,37.79565478615596,34.41073595741335,31.02581712867076,29.897162872635924,28.768508616601085,27.63985436056625,26.51120010453142,25.382545848496587,24.649060328137104,23.915574807777624,23.18208928741815,22.44860376705868,21.7151182466992,21.055645157944504,20.396172069189813,19.73669898043511,19.077225891680417,18.41775280292572,17.802688021274143,17.187623239622567,16.572558457970995,15.957493676319416,15.34242889466784,14.793608528888097,14.244788163108353,13.695967797328608,13.147147431548863,12.598327065769125,12.210398524365916,11.822469982962712,11.434541441559508,11.046612900156305,10.6586843587531,10.263262022696475,9.867839686639853,9.472417350583228,9.076995014526604,8.68157267846998,8.2197581251186,7.7579435717672185,7.296129018415841,6.83431446506446,6.3724999117130805,5.899911736000163,5.427323560287248,4.954735384574331,4.4821472088614165,4.0095590331485,3.4911633978969396,2.9727677626453812,2.45437212739382,1.93597649214226,1.4175808568907005,1.014669737284116,0.6117586176775313,0.20884749807094716,-0.1940636215356367,-0.5969747411422196,-0.9091336439178724,-1.2212925466935243,-1.5334514494691762,-1.845610352244828,-2.1577692550204803,-2.48700482028068,-2.81624038554088,-3.1454759508010803,-3.4747115160612805,-3.803947081321481
218,53.4749468090902,52.6269825441094,51.7778231009286,50.927468479547805,50.075918680266994,48.2894915749016,46.5013146755362,44.711387982170805,42.9197114938054,41.126285210439995,39.81185704954506,38.49547738965012,37.17714623075518,35.85686357286024,34.534629415965306,33.34984724323224,32.16342468649918,30.97536174576612,29.78565842003305,28.5943147093,27.983343168153517,27.37152084100704,26.75884772686056,26.14532382671408,25.5309491415676,24.9220082812557,24.3121360279438,23.7013323806319,23.08959734032,22.4769309060081,21.8633330786962,21.2488038583843,20.633343244072396,20.016951236760505,19.399627836448598,18.6866672181345,17.972659250820403,17.2576039335063,16.541501266192203,15.8243512488781,15.106153881564,14.3869091642499,13.6666170969358,12.9452776796217,12.2228909123076,11.56968723023304,10.915599959158481,10.26062910108392,9.60477465300936,8.948036617934799,8.290414993860239,7.631909780785681,6.97252097971112,6.31224859063656,5.651092612562,5.0553171075153,4.4595416014686,3.8637660964219,3.267990590375201,2.6722150853285003,2.0764395802817996,1.4806640742351,0.8848885691883988,0.28911306314169927,-0.3066624419049998,-0.7913143051815799,-1.2759661674581608,-1.7606180307347399,-2.24526989301132,-2.7299217552879003,-3.2145736185644807,-3.6992254808410596,-4.183877344117639,-4.668529206394221,-5.1531810696708
219,40.08385495280056,37.987235889514096,35.89061172821644,33.79398246894717,31.69734811166548,30.79707163482238,29.89678771265568,28.996496345201162,28.09619753241566,27.19589127432994,26.2955331480586,25.39516636158734,24.494790914893905,23.59440680799192,22.694014040875143,22.051134441973204,21.40824602073299,20.76534877716436,20.122442711266064,19.47952782303073,18.836628821801618,18.19372137258738,17.550805475375626,16.907881130189732,16.264948337002718,16.024633759133682,15.78431274601181,15.543985297601315,15.303651413941585,15.063311095000612,14.823086149195756,14.58285671350642,14.342622787883188,14.102384372384096,13.8621414669511,13.704115989244492,13.546087862010129,13.388057085240623,13.230023658947134,13.071987583113488,12.913976277076685,12.755962611469977,12.59794658626981,12.439928201478727,12.281907457106579,12.179350551597889,12.076791006937285,11.974228823133371,11.871664000192304,11.769096538107936,11.666498563935123,11.563897690652935,11.46129391826999,11.358687246786278,11.25607767618581,11.084662929047811,10.913245697488946,10.741825981525226,10.570403781135628,10.398979096353564,10.227651005965324,10.056321430488364,9.884990369942459,9.713657824302821,9.542323793586858,9.359773867755575,9.177223853954455,8.994673752195894,8.812123562463713,8.629573284793869,8.447205283696908,8.264838933619426,8.082474234529245,7.900111186459783,7.71774978939002
220,52.88221504102172,52.83578946369541,52.789290406923286,52.74271787067232,52.69607185495713,50.13148091410083,47.566882807540196,45.00227753527143,42.43766509730211,39.87304549361606,38.081431573507984,36.289810548858355,34.498182419680006,32.70654718596652,30.914904847696864,29.532414905456726,28.149920063315342,26.767420321239744,25.3849156792359,24.002406137316218,22.9409937325654,21.879576433660613,20.81815424064832,19.75672715349446,18.695295172220682,17.815668180387547,16.936039794701514,16.056410015150185,15.176778841754572,14.297146274485039,13.597240742568443,12.89733381678655,12.19742549715175,11.497515783651652,10.797604676298656,10.413550562461763,10.029495056971513,9.64543815980952,9.261379870996368,8.877320190534697,8.493259118419667,8.109196654635094,7.725132799203582,7.341067552108509,6.9570009133773185,6.968644076764944,6.98028641703617,6.991927934173757,7.003568628202501,7.015208499120827,7.026847546911933,7.038485771569401,7.050123173114244,7.06175975154647,7.073395506857456,7.054289928902806,7.0351835256187565,7.016076297001527,6.996968243084538,6.977859363852748,6.95874965927318,6.93963912938145,6.9205277741727205,6.901415593630811,6.882302587768121,6.852834371623307,6.823365596167252,6.793896261356777,6.764426367249663,6.734955913815128,6.7054849010655735,6.676013328992378,6.646541197568545,6.6170685068529105,6.587595256813636
221,40.592137453113445,38.57608301573313,36.560022898839044,34.543957102458336,32.527885626562615,32.002676796619234,31.47745999867655,30.95223523272341,30.427002498746177,29.90176179676349,29.377352641706192,28.8529346602716,28.328507852474637,27.80407221829914,27.27962775774888,26.751695478647623,26.223753954964497,25.69580318673149,25.167843173920197,24.639873916543028,24.11203511908025,23.584188218599092,23.0563332150922,22.528470108582898,22.00059889903923,21.470334749457855,20.940064130204476,20.40978704127048,19.879503482665722,19.34921345437532,18.81902621371592,18.288834157246985,17.758637284956286,17.228435596896848,16.69822909300325,16.28776268204684,15.877293463591727,15.466821437637917,15.056346604171763,14.645868963214289,14.235466470290099,13.825062019072446,13.414655609550177,13.004247241706041,12.59383691557707,12.391779455356462,12.189719429854916,11.987656839073669,11.785591683023883,11.583523961706796,11.38142194795967,11.179317068560179,10.977209323499533,10.775098712795149,10.57298523643338,10.284453891264869,9.995920087245981,9.70738382439271,9.418845102696444,9.130303922146016,8.841861147668288,8.553416931473697,8.264971273562248,7.976524173938959,7.688075632598808,7.443417256364355,7.198758801420442,6.954100267786848,6.709441655452414,6.4647829644159005,6.220306354322426,5.975831402554633,5.731358109095098,5.486886473977243,5.24241649717267
222,45.94627872466808,44.88136362296704,43.81636989420786,42.75129753862891,41.686146556259004,40.15562884465201,38.625043605051324,37.09439083810893,35.56367054323668,34.03288272069731,32.51045351534933,30.9880080591802,29.465546352205813,27.943068394367682,26.42057418564328,25.333637300391487,24.246690617712,23.159734137644392,22.072767860096043,20.98579178517809,19.967159165806102,18.94851826607385,17.92986908601466,16.91121162567921,15.89254588498102,15.2985529079815,14.704554989160089,14.11055212854712,13.51654432611688,12.92253158181735,12.494743533859461,12.066950544076901,11.639152612466651,11.21134973904814,10.78354192379916,10.53591774315154,10.28829072105294,10.04066085754971,9.79302815254099,9.54539260614123,9.29775421828612,9.050112988943539,8.80246891815482,8.55482200592912,8.307172252309089,8.204456921923109,8.101739517850989,7.99902004009039,7.896298488655741,7.7935748635453805,7.69084916473288,7.58812139231268,7.48539154615434,7.3826596263496205,7.27992563284152,7.17724202685516,7.07455651904145,6.97186910928365,6.869179797732139,6.76648858425416,6.663795468925099,6.561100451790951,6.45840353279621,6.3557047118865,6.25300398915772,6.09052399677276,5.928042812912449,5.765560437693231,5.603076871063261,5.44059211296916,5.278106163533019,5.11561902266959,4.953130690397591,4.790641166650989,4.628150451565619
223,53.353663554269936,53.07314347860156,52.79258363369552,52.51198401928068,52.231344635422246,50.10169013468252,47.971985896764046,45.84223192186826,43.71242820982429,41.582574760678646,40.08519295500007,38.58779267352046,37.090373916196896,35.59293668306389,34.095480974132265,33.11911981007994,32.14273885533374,31.166338109858128,30.18991757373964,29.213477246926423,28.026669016635537,26.83983959213695,25.652988973405403,24.466117160489453,23.279224153383076,22.34272176863946,21.40620555160445,20.46967550223308,19.533131620603946,18.596573906628066,17.76419558747823,16.93180841778501,16.09941239746999,15.267007526612886,14.434593805144994,13.736327954133234,13.038057343228175,12.339781972518564,11.641501841918664,10.943216951501817,10.367564400199456,9.79190810449171,9.21624806440929,8.64058427990729,8.06491675106002,7.4419236717067,6.818924657378061,6.195919708037491,5.57290882363102,4.9498920042771095,4.753813306624071,4.55772794557602,4.36163592106153,4.165537233199831,3.9694318818589105,3.80543510864302,3.6414331819316303,3.4774261017667594,3.31341386809009,3.1493964809865402,3.0136802302793098,2.877961182295949,2.742239336939669,2.6065146942772888,2.4707872542309803,2.2622967430289886,2.053805626261389,1.845313903885999,1.6368215760073495,1.4283286425241801,1.3394373854939,1.2505483365309984,1.1616614956173306,1.07277686284756,0.9838944381247304
224,51.15967632216285,49.903282139864494,48.64681360430561,47.39027071584622,46.13365347415757,45.00607374022671,43.878486328491526,42.75089123925079,41.62328847222124,40.49567802768398,39.14022682973654,37.78476818840075,36.42930210411135,35.07382857660227,33.71834760583522,32.49575104610473,31.27314932435266,30.05054244069601,28.82793039502076,27.60531318743594,26.62028480455859,25.63525135149913,24.65021282850354,23.665169235427648,22.680120572416698,21.661070890354765,20.642019684244758,19.622966954221706,18.60391270006873,17.584856921900546,16.676003664647073,15.767148915219716,14.858292673587192,13.949434939594877,13.040575713486083,12.601143976747068,12.16171080614516,11.722276201525512,11.282840163027611,10.843402690635127,10.45689938154825,10.070394638459662,9.683888461511646,9.297380850621195,8.910871805863069,8.686748758926699,8.462624920638648,8.238500291105776,8.014374870330295,7.790248658509783,7.829573790914192,7.868898132511662,7.90822168264973,7.947544441755029,7.986866409203957,8.040748002382138,8.094628785009428,8.148508757150568,8.202387919289409,8.25626627099556,8.26739934637796,8.27853161132511,8.289663066047092,8.300793710074252,8.311923544035142,8.34236898078207,8.372813854564544,8.403258165094114,8.43370191275791,8.464145097076397,8.476893981915492,8.489642303623079,8.502390062396575,8.515137258147103,8.527883890771378
225,43.09388847112652,40.13853603019697,37.183178410454374,34.22781561187249,31.272447634627706,29.8036854392427,28.334915480080824,26.866137757011398,25.39735227004352,23.92855901935849,22.95927562946352,21.98998360317092,21.02068294018761,20.05137364090014,19.08205570518256,18.293437930569134,17.504811066732337,16.71617511347761,15.927530070843492,15.138875939052195,14.619745444299376,14.100606669692707,13.581459615047946,13.062304280615288,12.543140666171066,12.255774153514624,11.968401152568612,11.681021663376455,11.393635685670752,11.106243219830858,10.819961419328935,10.533675076522401,10.247384191811957,9.9610887648574,9.674788795591876,9.483515732984106,9.292240117048536,9.100961947554776,8.909681224582766,8.718397948211535,8.527171749220264,8.335943643084084,8.144713629940854,7.9534817095396235,7.762247882523294,7.747695326503164,7.733140311269764,7.7185828366069655,7.704022902964956,7.689460510327816,7.674861397164237,7.660259497448208,7.645654812114309,7.63104734051287,7.61643708270708,7.6057829456955774,7.595126351867017,7.584467301377623,7.57380579436772,7.563141830909379,7.552576099081038,7.542008926016903,7.531440311743102,7.52087025641136,7.510298759394899,7.510101659497695,7.509904477541123,7.50970721359171,7.509509867564089,7.5093124394936765,7.509296863289504,7.509282939869061,7.509270669263189,7.509260051519696,7.509251086663334
226,52.84928569445116,52.811721528316276,52.774152442384135,52.73657843666714,52.69899951115665,50.99504980282788,49.29109268040551,47.58712814387117,45.883156193270224,44.179176828584296,42.84864927975128,41.51811320545942,40.18756860569587,38.85701548045467,37.526453829739594,36.304827395828504,35.08319192466927,33.861547416279116,32.63989387065162,31.41823128776998,30.16739330562313,28.916547405688522,27.665693587966146,26.414831852479242,25.163962199181352,24.098560750435727,23.03315292278457,21.96773871619005,20.902318130698607,19.83689116626601,19.003196924826785,18.169497850533027,17.335793943338274,16.502085203297614,15.668371630343568,15.160198232863381,14.65202221530166,14.143843577631396,13.63566231988557,13.127478442045808,12.619359567304686,12.11123880735408,11.603116162175617,11.094991631737456,10.586865216098431,10.242609876355528,9.898352012733648,9.554091625270608,9.209828713940986,8.865563278782604,8.52126359259614,8.17696108219586,7.8326557475509775,7.4883475886716955,7.1440366055661935,7.120684896415895,7.097330734732498,7.073974120539219,7.050615053798241,7.0272535345203835,7.0039904276397245,6.980725885337507,6.957459907628329,6.934192494539191,6.910923646028492,6.877703413860803,6.8444831104300725,6.811262735748703,6.7780422898129125,6.744821772614082,6.711783343804713,6.6787465807674415,6.645711483477473,6.612678051968223,6.579646286218673
227,50.10912454557143,48.77464838277189,47.440172219972354,46.105696057172814,44.77121989437328,41.355283891994695,37.93934788961611,34.52341188723753,31.107475884858943,27.69153988248036,26.570163047243927,25.448786212007494,24.327409376771065,23.206032541534633,22.084655706298204,21.282388810349133,20.480121914400065,19.677855018450998,18.87558812250193,18.07332122655286,17.25467159408351,16.436021961614163,15.617372329144818,14.798722696675465,13.98007306420612,13.286794472059741,12.59351587991336,11.90023728776698,11.2069586956206,10.51368010347422,9.938195467445345,9.362710831416468,8.787226195387593,8.211741559358716,7.63625692332984,7.263258594414264,6.8902602654986875,6.517261936583113,6.144263607667536,5.77126527875196,5.356893915730684,4.942522552709408,4.528151189688132,4.113779826666855,3.6994084636455793,3.1796116090482403,2.6598147544509003,2.1400178998535604,1.6202210452562198,1.1004241906588803,0.656265477613412,0.2121067645679437,-0.23205194847752422,-0.6762106615229917,-1.1203693745684589,-1.4603550279594721,-1.8003406813504839,-2.140326334741496,-2.480311988132508,-2.8202976415235206,-3.1675274252651207,-3.5147572090067194,-3.8619869927483212,-4.209216776489921,-4.556446560231518,-4.851746704584763,-5.147046848938009,-5.442346993291251,-5.737647137644496,-6.032947281997741,-6.389377038780367,-6.745806795562998,-7.102236552345624,-7.458666309128253,-7.81509606591088
228,43.7638164312946,42.65760680672149,41.55139166429354,40.44517100398595,39.338944825795124,38.572743148750995,37.80653402067988,37.040317441580804,36.274093411484095,35.50786193037401,34.6965498794758,33.885229209375574,33.07389992010506,32.26256201165829,31.45121548402664,30.487606794788572,29.523988933657698,28.56036190062912,27.596725695730974,26.63308031893168,25.62837212439184,24.623655841058767,23.618931468937504,22.614199008033847,21.609458458318763,20.82905284035338,20.04864072810354,19.26822212152404,18.487797020668697,17.707365425485897,17.11005619715474,16.51274214294757,15.91542326281557,15.318099556826215,14.720771024914402,14.228134608901145,13.735495399256207,13.242853395964993,12.750208599043052,12.257561008496818,11.76498857983628,11.272414206763903,10.779837889253928,10.28725962728189,9.794679420899252,9.52760289592306,9.260523826020123,8.993442211220886,8.726358051499933,8.459271346895079,8.192150370214382,7.925026548264727,7.657899881015331,7.390770368483776,7.123638010663481,7.114029211126552,7.104417954178345,7.0948042398494575,7.0851880681020685,7.075569438947,7.066049217318332,7.056527555397303,7.0470044531985145,7.037479910748967,7.027953927999679,6.995304564894586,6.962655128932374,6.93000562013282,6.8973560384847685,6.864706383979595,6.83223881627718,6.799772912752788,6.767308673388995,6.734846098204464,6.70238518720031
229,46.45187589692415,45.09409100722523,43.73630117155484,42.3785063898962,41.020706662242866,40.187497704593156,39.35428126049366,38.52105732997997,37.68782591303327,36.854587009657806,35.94304604966175,35.031496590360646,34.119938631722675,33.208372173773235,32.29679721650152,31.208788913080884,30.12077163232669,29.032745374310174,27.944710138983318,26.856665926331523,25.74719272458182,24.637711596163744,23.528222541116723,22.418725559424562,21.30922065108241,20.458402676712787,19.60757794543382,18.756746457249296,17.905908212176453,17.055063210185647,16.44738771976395,15.83970769548671,15.23202313733889,14.624334045329551,14.016640419435033,13.331814706896447,12.646986435333924,11.96215560477226,11.277322215190432,10.592486266597069,9.907709689803543,9.22293122585374,8.538150874778871,7.853368636536907,7.1685845111574835,6.484068089981026,5.79954917058119,5.1150277529833925,4.430503837174616,3.7459774231532803,3.061415490518264,2.3768507457302257,1.6922831888021894,1.007712819704952,0.32313963848389654,-0.002032596352515,-0.327207283087425,-0.6523844217020168,-0.9775640122173072,-1.302746054624679,-1.627829753804249,-1.952914888440379,-2.2780014585454706,-2.6030894641071214,-2.9281789051253324,-3.1191279774762783,-3.3100771233470643,-3.5010263427252895,-3.691975635602335,-3.8829250019992223,-4.073693728921848,-4.2644608060683735,-4.455226233438799,-4.645990011012104,-4.8367521388093095
230,48.51538749243893,47.224416505836054,45.933439605721894,44.64245679213805,43.35146806505629,42.43364200505096,41.51580725356575,40.59796381058224,39.68011167608464,38.76225085009595,37.84727791872173,36.93229579575362,36.017304481157566,35.10230397496416,34.187294277164646,32.977698209972736,31.768093257594316,30.55847942005166,29.348856697311344,28.13922508940555,26.929608693312595,25.7199838644442,24.510350602795345,23.300708908359887,22.091058781140372,20.957165513827366,19.823265480056214,18.689358679825688,17.55544511314062,16.42152477997639,15.288135822653539,14.154742269914692,13.021344121720782,11.887941378119653,10.754534039097683,10.089223937015698,9.42391123955165,8.758595946705382,8.093278058441435,7.427957574802647,6.76269200467878,6.097424462107752,5.432154947058945,4.766883459556716,4.101609999574348,3.606099910009714,3.11058735121196,2.615072323191906,2.11955482590435,1.6240348593996752,1.1284783642959808,0.6329190751051258,0.13735699184813194,-0.3582078854626031,-0.8537755568458981,-1.2775734371529666,-1.7013737540336726,-2.1251765075312026,-2.5489816976441313,-2.9727893243686996,-3.396498909174768,-3.8202099173117356,-4.243922348779604,-4.667636203600354,-5.09135148171998,-5.229573556378768,-5.367795705139133,-5.506017927968901,-5.644240224884248,-5.782462595896155,-5.920501862925361,-6.058539457354029,-6.196575379196918,-6.334609628423261,-6.47264220505143
231,41.08832175895191,39.58600715205372,38.08368756446186,36.581362996161744,35.07903344718635,34.16375107417007,33.24846118746121,32.33316378708516,31.41785887301871,30.502546445282874,29.55393072116059,28.60530664435306,27.65667421481605,26.708033432555972,25.759384297593428,24.788162252006682,23.816931583120965,22.845692290941134,21.874444375458562,20.903187836700255,19.987213213788827,19.071230408064444,18.155239419537306,17.23924024824522,16.323232894131554,15.725645725837369,15.128052053641238,14.530451877536748,13.932845197555736,13.335232013664168,12.836111549414742,12.336986573185571,11.837857084905423,11.338723084654161,10.83958457235191,10.43881440318644,10.038041675056833,9.637266387979881,9.236488541917774,8.835708136933125,8.434994509263316,8.034278981241426,7.633561552876076,7.232842224125226,6.832120995043317,6.841914999616302,6.851706517413306,6.861495548442951,6.871282092696616,6.88106615017052,6.890812021771145,6.900555084653551,6.9102953388803545,6.920032784412159,6.929767421250545,6.926015604317076,6.92226133666091,6.91850461828846,6.914745449220313,6.910983829438086,6.907321039395258,6.903656813910469,6.8999911529815225,6.896324056583615,6.8926555247415475,6.868755630247562,6.844855664428538,6.820955627284474,6.7970555188239885,6.773155339038466,6.749437034064801,6.725720392767636,6.702005415146972,6.678292101199027,6.654580450915182
232,32.939980413814155,31.77191766078411,30.60385490775406,29.43579215472401,28.267729401693963,27.44869085084827,26.629652300002583,25.810613749156893,24.99157519831121,24.17253664746552,23.74425019843921,23.31596374941291,22.887677300386606,22.459390851360304,22.031104402334005,21.51151975630484,20.991935110275683,20.47235046424652,19.95276581821736,19.4331811721882,18.957641302096942,18.48210143200569,18.006561561914435,17.531021691823177,17.05548182173192,16.639548754485702,16.223615687239487,15.80768261999327,15.391749552747056,14.975816485500838,14.530860638983299,14.085904792465751,13.640948945948209,13.195993099430662,12.751037252913118,12.394511759704516,12.037986266495913,11.681460773287307,11.324935280078702,10.9684097868701,10.541331553822877,10.114253320775651,9.687175087728429,9.260096854681203,8.83301862163398,8.3635822699434,7.8941459182528195,7.42470956656224,6.955273214871659,6.48583686318108,6.019098517966764,5.552360172752448,5.085621827538133,4.618883482323816,4.1521451371095,4.092880560071541,4.03361598303358,3.974351405995621,3.9150868289576604,3.8558222519197,3.79874253323524,3.74166281455078,3.68458309586632,3.62750337718186,3.5704236584974,3.522682988762192,3.474942319026984,3.427201649291776,3.3794609795565673,3.33172030982136,3.305565137254784,3.2794099646882082,3.253254792121632,3.2270996195550565,3.2009444469884802
233,53.4749468090902,52.6269825441094,51.7778231009286,50.927468479547805,50.075918680266994,48.288562302467604,46.499454814668205,44.7085962178688,42.9159865110694,41.12162569427,39.80582672471306,38.48807423515612,37.16836822759918,35.84670870004224,34.5230956534853,33.33772818534624,32.15071923920718,30.96206881506812,29.771776912929056,28.57984353179,27.97098936112752,27.36128742346504,26.75073772080256,26.13934025114008,25.5270950154776,24.919092372567697,24.3101594986578,23.700296392747898,23.089503054837998,22.477779485928107,21.8651256850182,21.251541653108298,20.6370273891984,20.02158289328849,19.4052081653786,18.6897187158855,17.9731782083924,17.2555866438993,16.536944022406203,15.8172503429131,15.09650560642,14.3747098119269,13.651862960433798,12.927965050940701,12.203016085447599,11.547377293073039,10.890851767698479,10.23343951132392,9.57514052294936,8.915954802574799,8.25588235020024,7.594923164825681,6.933077248451119,6.2703445990765605,5.6067252187020005,5.0100128456903,4.413300472678601,3.8165880996669,3.2198757266552,2.6231633536434993,2.0264509806318,1.429738608620101,0.8330262356084007,0.2363138625967006,-0.36039851041500137,-0.84228330692858,-1.324168104442158,-1.80605290095574,-2.287937697469321,-2.7698224939829,-3.251707290496479,-3.73359208701006,-4.215476884523641,-4.69736168103722,-5.179246477550799
234,50.10912454557143,48.77464838277189,47.440172219972354,46.105696057172814,44.77121989437328,41.332337454992704,37.89345501561211,34.454572576231534,31.01569013685095,27.57680769747036,26.453613685552124,25.330419673633898,24.207225661715665,23.084031649797435,21.9608376378792,21.15119701522841,20.341556392577623,19.53191576992684,18.722275147276047,17.91263452462526,17.120474001685153,16.328313478745045,15.536152955804935,14.743992432864829,13.95183190992472,13.28657513448314,12.62131835904156,11.956061583599979,11.2908048081584,10.625548032716821,10.100783839498344,9.57601964627987,9.051255453061392,8.526491259842917,8.00172706662444,7.620909212509944,7.240091358395448,6.859273504280954,6.478455650166455,6.09763779605196,5.678289386104484,5.258940976157008,4.839592566209532,4.420244156262056,4.00089574631458,4.0160296694270805,4.0311635925395795,4.046297515652079,4.06143143876458,4.07656536187708,4.064866327416284,4.053167292955488,4.0414682584946915,4.029769224033896,4.0180701895731,4.00311135605622,3.9881525225393406,3.97319368902246,3.958234855505581,3.9432760219887,3.92447026550464,3.90566450902058,3.88685875253652,3.86805299605246,3.8492472395684,3.825735998064512,3.8022247565606238,3.778713515056737,3.755202273552848,3.73169103204896,3.7169399811608645,3.702188930272768,3.6874378793846723,3.672686828496576,3.65793577760848
235,54.517249930594716,53.671310032376944,52.825334682052194,51.97932387983436,51.13327762532261,46.88095885083405,42.6285811559485,38.37614454061187,34.1236490049083,29.871094548722272,28.03411558930892,26.197119781992377,24.360107126682763,22.523077623446753,20.686031272297544,19.94615890660936,19.20626686329389,18.466355142310608,17.726423743748676,16.986472667585787,16.345745573664335,15.704998205425115,15.064230562842848,14.423442645980856,13.782634454810976,13.160132758885743,12.537617672623968,11.915089195995455,11.292547329091203,10.66999207180244,10.04789613754211,9.425791610941848,8.803678491920888,8.181556780561307,7.5594264767920345,6.931932125788555,6.304433040388675,5.676929220624166,5.049420666448846,4.421907377913917,3.794503063524536,3.1670949914293507,2.5396831617455695,1.91226757437899,1.2848482294136596,0.6843959948695807,0.08393778077327971,-0.5165264128672703,-1.1169965861382205,-1.7174727389063498,-2.3180883699121098,-2.9187106852486213,-3.519339684974909,-4.119975368986509,-4.72061773740805,-5.244072834855581,-5.767533094114551,-6.2909985151627215,-6.814469098038631,-7.337944842662381,-7.861098632940491,-8.38425522937783,-8.907414632058789,-9.430576840921571,-9.95374185603898,-10.14992838949129,-10.34611550993341,-10.542303217424939,-10.73849151187375,-10.93468039338346,-11.1305791299516,-11.326475640771683,-11.522369925842069,-11.71826198507814,-11.914151818593968
236,51.05620781161499,50.06738872532307,49.07850319929734,48.089551233301485,47.100532827521896,46.19999186921299,45.29943932782918,44.39887520382007,43.49829949682257,42.59771220713087,41.69592602840673,40.79411551049511,39.89228065383918,38.99042145802904,38.08853792343808,37.00695471171184,35.92534296294257,34.84370267689372,33.762033853866626,32.680336493473774,31.59963495621972,30.518918237068906,29.438186335719273,28.35743925247318,27.276676987012138,26.082189344987842,24.88768917106228,23.693176465080388,22.49865122739621,21.304113457775102,20.11073217103073,18.91734709011119,17.72395821482726,16.53056554516628,15.337169081165028,14.653515545685096,13.969858918452958,13.286199199348681,12.60253638845538,11.91887048570755,11.23524752510287,10.55162197338886,9.867993830570699,9.18436309675042,8.500729771788201,7.93148727467237,7.36224256300012,6.7929956366858315,6.223746495743921,5.65449514021636,5.0852688913110695,4.51604070959465,3.9468105951494303,3.3775785479546796,2.8083445679997494,2.4578239688657786,2.1073016469655705,1.7567776023711699,1.4062518350489093,1.0557243450485794,0.7051586077449307,0.35459078942112,0.004020890045469074,-0.3465510903449396,-0.6971251517432895,-0.5699200055025003,-0.4427160506331104,-0.31551328724668964,-0.1883117153981396,-0.06111133476396049,0.06608785554840929,0.19328585445078927,0.3204826618142184,0.44767827791361997,0.5748727025902491
237,44.90405975798171,43.509363099402734,42.114661531836624,40.71995505524332,39.325243669488046,38.55926643182999,37.79328198793424,37.02729033777963,36.26129148150272,35.495285418973424,34.6567204514498,33.818147093086836,32.979565343572865,32.14097520339376,31.302376672194082,30.382674950219346,29.462964261282433,28.54324460539502,27.623515982718043,26.70377839293396,25.74578036978411,24.7877744293265,23.829760571517358,22.87173879647825,21.91370910408676,21.172828787394216,20.431942091666734,19.69104901691779,18.950149563326427,18.20924373093671,17.70294968840996,17.19665092747504,16.690347447980372,16.184039249988984,15.677726333274387,15.016824092879117,14.355919118038706,13.695011408605154,13.034100965007672,12.373187786832425,11.712349829780312,11.05150998730762,10.39066825978887,9.729824647357217,9.068979149196108,8.874682716489845,8.680383759988676,8.486082279932676,8.291778275511893,8.097471747449022,7.903130968297202,7.708787365179762,7.514440937630392,7.320091685787752,7.1257396097404895,7.110130961301739,7.09451986027339,7.07890630681686,7.063290300729329,7.047671842010019,7.032151795434839,7.016630313844169,7.00110739684654,6.98558304443765,6.970057256638499,6.9599050407415834,6.949752753578854,6.939600395164657,6.929447965525669,6.919295464594012,6.909325052057015,6.899356305286148,6.889389224268553,6.879423809050902,6.869460059196126
238,45.502333704023854,44.04161408409252,42.58082098470074,41.11995440584476,39.65901434752454,38.833420868574294,38.00782022391971,37.1822124135424,36.35659743747912,35.53097529569911,34.55764819456323,33.58431398885658,32.610972678650405,31.637624263909103,30.664268744611633,29.68101933950176,28.697765034476046,27.71450582953071,26.73124172467173,25.747972719882323,24.825153325049932,23.9023290360782,22.979499852984326,22.0566657757781,21.133826804422757,20.435548982408932,19.737269766556803,19.038989156824783,18.34070715326308,17.64242375582745,17.156054359051215,16.66968356842427,16.183311383929826,15.696937805584687,15.210562833372043,14.675905410231417,14.141246595437424,13.60658638897169,13.071924790854801,12.537261801089388,12.002597419656018,11.467931646567708,10.933264481847056,10.398595925433645,9.863925977398713,9.581496077762598,9.299065354995484,9.016633809109328,8.734201440099735,8.451768247979716,8.169334232732483,7.886899394366208,7.6044637328873135,7.322027248281198,7.039589940568443,7.024075842378947,7.0085609188600495,6.993045170022573,6.977528595870736,6.9620111963895,6.9464929715896835,6.930973921463107,6.91545404601953,6.899933345257373,6.884411819159836,6.8619889859381935,6.839565593405311,6.817141641532607,6.794717130348664,6.7722920598373015,6.749866430010917,6.727440240860893,6.705013492374829,6.682586184582368,6.660158317466263
239,57.09187168836403,56.94116880341322,56.79046099866513,56.6397482741176,56.48903062979118,53.238062709568126,49.98708716991989,46.73610401084265,43.48511323234022,40.23411483442122,38.10812249166664,35.982121385278425,33.85611151521233,31.73009288148717,29.60406548409873,28.146799965216022,26.689525561518348,25.23224227302296,23.774950099708825,22.31764904159056,21.17492870731496,20.03220025895961,18.889463696522295,17.74671902002844,16.603966229471002,15.72275926606213,14.841545885526514,13.960326087857743,13.079099873112447,12.197867241219393,11.557033797567016,10.916195900264501,10.275353549277806,9.63450674466199,8.993655486361995,8.783906348539963,8.574154685332992,8.364400496757883,8.154643782789213,7.944884543452401,7.73519012229243,7.52549381228758,7.315795613471269,7.106095525813859,6.896393549332588,6.909170952634046,6.921945873462322,6.93471831182604,6.947488267728977,6.960255741154955,6.972984459919651,6.9857103682797295,6.998433466273005,7.011153753872484,7.023871231079741,7.01229969320233,7.00072570465182,6.989149265409828,6.977570375496937,6.965989034907166,6.954506535799595,6.943022601411265,6.931537231702773,6.920050426698922,6.908562186374911,6.8879292542055515,6.867296250859953,6.846663176350514,6.826030030698255,6.8053968138821554,6.784945459750716,6.764495769345378,6.744047742641337,6.723601379672018,6.7031566804164004
240,54.99992273062248,54.93976160057627,54.87956501842307,54.81933298437681,54.75906549803659,52.16021062201783,49.56130024168896,46.962334357013326,44.36331296804526,41.76423607469904,40.22907747127015,38.69390039204022,37.158704836966336,35.62349080608301,34.08825829940107,33.11348144129794,32.13868479250094,31.16386835297453,30.18903212280524,29.214176101941224,27.9440942825339,26.673991268918876,25.403867061070883,24.133721659038496,22.863555062815674,21.895125275183027,20.926681394187028,19.95822341983972,18.989751352162703,18.02126519112398,17.186173152233607,16.35107252385437,15.515963305912868,14.680845498469044,13.845719101466598,13.178062070413636,12.510400279467374,11.842733728716567,11.175062418075466,10.507386347617416,9.960870429932616,9.41435076784243,8.867827361377572,8.32130021049313,7.77476931526342,7.15654866463946,6.53832207904018,5.9200895584289706,5.30185110275186,4.683606712127309,4.4955035180281095,4.307393660533901,4.119277139573249,3.93115395526539,3.743024107478309,3.57170755582238,3.4003858506709492,3.2290589920660397,3.057726979949329,2.8863898144057396,2.73686490739907,2.58733720311627,2.437806701460549,2.2882734024987306,2.1387373061529806,1.94514222625227,1.7515465407859498,1.5579502497118407,1.3643533531344705,1.1707558509525795,1.0844034290623807,0.9980532152395608,0.9117052094659688,0.8253594118362797,0.7390158222535298
241,54.35094711015727,54.147090493241016,53.943127577381645,53.73905836234242,53.53488284809177,49.71026658579994,45.88561000607869,42.06091310931222,38.2361758954506,34.411398364429814,30.740117156677083,27.06882416305564,23.397519383566177,19.726202818208034,16.054874467006115,14.756115910625068,13.457347556836051,12.158569405621652,10.859781456954424,9.560983710830758,9.423612821895015,9.286233652667484,9.14884620308692,9.011450473167688,8.874046462960516,8.94663202826252,9.019212651813373,9.091788333496472,9.164359073341457,9.236924871425188,9.204570770345859,9.172211727503823,9.139847742807937,9.107478816272359,9.07510494796313,9.059731409950416,9.044355030486113,9.028975809574279,9.013593747217836,8.99820884342998,8.982821098166268,8.967430511457984,8.95203708330417,8.936640813729575,8.921241702684613,8.886044694805863,8.850845613280676,8.815644458017909,8.78044122908879,8.745235926529732,8.710028550263463,8.674819100335696,8.63960757668169,8.6043939794099,8.569178308413704,8.52001875012313,8.470857289953736,8.42169392793723,8.372528664060797,8.323361498304712,8.274192430700749,8.225021461257874,8.17584858991196,8.12667381672522,8.0774971416372,8.047496867845009,8.017495402592061,7.9874927459809095,7.95748889789279,7.927483858470059,7.89747762757039,7.86747020528951,7.83746159162198,7.807451786486641,7.7774407899879305
242,54.545156653716404,54.03804220268545,53.53084274691241,53.023558286423764,52.516188821271136,51.07497852012616,49.633733778003744,48.19245459478862,46.75114097064298,45.30979290546872,43.389848007869716,41.46986434598346,39.549841919829724,37.62978072929182,35.709680774511234,34.24789292487888,32.78609034642389,31.324273039168208,29.862441003167,28.400594238300428,27.32253727536387,26.24446747760227,25.16638484508141,24.08828937786846,23.010181075797007,22.143266303145488,21.27634540229736,20.409418373304202,19.5424852161397,18.67554593071705,18.03294535827386,17.39034103034481,16.747732947009712,16.105121108226587,15.4625055139544,15.090120804905597,14.717733004083398,14.345342111389831,13.97294812690907,13.600551050579366,13.228196916390823,12.855840191117046,12.483480874723123,12.111118967331118,11.738754468770768,11.517049447839428,11.29534221225677,11.07363276209777,10.851921097277343,10.630207217911265,10.408518445116664,10.186827739538545,9.965135101237303,9.743440530174347,9.521744026379897,9.353523792122633,9.185301835152016,9.01707815550817,8.848852753164424,8.68062562808856,8.512360255709003,8.344092802322187,8.175823267885914,8.007551652436797,7.839277955997641,7.702597767799332,7.565916388218471,7.429233817228852,7.292550054797623,7.1558651009992635,7.019178956838354,6.8824916212860945,6.745803094367474,6.609113376010214,6.472422466209195
243,50.10927889819964,49.948755233972584,49.78819611761336,49.62760154936104,49.4669715288148,44.886866032236526,40.306701624648454,35.72647830598371,31.146196076288824,26.565854935523472,25.580426501818348,24.594981435794935,23.60951973737578,22.62404140660512,21.638546443486383,20.55574915120278,19.472931960239258,18.39009487049051,17.307237882128298,16.224360995047725,15.264201994778336,14.304022717631073,13.343823163575646,12.383603332673013,11.423363224897376,11.13497872353138,10.84658083055205,10.558169545903976,10.269744869640565,9.981306801728243,9.693739986917551,9.406164579792128,9.118580580246007,8.830987988361265,8.543386804066834,8.508920444633794,8.474449365388034,8.439973566366344,8.405493047490367,8.371007808870639,8.336820655120414,8.302629770410832,8.26843515478499,8.23423680817083,8.200034730669818,8.13515869403402,8.070276725671299,8.00538882555785,7.9404949936897005,7.875595230110109,7.810468802907709,7.7453357123971,7.68019595850685,7.61504954134379,7.549896460800709,7.5042288732708595,7.458556130484308,7.412878232496279,7.3671951792228505,7.321506970749339,7.2761814420892295,7.23085311612779,7.185521992793429,7.140188072178169,7.09485135415378,7.06901755812965,7.04318315653991,7.0173481493423795,6.99151253666679,6.9656763183614805,6.940134301822419,6.914594493350739,6.88905689292829,6.86352150067494,6.837988316443329
244,53.93820530969772,53.970901771267485,54.00359331303999,54.03627993501303,54.068961637207174,51.05777775252612,48.04658624841986,45.03538712488462,42.02418038192418,39.01296601954716,36.93248507249948,34.85199536181815,32.77149688745894,30.690989649440667,28.61047364775912,27.218006326842627,25.82553012111117,24.433045030582,23.04055105523409,21.64804819508204,20.499575072687804,19.351093836213806,18.202604485657854,17.05410702104536,15.905601442369292,15.07184324141018,14.23807862332433,13.404307588105324,12.570530135809792,11.736746266366499,11.10122822329118,10.465705726565721,9.830178776156082,9.19464737211732,8.559111514394377,8.385610828168984,8.21210761655865,8.038601879580176,7.865093617208142,7.691582829467967,7.518136859904634,7.344689001496421,7.171239254276746,6.997787618215972,6.8243340933313394,6.839748157066722,6.855159738328926,6.870568837126569,6.885975453463432,6.901379587323335,6.916744966521959,6.9321075353159625,6.947467293743165,6.962824241776568,6.978178379417752,6.961109032105695,6.944037234120537,6.926962985443899,6.909886286096361,6.8928071360719425,6.875826827529725,6.858845083706747,6.841861904563609,6.8248772901251105,6.8078912403664535,6.780858883567317,6.753826455591941,6.726793956452725,6.69976138617069,6.672728744724815,6.6458779659635985,6.619028850928483,6.592181399594667,6.565335611995571,6.538491488110175
245,48.20655380025418,46.641150630980306,45.07574154791006,43.51032655164752,41.94490564191296,40.09784917618568,38.2507838508634,36.40370966620692,34.55662662206092,32.70953471858929,31.37540930378501,30.04127477612859,28.707131135613253,27.37297838234584,26.03881651629254,24.915174681856037,23.791523708710972,22.667863596546173,21.544194345568048,20.420515955621408,19.361264377164012,18.30200450372973,17.242736335172324,16.18345987162879,15.124175113087134,14.448586799456683,13.772991856951938,13.09739028591307,12.4217820860315,11.74616725746841,11.234373440564232,10.722575033735312,10.210772037127834,9.698964450780865,9.187152274638885,8.821653321423288,8.456151800182182,8.090647710697128,7.725141053402272,7.359631828029816,7.418586438389591,7.477539127304755,7.536489894414519,7.595438740078494,7.654385664101018,7.743315489138884,7.832242857196518,7.921167768103944,8.01009022206266,8.099010219009244,8.1299662561557,8.160919509308956,8.19186997845694,8.222817663686618,8.253762564962082,8.302425213067925,8.351085397431518,8.39974311800408,8.448398374894024,8.497051168036336,8.519669165833678,8.542285715275241,8.564900816325894,8.587514469028337,8.61012667312542,8.62097302369205,8.631819297576131,8.642665495025453,8.653511616481573,8.664357661073662,8.668619220458263,8.672882440277844,8.677147321200074,8.681413862412395,8.685682064166597
246,34.257077450695604,33.150199657107414,32.043321863519225,30.936444069931028,29.82956627634284,28.983585216329743,28.137604156316648,27.291623096303553,26.445642036290458,25.59966097627736,25.18112000683219,24.76257903738701,24.344038067941845,23.925497098496674,23.5069561290515,22.996157296427437,22.485358463803383,21.97455963117932,21.46376079855526,20.952961965931202,20.459142689289457,19.965323412647702,19.471504136005958,18.977684859364206,18.483865582722462,18.06057580823157,17.63728603374068,17.213996259249782,16.790706484758893,16.367416710268,15.864073858864508,15.360731007461014,14.857388156057524,14.354045304654031,13.85070245325054,13.434581289632451,13.018460126014364,12.602338962396276,12.18621779877819,11.770096635160098,11.377974379835596,10.98585212451109,10.593729869186587,10.201607613862084,9.80948535853758,9.380556842045333,8.951628325553083,8.522699809060835,8.093771292568587,7.664842776076339,7.167381696385291,6.669920616694244,6.172459537003196,5.674998457312149,5.1775373776211,4.70682677480178,4.23611617198246,3.76540556916314,3.2946949663438194,2.8239843635245,2.2853457903539565,1.7467072171834115,1.2080686440128676,0.6694300708423229,0.1307914976717799,-0.2479166193019123,-0.626624736275604,-1.0053328532492964,-1.3840409702229874,-1.7627490871966802,-2.08863898922244,-2.4145288912482,-2.740418793273959,-3.0663086952997207,-3.3921985973254802
247,34.128497140753005,33.02809776089022,31.927698381027422,30.82729900116463,29.726899621301843,28.902821687215344,28.078743753128848,27.25466581904236,26.43058788495585,25.606509950869363,25.200873461173803,24.79523697147825,24.38960048178269,23.983963992087137,23.57832750239157,23.085950951858823,22.59357440132606,22.1011978507933,21.60882130026054,21.11644474972778,20.626022850535318,20.13560095134285,19.64517905215039,19.154757152957924,18.66433525376546,18.250765420942766,17.83719558812008,17.423625755297383,17.01005592247469,16.596486089652,16.152637547594708,15.708789005537415,15.264940463480125,14.82109192142283,14.37724337936554,14.020629018418653,13.664014657471764,13.307400296524877,12.950785935577988,12.5941715746311,12.252954033611594,11.911736492592093,11.57051895157259,11.229301410553084,10.888083869533581,10.479180163480132,10.070276457426685,9.661372751373236,9.252469045319787,8.843565339266341,8.355009223528292,7.866453107790245,7.377896992052196,6.889340876314149,6.400784760576101,5.976643019778981,5.55250127898186,5.12835953818474,4.70421779738762,4.2800760565905,4.12846321487648,3.9768503731624594,3.8252375314484395,3.67362468973442,3.5220118480204,3.483843717215992,3.445675586411584,3.4075074556071754,3.369339324802768,3.3311711939983604,3.362691975132584,3.394212756266808,3.4257335374010323,3.457254318535256,3.4887750996694797
248,39.79106889301259,37.64812458602877,35.50517518103376,33.362220678067146,31.219261077088106,30.30269459445045,29.3861206664892,28.46953929324012,27.55295047466007,26.636354210779796,25.7197060787139,24.803049286448086,23.88638383396009,22.96970972126356,22.05302694835222,21.42327769770057,20.793519624710658,20.163752729392318,19.533977011744316,18.90419247175928,18.274423818780452,17.64464671781651,17.01486116885505,16.385067171919456,15.75526472698273,15.490540980239482,15.225810798243396,14.961074180958692,14.696331128424745,14.431581640609556,14.166947525930487,13.90230892136694,13.637665826869494,13.373018242496189,13.108366168188981,12.954793001199372,12.801217184682004,12.647638718629496,12.494057603053008,12.340473837936361,12.186914842616552,12.033353487726846,11.879789773243674,11.726223699169589,11.57265526551444,11.52173354040621,11.470809176146062,11.419882172742616,11.368952530202009,11.3180202485181,11.267057454745752,11.216091761864023,11.165123169881536,11.114151678798288,11.063177288598279,10.927051784747102,10.790923796475068,10.654793323798172,10.518660366695396,10.38252492520016,10.246486078098744,10.11044574590861,9.97440392864953,9.838360626296717,9.70231583886758,9.52822960791009,9.35414328898276,9.180056882097992,9.005970387239605,8.831883804443555,8.657979498220385,8.484076843016696,8.310175838800307,8.136276485604638,7.96237878340867
249,51.09534930321711,50.03583318064155,48.976317058066,47.91680093549045,46.857284812914905,44.44481139603258,42.03233797915024,39.61986456226793,37.20739114538559,34.79491772850327,33.12604883755285,31.45717994660243,29.788311055652013,28.11944216470159,26.45057327375117,25.08260838341991,23.714643493088644,22.346678602757375,20.97871371242611,19.61074882209485,18.945118592624066,18.279488363153284,17.613858133682502,16.94822790421172,16.282597674740938,15.411976738896648,14.541355803052358,13.670734867208068,12.800113931363779,11.929492995519487,11.058872059675199,10.18825112383091,9.317630187986618,8.447009252142326,7.576388316298037,7.4193063931207375,7.262224469943437,7.105142546766135,6.948060623588835,6.790978700411534,6.633896777234235,6.476814854056934,6.319732930879631,6.1626510077023315,6.00556908452503,5.967528962528201,5.929488840531373,5.8914487185345426,5.853408596537713,5.815368474540884,5.777328352544057,5.739288230547227,5.701248108550398,5.6632079865535685,5.625167864556741,5.611315664900484,5.5974634652442266,5.583611265587969,5.569759065931712,5.555906866275456,5.542054666619199,5.528202466962941,5.514350267306684,5.500498067650428,5.486645867994171,5.3995070839131145,5.31236829983206,5.225229515751005,5.13809073166995,5.050951947588895,4.96381316350784,4.876674379426785,4.78953559534573,4.702396811264675,4.615258027183621
250,53.77669691068383,53.715777329408986,53.65482229602714,53.59383181075225,53.5328058731834,51.31853581170245,49.104209478716655,46.88982687416693,44.67538799813002,42.46089285052259,40.027797146530105,37.5946834304836,35.161551702305594,32.72840196206279,30.295234209743562,29.01849948959359,27.74174431358564,26.46496868166437,25.188172593921337,23.911356050307067,22.9395010500348,21.9676251929348,20.995728478984446,20.023810908227293,19.051872480669722,18.441988904801363,17.832091828210405,17.222181250879057,16.612257172893287,16.002319594156724,15.48022910083427,14.958130003866048,14.436022303198447,13.913905998884024,13.391781090881235,13.051556073712096,12.711326335329037,12.37109187576885,12.030852694977966,11.690608793017338,11.350475134134216,11.010337742382129,10.67019661784139,10.33005176042753,9.98990317022962,9.845084465444021,9.7002598299115,9.55542926360785,9.410592766491499,9.265750338643713,9.12076534869271,8.9757736954335,8.83077537879465,8.68577039888299,8.540758755591309,8.48800517705366,8.43524644328451,8.382482554288679,8.32971351003265,8.27693931057654,8.224487340397829,8.172032572942989,8.11957500811523,8.06711464598137,8.01465148646358,7.98828688621695,7.96192168040471,7.935555868984681,7.909189452061391,7.882822429533579,7.85674577756562,7.83067133366504,7.80459909781369,7.778529070106239,7.752461250445731
251,42.989952609026,41.98894387350988,40.98789536878238,39.98680709467963,38.9856790510962,38.10371827804282,37.221705806944364,36.339641637873264,35.45752577075896,34.57535820564077,33.761359676136365,32.94734421320697,32.13331181667466,31.31926248674211,30.505196223396492,29.524935687575876,28.54465442744302,27.564352442831378,26.584029733797543,25.603686300286885,24.67218545402339,23.740664027076047,22.80912201945529,21.87755943110833,20.9459762620436,19.77236373275019,18.59873781035035,17.425098494935877,16.251445786232583,15.077779684561088,13.904542258424403,12.73129622709589,11.55804159083333,10.384778349343517,9.211506502888161,8.499479424877444,7.787447626149303,7.075411106935566,6.363369866881007,5.651323906098799,4.939367867053781,4.227408095556341,3.515444592548141,2.803477357408693,2.091506390617615,1.906514966904941,1.72151759366962,1.536514271345866,1.3515049988892647,1.1664897769228846,0.9813917011838293,0.7962869588844083,0.6111755506702149,0.4260574761225925,0.24093273496165227,-0.2619713895283299,-0.7648807469401666,-1.2677953372998652,-1.7707151609740064,-2.2736402171945853,-2.776306433660104,-3.2789754647517624,-3.7816473108785384,-4.284321971286441,-4.78699944631226,-4.784610084510746,-4.78222131108363,-4.779833126949336,-4.777445531389023,-4.775058524769309,-4.772359105268795,-4.769657458678141,-4.766953586927789,-4.764247488466313,-4.761539164491499
252,47.33017065891564,46.92678604907778,46.52331031255714,46.11974344990182,45.71608546077786,44.59523100749452,43.474301800388204,42.35329783937475,41.23221912432615,40.111065655171366,38.71307662508988,37.31507117580159,35.91704930831472,34.51901102151877,33.12095631626706,31.804274178885148,30.48758224439233,29.170880512003084,27.85416898263981,26.537447655381534,25.51274050098699,24.4880250661226,23.463301350850962,22.438569355370458,21.41382907965093,20.767222641736172,20.12061126199623,19.47399494036803,18.82737367703005,18.180747471849603,17.703263244581443,17.22577407557691,16.7482799645386,16.27078091181593,15.79327691730868,15.44824798089616,15.10321620300717,14.75818158373853,14.41314412298762,14.068103820828869,13.734586900068932,13.401067137825839,13.067544534239099,12.734019089134991,12.40049080264953,12.09792767835361,11.795362480523139,11.492795208968792,11.190225863764999,10.887654444811991,10.58362519031046,10.279593862094627,9.97556046028686,9.671524984613308,9.36748743535637,9.26801227453936,9.168535211870688,9.06905624751223,8.96957538110616,8.87009261286893,8.77047794217907,8.67086136963052,8.571242895368279,8.471622519067871,8.37200024094249,8.303299567467539,8.23459770244624,8.16589464606243,8.09719039820926,8.02848495896348,7.958432478652079,7.888378806746689,7.818323943413828,7.74826788887668,7.678210642707439
253,41.0604178743227,40.058932344903454,39.05744131583384,38.05594478717282,37.054442758768204,36.82232851447686,36.590205625198564,36.35807409090564,36.12593391164437,35.89378508742027,35.76921698000693,35.64463976419204,35.52005343980612,35.39545800693468,35.27085346557821,34.326782689781076,33.38270276407813,32.43861368851907,31.49451546304594,30.550408087723792,29.359558445032953,28.168700507173597,26.97783427414532,25.786959745945207,24.596076922545432,23.839438078235577,23.082792689098152,22.32614075509792,21.56948227625252,20.812817252577222,20.05557547004123,19.29832914110085,18.541078265648242,17.78382284368595,17.026562875329407,16.20944494063177,15.39232439786785,14.575201247078969,13.75807548827942,12.9409471214252,12.123875777230731,11.306802471434539,10.489727204016381,9.67264997496079,8.85557078429944,7.943209822800898,7.03084640947953,6.11848054431965,5.206112227269808,4.293741458373969,3.38133422005749,2.4689242054864105,1.5565114146112788,0.6440958475130096,-0.2683224958238709,-0.8709350992708397,-1.4735501440852201,-2.0761676302289205,-2.6787875577196316,-3.2814099265778007,-3.88393529602115,-4.48646210389764,-5.088990350151759,-5.691520034852529,-6.294051157927471,-6.359698055560552,-6.425345025717011,-6.4909920683606295,-6.55663918349471,-6.62228637111865,-6.687752667460851,-6.753217310640829,-6.8186803006164896,-6.884141637390742,-6.94960132106331
254,50.22286027662248,50.24881882622324,50.27474192370631,50.30062956907702,50.32648176236887,47.70154515731748,45.07655304789069,42.45150543417073,39.82640231608196,37.20124369368325,35.80574122155222,34.41022027362018,33.01468084984418,31.61912295025874,30.223546574874668,29.30598791680782,28.388409468047097,27.47081122855697,26.55319319842396,25.635555377596226,24.82012025451994,24.00466393723596,23.189186425719008,22.373687720017656,21.55816782012588,20.92203963178526,20.28589735008131,19.64974097502604,19.013570506641063,18.37738594489438,17.798528753472333,17.21966297256141,16.64078860208823,16.061905642112723,15.483014092578596,15.071118777472517,14.659218702473135,14.24731386766921,13.835404272974984,13.423489918463817,13.011688296570656,12.59988293027211,12.18807381959889,11.77626096450609,11.364444365068021,11.12950629278042,10.8945622855175,10.65961234324265,10.4246564659019,10.189694653613712,9.95459067076471,9.719480024520701,9.484362714810251,9.24923874175259,9.01410810521571,8.919644528796459,8.825175798881709,8.73070191551348,8.63622287863345,8.54173868832654,8.44757655235783,8.353411619112988,8.259243888495229,8.16507336057137,8.07090003526358,8.04790512050695,8.02490960018471,8.00191347425468,7.978916742821389,7.955919405783581,7.9332124393056205,7.91050768089504,7.887805130533692,7.86510478831624,7.84240665414573
255,43.55262961573027,42.026917782881725,40.50112040115514,38.97523747058012,37.44926899115185,36.73759794417691,36.0258584250908,35.31405043389838,34.602173970587415,33.89022903517392,33.18145813194287,32.47265895044131,31.763831490676605,31.05497575265614,30.34609173637018,29.658381826492164,28.97066211918645,28.28293261445682,27.59519331228224,26.90744421267997,26.219809617225962,25.532166741447483,24.844515585342066,24.156856148924593,23.469188432180182,22.63060744990104,21.792021525813606,20.953430659910516,20.11483485217075,19.276234102635097,18.437628411255393,17.599017778055003,16.760402203058735,15.921781686218408,15.0831562275698,14.622362438983497,14.161565808949815,13.700766337466396,13.239964024535592,12.77915887014265,12.318350874307347,11.857540037029684,11.396726358305886,10.935909838118704,10.47509047649778,10.196924160281029,9.918755770391433,9.640585306815359,9.362412769554048,9.084238158629814,8.806061474020343,8.527882715728168,8.249701883750756,7.971518978115264,7.693333998789691,7.500028790909189,7.306721681180628,7.113412669582988,6.9201017561150255,6.726788940799005,6.533474223613904,6.3401576045795025,6.146839083676022,5.953518660903461,5.76019633628284,5.4930914626339495,5.225985397580602,4.958878141112753,4.691769693231645,4.424660053952215,4.157549223252145,3.8904372011375767,3.623323987618548,3.356209582685019,3.089093986329609
256,50.10912454557143,48.77464838277189,47.440172219972354,46.105696057172814,44.77121989437328,40.93470560175384,37.09819130913441,33.26167701651497,29.425162723895536,25.5886484312761,24.323479178557662,23.058309925839218,21.79314067312078,20.527971420402338,19.26280216768389,18.222948963073915,17.18309575846393,16.143242553853945,15.103389349243963,14.063536144633979,13.22907479377281,12.394613442911636,11.560152092050464,10.72569074118929,9.891229390328121,9.365549796673006,8.839870203017895,8.314190609362784,7.7885110157076705,7.26283142205256,6.824524758792281,6.3862180955320005,5.947911432271719,5.50960476901144,5.0712981057511595,4.85981176199084,4.648325418230519,4.4368390744702,4.22535273070988,4.01386638694956,4.0184527044161635,4.023039021882768,4.027625339349372,4.032211656815976,4.03679797428258,4.038107542000681,4.039417109718781,4.04072667743688,4.04203624515498,4.0433458128730795,4.034578327876484,4.0258108428798876,4.017043357883292,4.0082758728866965,3.9995083878901,3.98614549073022,3.972782593570341,3.95941969641046,3.946056799250581,3.9326939020907,3.9185404762868403,3.9043870504829807,3.8902336246791203,3.8760801988752602,3.8619267730714,3.847064890273312,3.832203007475224,3.8173411246771365,3.802479241879048,3.78761735908096,3.767647005301464,3.7476766515219677,3.727706297742472,3.707735943962976,3.68776559018348
257,43.6646562279006,42.500568137369456,41.336480046838304,40.17239195630715,39.008303865776,37.85204997057492,36.69579607537382,35.53954218017273,34.383288284971634,33.22703438977054,32.14789580309847,31.068757216426395,29.989618629754325,28.91048004308225,27.831341456410176,26.98788471195711,26.144427967504047,25.30097122305098,24.45751447859791,23.614057734144843,23.01166636092926,22.409274987713683,21.8068836144981,21.204492241282523,20.602100868066938,20.056767756628446,19.511434645189958,18.96610153375147,18.42076842231298,17.875435310874487,17.330102199436,16.784769087997507,16.239435976559015,15.694102865120529,15.148769753682037,14.732285229925536,14.315800706169037,13.899316182412536,13.482831658656034,13.066347134899534,12.649862611143032,12.233378087386532,11.81689356363003,11.400409039873532,10.983924516117034,10.646796973093503,10.309669430069972,9.972541887046441,9.635414344022916,9.298286800999383,8.961159257975856,8.624031714952327,8.286904171928798,7.949776628905269,7.612649085881739,7.355618954098582,7.098588822315426,6.841558690532269,6.5845285587491125,6.327498426965955,6.070468295182798,5.813438163399642,5.556408031616483,5.299377899833326,5.0423477680501705,4.888151358714415,4.73395494937866,4.579758540042905,4.425562130707149,4.271365721371396,4.11716931203564,3.962972902699883,3.8087764933641295,3.654580084028374,3.50038367469262
258,46.36767135852449,45.32451292729489,44.28127586941862,43.2379601844625,42.19456587297869,40.56056945155586,38.92650550238603,37.29237402556757,35.65817502094167,34.02390848858048,32.51073261898767,30.99754049856549,29.48433212723183,27.971107505058463,26.45786663200612,25.314382166885068,24.170887904356047,23.02738384440165,21.883869986994423,20.740346332130763,19.69791991721501,18.65548522200748,17.61304224644692,16.570590990547686,15.528131454360517,14.91233622074252,14.296536045373372,13.680730928136473,13.064920869061456,12.449105868225187,12.02939693138586,11.609683052783824,11.189964232327936,10.770240470032357,10.35051176596313,10.116991156550416,9.883467705686114,9.649941413374277,9.416412279617834,9.18288030442998,8.949345487766266,8.715807829657983,8.482267330104168,8.248723989129576,8.015177806684612,7.925266297665864,7.835352715000675,7.745437058597909,7.655519328528791,7.565599524829734,7.475677647423465,7.385753696355696,7.295827671561689,7.2058995731499005,7.115969401013705,7.05226126575313,6.988551228613736,6.924839289627232,6.861125448780796,6.797409706054713,6.733692061480749,6.669972515067876,6.60625106675196,6.54252771659522,6.478802464537201,6.3396724105550115,6.20054116511206,6.0614087283109095,5.922275100032791,5.78314028042006,5.64400426933039,5.50486706685951,5.365728673001979,5.22658908767664,5.08744831098793
259,55.21935599861811,54.69667284357131,54.17391845465663,53.65109283131421,53.1281959735764,51.66046241232806,50.192698746050894,48.72490497472433,47.25708109801301,45.78922711627754,44.31551856067042,42.84177163859524,41.367986350163484,39.89416269485293,38.42030067321519,37.22949539421575,36.03867070505704,34.847826606857446,33.656963098584875,32.466080181204184,31.26382964696854,30.06157083289965,28.85930373801261,27.65702836292821,26.454744707632866,25.334615881430384,24.21448092728682,23.094339844823246,21.974192634230985,20.854039295361506,19.768449357139147,18.68285566342604,17.59725821416629,16.51165700956859,15.426052049547739,14.767380848233842,14.108706554999829,13.450029170005172,12.7913486930529,12.132665124458999,11.474465167202592,10.816262618825341,10.158057479438751,9.499849749011123,8.841639427398773,8.268114002901132,7.694586363811882,7.1210565100790815,6.5475244417517615,5.973990158863991,5.400698860728041,4.82740562999827,4.2541104662903795,3.68081337005898,3.107514340950589,2.7185040134807,2.329491963310481,1.9404781904430584,1.55146269484069,1.162445476614051,0.7733168117326786,0.3841860659563499,-0.004946760967520646,-0.3940816688702601,-0.78321865772103,-0.7715180520065401,-0.7598186376846401,-0.7481204148000893,-0.7364233833651302,-0.7247275432720219,-0.7122650654127801,-0.6998037789441202,-0.6873436838875202,-0.6748847802457403,-0.6624270680105402
260,54.45093538082029,54.42035099121642,54.389726774819614,54.35906273218054,54.3283588629602,51.93432271963577,49.54022910022504,47.14607800461365,44.75186943270413,42.357603384417935,40.179115662527884,38.00059983011773,35.822055888198896,33.64348383568031,31.464883673383852,30.29414664890915,29.123399827321933,27.952643207838292,26.78187679138381,25.61110057703113,24.65184024926219,23.692571641024998,22.73329475237896,21.77400958352566,20.81471613443333,20.15082227827617,19.48692348029543,18.823019740426428,18.15911105884605,17.495197435424803,16.95428632151344,16.41337026586571,15.8724492681842,15.33152332881993,14.79059244766948,14.42549941712336,14.060403545102371,13.695304831701733,13.33020327681882,12.965098880528071,12.61150936848733,12.25791701496504,11.9043218200975,11.550723783714194,11.19712290594953,10.99514948509641,10.79317399070714,10.59119642259559,10.3892167808346,10.18723506532439,9.983783423569658,9.78032970810223,9.57687391904126,9.373416056114511,9.169956119605969,9.00333015251456,8.83670228357149,8.67007251294023,8.503440840261359,8.336807265749728,8.17002134048627,8.00323351336412,7.83644378452828,7.669652153651069,7.502858620952089,7.338494854181139,7.17412989586224,7.00976374617923,6.84539640503006,6.681027872485081,6.515369164666479,6.34970926525389,6.18404817441223,6.01838589236948,5.85272241869304
261,45.995840516828075,44.50646100864659,43.017008021088806,41.527481554135676,40.037881607648636,39.21852999600931,38.39917121866039,37.57980527555585,36.760432166860845,35.941051892408105,35.0419925443511,34.14292609181523,33.24385253453571,32.34477187296878,31.4456841067466,30.4556865327469,29.465684058834142,28.475676684998987,27.48566441140237,26.49564723772674,25.50826020203609,24.520868272202488,23.533471448186994,22.546069730122504,21.558663117871504,20.8002473438379,20.0418301758366,19.28341161387729,18.524991658142813,17.766570308677206,17.2216801996454,16.676788696881268,16.131895800250465,15.58700150976536,15.042105825262528,14.405542114836491,13.7689770127339,13.132410518802965,12.495842633485296,11.859273356363278,11.222702687601007,10.586130626972693,9.949557174893837,9.312982331469023,8.676406095894087,8.524462170958529,8.372517422976042,8.220571852160841,8.068625457724002,7.916678240363415,7.764730199814736,7.612781336395217,7.460831649675748,7.308881139770189,7.15692980677959,7.143838606168484,7.130746580171478,7.117653728937592,7.104560052306046,7.0914655502502,7.078370222622703,7.065274070074517,7.052177092209332,7.039079288994266,7.02598066047512,7.004874010038925,6.983766800288719,6.962659031197863,6.941550702825397,6.920441815095882,6.899332368056547,6.878222361687601,6.857111795988587,6.836000671002399,6.8148889862957445
262,54.17995985440594,54.23742790746006,54.2948182695213,54.35213094054762,54.40936592058844,52.09794685950984,49.786498652285495,47.47502129889204,45.163514799349244,42.851979153653325,40.543496925198504,38.23498649664392,35.92644786797842,33.61788103920454,31.309286010315958,30.147113876743997,28.984935236900423,27.82275009077784,26.660558438415823,25.49836027978218,24.33627239815802,23.1741780460615,22.01207722349014,20.8499699304378,19.68785616690684,18.81321413200768,17.93856934974306,17.06392182015617,16.18927154320384,15.31461851892185,14.44016501879536,13.56570883321065,12.691249962166419,11.81678840567259,10.942324163718,10.37236592260539,9.802406275173158,9.23244522141895,8.66248276133774,8.092518894938149,7.522553622227741,6.952586943177931,6.382618857829519,5.812649366159129,5.2426784681531196,4.6674316374217995,4.0921833572012805,3.51693362752498,2.94168244835334,2.3664298197173,1.7911757415920597,1.2159202139838792,0.6406632369075197,0.06540481033458063,-0.5098550656941396,-1.0020944287891393,-1.49433447074516,-1.9865751915598417,-2.4788165912317606,-2.971058669764699,-3.463301427143901,-3.955544863376741,-4.44778897847922,-4.940033772435341,-5.432279245252481,-5.550850162746331,-5.669421036361179,-5.787991866100811,-5.906562651925659,-6.02513339387529,-6.143704091938541,-6.262274746119189,-6.380845356399819,-6.49941592279785,-6.6179864453095
263,50.10912454557143,48.77464838277189,47.440172219972354,46.105696057172814,44.77121989437328,41.129697758262644,37.488175622152,33.84665348604135,30.205131349930706,26.563609213820058,25.39167548955588,24.219741765291683,23.047808041027498,21.875874316763312,20.70394059249912,19.780428320056945,18.856916047614767,17.933403775172593,17.00989150273042,16.08637923028824,15.263642479062622,14.440905727837,13.61816897661138,12.795432225385762,11.97269547416014,11.330158645749757,10.687621817339371,10.045084988928988,9.402548160518604,8.76001133210822,8.230512137527288,7.701012942946356,7.171513748365425,6.642014553784492,6.11251535920356,5.76158059804648,5.4106458368894,5.05971107573232,4.70877631457524,4.357841553418161,3.884120335447004,3.410399117475848,2.936677899504692,2.462956681533536,1.98923546356238,1.4442865277232042,0.8993375918840271,0.35438865604485187,-0.1905602797943243,-0.7355092156335006,-1.111163036629213,-1.4868168576249243,-1.8624706786206364,-2.2381244996163496,-2.6137783206120604,-2.908772462580921,-3.20376660454978,-3.49876074651864,-3.7937548884875,-4.08874903045636,-4.422405693341592,-4.756062356226825,-5.0897190191120565,-5.423375681997289,-5.757032344882521,-6.056338711854925,-6.355645078827328,-6.654951445799731,-6.954257812772135,-7.253564179744541,-7.602123420367609,-7.950682660990676,-8.299241901613744,-8.647801142236814,-8.99636038285988
264,44.97667623690898,43.4684745787906,41.96022347784966,40.45192293407989,38.943572947467786,37.85969712711798,36.7758137169357,35.691922716922214,34.60802412708363,33.52411794742861,32.44025610926433,31.35638723988633,30.27251133929462,29.188628407489187,28.10473844447004,27.21827381906905,26.331803586442014,25.44532774658531,24.55884629948531,23.672359245151867,22.786171897904303,21.899980057578542,21.01378372415734,20.12758289767033,19.241377578087896,18.397915426939154,17.55445039260361,16.710982475096024,15.86751167438062,15.024037990505576,14.180617481629652,13.33719410671303,12.493767865787886,11.65033875880604,10.806906785803278,10.467302324453438,10.127696171939917,9.788088328252975,9.448478793387594,9.108867567351151,8.769254650148675,8.429640041780152,8.090023742241812,7.750405751523791,7.410786069640971,7.1542174696249266,6.897647758184725,6.641076935306722,6.384505000999537,6.127931955270734,5.871357798105373,5.614782529498608,5.358206149470045,5.101628658017323,4.845050055130581,4.725941609870193,4.606832142133026,4.487721651905439,4.368610139164052,4.249497603953264,4.130384046244679,4.011269466043311,3.892153863351523,3.773037238161937,3.653919590495569,3.5047104853345656,3.355500845537439,3.206290671079394,3.0570799619690487,2.907868718206584,2.7586569397991996,2.609444626723514,2.460231779011711,2.3110183966389846,2.16180447960534
265,42.119641988721426,40.88472028557499,39.6497806226225,38.41482299984134,37.179847417272164,35.97280413836212,34.765753541864406,33.55869562762315,32.35163039587459,31.14455784649661,30.282189566414587,29.41981452277673,28.55743271552402,27.695044144853863,26.83264881045745,26.212459019867,25.59226382970301,24.972063240086868,24.351857250824043,23.73164586221848,23.05628223297132,22.3809142538713,21.705541924687783,21.030165245320006,20.354784216076002,19.784288339159623,19.21378967172721,18.643288213717508,18.072783965131332,17.50227692599892,17.01948649145253,16.536693307256296,16.053897373280464,15.571098689838873,15.088297256595995,14.751801344323884,14.415303811540884,14.0788046581957,13.742303884267939,13.405801489795596,13.069297474675773,12.732791839093052,12.39628458289897,12.059775706126887,11.723265208723976,11.481877141491172,11.240487986091741,10.999097742700558,10.757706411339244,10.516313992160564,10.27492048472612,10.033525889559987,9.792130206539468,9.550733435023812,9.30933557590661,9.075506854195575,8.841677154782918,8.607846478026044,8.374014823518817,8.140182191522742,7.906348582170606,7.672513995127449,7.438678430721894,7.204841888565389,6.971004369090773,6.659913163035808,6.348821451722365,6.037729234874681,5.726636513198256,5.415543286272553,5.104449554189627,4.7933553168959255,4.482260574332582,4.171165326407776,3.8600695734335617
266,31.84725417385545,30.630274016002698,29.413293858149945,28.19631370029719,26.97933354244444,26.120293145517373,25.261252748590305,24.402212351663234,23.543171954736167,22.684131557809103,22.20820162809869,21.73227169838829,21.25634176867788,20.78041183896747,20.30448190925706,19.6813536905365,19.058225471815938,18.435097253095382,17.811969034374822,17.18884081565426,16.595310570579713,16.001780325505162,15.408250080430616,14.814719835356069,14.221189590281519,13.68817876461198,13.15516793894244,12.6221571132729,12.08914628760336,11.55613546193382,11.060254763992196,10.564374066050572,10.068493368108948,9.572612670167324,9.0767319722257,8.648049692802028,8.219367413378357,7.790685133954684,7.362002854531012,6.93332057510734,6.511852065587588,6.090383556067835,5.668915046548085,5.247446537028332,4.82597802750858,4.336995663477679,3.8480132994467797,3.35903093541588,2.8700485713849804,2.38106620735408,1.905166915873764,1.4292676243934477,0.953368332913132,0.47746904143281527,0.0015697499524993574,-0.299349685269344,-0.6002691204911873,-0.9011885557130325,-1.2021079909348755,-1.5030274261567205,-1.8942343149139,-2.2854412036710805,-2.6766480924282603,-3.06785498118544,-3.4590618699426186,-3.728075028293723,-3.9970881866448273,-4.266101344995931,-4.5351145033470335,-4.804127661698138,-5.113637370105049,-5.423147078511956,-5.732656786918864,-6.042166495325772,-6.351676203732681
Median,49.54724148378522,48.69633158933882,47.440172219972354,46.105696057172814,44.77121989437328,43.26701393301579,40.5821548996449,38.37614454061187,37.01580712306784,35.752709850509454,34.6965498794758,33.49715773074018,32.37536138032418,31.219761938201934,29.707842289883764,28.291448260033324,27.37392650335784,26.29293311138427,25.05265241897213,23.839024943138266,22.985565655921267,22.333520357128865,21.41684404978424,20.61721195277489,19.71560009801003,18.99738451979766,18.230267393703123,17.425098494935877,16.83875752539084,16.367416710268,15.48022910083427,14.958130003866048,14.342622787883188,13.70729651107571,13.015762140843432,12.673198332732573,12.254216837761472,11.825657665312349,11.509110194532271,11.008641938915853,10.541331553822877,10.070394638459662,9.55931771171482,9.078646047019575,8.676406095894087,8.268114002901132,8.019286440620878,7.9000112868605505,7.84977336485008,7.72491001626415,7.63655701147288,7.52830332414268,7.345240581758364,7.20654524321962,7.039589940568443,7.017177968081996,6.9884900216561565,6.91850461828846,6.84415184669214,6.726788940799005,6.592047935905099,6.523909334161479,6.45840353279621,6.3557047118865,6.268277578711397,6.09052399677276,5.928042812912449,5.765560437693231,5.575161257247968,5.41046423796916,5.255765290333019,5.101065151269589,4.923619246867729,4.732878253485675,4.615258027183621
p25,44.66846054839819,43.3485726890387,42.07605201833988,40.47329044240076,39.31159132151393,38.30747174324547,36.99233729742287,35.211744980044706,32.72791000976248,30.614310866608193,29.534365091768116,28.477627596993816,27.43273888535058,26.203020970578187,24.669557906316463,23.95394819221619,23.146443275571848,22.285308414766355,21.391244422533777,20.29767625213016,19.285584309268607,18.65839956018403,17.85719769941869,16.932994037375114,16.027901709549184,15.387023542234349,14.81553490243045,14.1724601803781,13.51706526800188,13.060914260326882,12.623048447712883,12.157843885064615,11.557531836393059,11.018871536159882,10.396421124548592,10.065914226577258,9.664633688453087,9.364394317058306,9.041025979802864,8.709300181618666,8.399920652989017,8.089765804701033,7.840375439179592,7.561150034586238,7.1681464028506685,7.058275958555584,6.8968827530522105,6.526496552753816,6.052988009070693,5.500256739928164,4.819741811510046,4.33134664725316,4.015724161103853,3.792471084080181,3.12290434012784,2.7561794825813126,2.464016997652955,2.150216132024153,1.7123313570055279,1.5248255865271203,1.133396533083052,0.7729744141769743,0.3197704264372686,-0.17357295905777897,-0.6198524477942936,-0.7764671153003,-0.7641438770091898,-0.9004358917700253,-1.0756894548954956,-1.1372091638034554,-1.3627798648879448,-1.5537753256815754,-1.7150218495337022,-2.000057927841524,-2.2852974318635932
p75,53.361641542552206,52.82173424145827,52.774152442384135,51.97932387983436,51.13327762532261,48.57765310157691,46.53062680714244,44.6655519385435,42.58262894720488,40.59420221877811,38.74387230153982,37.31507117580159,35.91704930831472,34.663462138896506,33.13813574436632,31.94161679110507,30.78716365763605,29.70940028763196,28.66172990655442,27.60531318743594,26.62028480455859,25.6278318400783,24.65021282850354,23.743037601806968,22.863555062815674,22.07780286765545,21.2074186713934,20.40978704127048,19.57096366847841,18.716621131517044,18.042586952442242,17.367227759156727,16.7482799645386,16.04586831269669,15.337169081165028,14.873013254178185,14.357121594040882,13.881705549289336,13.35988495480864,12.90454333307642,12.41147592988293,11.937267155256535,11.541397504984038,11.240687735129574,10.983924516117034,10.606948675823402,10.251248755982557,9.92488962878085,9.60477465300936,9.265750338643713,9.025226854800255,8.77214883004678,8.596469286041689,8.527556658534872,8.34871063158114,8.302425213067925,8.256489157823427,8.250138489438957,8.182167105355342,8.114660973381113,8.04304455122,8.003725916359425,8.022279923358296,7.968520023641547,7.783808505197944,7.702049117068741,7.628638341802659,7.567280530098852,7.5049465142851925,7.371144603155731,7.3659033754995145,7.360663778534649,7.355425811674193,7.24574000539624,7.08382694014573
