Entity,Code,Year,GDP
Afghanistan,AFG,2000,32567375969
Afghanistan,AFG,2001,29495629513
Afghanistan,AFG,2002,37931379899
Afghanistan,AFG,2003,41281584746
Afghanistan,AFG,2004,41865355064
Afghanistan,AFG,2005,46566715049
Afghanistan,AFG,2006,49061481753
Afghanistan,AFG,2007,55844878995
Afghanistan,AFG,2008,58036781460
Afghanistan,AFG,2009,70451155676
Afghanistan,AFG,2010,80569661676
Afghanistan,AFG,2011,80913174277
Afghanistan,AFG,2012,91231454557
Afghanistan,AFG,2013,96341095375
Afghanistan,AFG,2014,98965950294
Afghanistan,AFG,2015,100402257640
Afghanistan,AFG,2016,102671664129
Afghanistan,AFG,2017,105389386367
Afghanistan,AFG,2018,106642706595
Afghanistan,AFG,2019,110814146350
Afghanistan,AFG,2020,108208794210
Afghanistan,AFG,2021,85767546197
Afghanistan,AFG,2022,80415503801
Afghanistan,AFG,2023,82238478027
Afghanistan,AFG,2024,83778963277
Albania,ALB,1990,18275914282
Albania,ALB,1991,13158266876
Albania,ALB,1992,12212567642
Albania,ALB,1993,13380017258
Albania,ALB,1994,14490942242
Albania,ALB,1995,16421473870
Albania,ALB,1996,17626207211
Albania,ALB,1997,15561901036
Albania,ALB,1998,16855098935
Albania,ALB,1999,18919971293
Albania,ALB,2000,20331942020
Albania,ALB,2001,22134110598
Albania,ALB,2002,23158564860
Albania,ALB,2003,24393672323
Albania,ALB,2004,25678306955
Albania,ALB,2005,26995815160
Albania,ALB,2006,28620688210
Albania,ALB,2007,30481059450
Albania,ALB,2008,32586405218
Albania,ALB,2009,33463224413
Albania,ALB,2010,34458137751
Albania,ALB,2011,35307019777
Albania,ALB,2012,35654486708
Albania,ALB,2013,36263190202
Albania,ALB,2014,37075567963
Albania,ALB,2015,37901501901
Albania,ALB,2016,39383047169
Albania,ALB,2017,40676061896
Albania,ALB,2018,42169450675
Albania,ALB,2019,43039228446
Albania,ALB,2020,41613013272
Albania,ALB,2021,45345524203
Albania,ALB,2022,47534262248
Albania,ALB,2023,49442961175
Albania,ALB,2024,51443388009
Albania,ALB,2025,53392546272
Algeria,DZA,1990,297621347987
Algeria,DZA,1991,294049890066
Algeria,DZA,1992,299342794857
Algeria,DZA,1993,293056593899
Algeria,DZA,1994,290419094656
Algeria,DZA,1995,301455005124
Algeria,DZA,1996,313814655727
Algeria,DZA,1997,317266616742
Algeria,DZA,1998,333447225652
Algeria,DZA,1999,344117542052
Algeria,DZA,2000,357194008656
Algeria,DZA,2001,367909828911
Algeria,DZA,2002,387776959672
Algeria,DZA,2003,412982462053
Algeria,DZA,2004,431566672844
Algeria,DZA,2005,454871273177
Algeria,DZA,2006,468062540094
Algeria,DZA,2007,482572478843
Algeria,DZA,2008,494636790811
Algeria,DZA,2009,500572432299
Algeria,DZA,2010,524599909054
Algeria,DZA,2011,540337906323
Algeria,DZA,2012,553306016077
Algeria,DZA,2013,567691972498
Algeria,DZA,2014,590967343363
Algeria,DZA,2015,609878298356
Algeria,DZA,2016,633663551993
Algeria,DZA,2017,643168505266
Algeria,DZA,2018,652172864345
Algeria,DZA,2019,658042420119
Algeria,DZA,2020,625140299119
Algeria,DZA,2021,648895630480
Algeria,DZA,2022,672255873183
Algeria,DZA,2023,699818363984
Algeria,DZA,2024,725711643445
Algeria,DZA,2025,753401488476
Andorra,AND,1990,2631759311
Andorra,AND,1991,2698763996
Andorra,AND,1992,2723841290
Andorra,AND,1993,2695745293
Andorra,AND,1994,2759989816
Andorra,AND,1995,2836096580
Andorra,AND,1996,2967967659
Andorra,AND,1997,3237093233
Andorra,AND,1998,3340511674
Andorra,AND,1999,3477441884
Andorra,AND,2000,3600138634
Andorra,AND,2001,3892446768
Andorra,AND,2002,4069411497
Andorra,AND,2003,4423214423
Andorra,AND,2004,4783072832
Andorra,AND,2005,5041253346
Andorra,AND,2006,5283671526
Andorra,AND,2007,5365736885
Andorra,AND,2008,5067445572
Andorra,AND,2009,4798726709
Andorra,AND,2010,4703953872
Andorra,AND,2011,4703574275
Andorra,AND,2012,4469597620
Andorra,AND,2013,4311034330
Andorra,AND,2014,4419002699
Andorra,AND,2015,4482377402
Andorra,AND,2016,4648659173
Andorra,AND,2017,4664746876
Andorra,AND,2018,4738858764
Andorra,AND,2019,4834372720
Andorra,AND,2020,4293699379
Andorra,AND,2021,4649508748
Andorra,AND,2022,5094216232
Andorra,AND,2023,5225828100
Andorra,AND,2024,5426978612
Andorra,AND,2025,5636896017
Angola,AGO,1990,97270926147
Angola,AGO,1991,98235230521
Angola,AGO,1992,92499981986
Angola,AGO,1993,70315325171
Angola,AGO,1994,71257102927
Angola,AGO,1995,81945668386
Angola,AGO,1996,93044692712
Angola,AGO,1997,99813021723
Angola,AGO,1998,104495396750
Angola,AGO,1999,106774953085
Angola,AGO,2000,110036526679
Angola,AGO,2001,114664661403
Angola,AGO,2002,130334377149
Angola,AGO,2003,134879544046
Angola,AGO,2004,150282603718
Angola,AGO,2005,171554771947
Angola,AGO,2006,191869975599
Angola,AGO,2007,216818231706
Angola,AGO,2008,240205625250
Angola,AGO,2009,244999142520
Angola,AGO,2010,257968578162
Angola,AGO,2011,267239632476
Angola,AGO,2012,289963346699
Angola,AGO,2013,304122434657
Angola,AGO,2014,318281534508
Angola,AGO,2015,320710588237
Angola,AGO,2016,319963085764
Angola,AGO,2017,319436142856
Angola,AGO,2018,317817567766
Angola,AGO,2019,314463848273
Angola,AGO,2020,297880624646
Angola,AGO,2021,301129262182
Angola,AGO,2022,311841911795
Angola,AGO,2023,315958742285
Angola,AGO,2024,331607163313
Angola,AGO,2025,341998191245
Antigua and Barbuda,ATG,1990,1329089237
Antigua and Barbuda,ATG,1991,1358021545
Antigua and Barbuda,ATG,1992,1373754914
Antigua and Barbuda,ATG,1993,1446287619
Antigua and Barbuda,ATG,1994,1542847660
Antigua and Barbuda,ATG,1995,1475582825
Antigua and Barbuda,ATG,1996,1573044257
Antigua and Barbuda,ATG,1997,1659109532
Antigua and Barbuda,ATG,1998,1737606636
Antigua and Barbuda,ATG,1999,1802032675
Antigua and Barbuda,ATG,2000,1913822712
Antigua and Barbuda,ATG,2001,1826779954
Antigua and Barbuda,ATG,2002,1845545274
Antigua and Barbuda,ATG,2003,1957692355
Antigua and Barbuda,ATG,2004,2070594497
Antigua and Barbuda,ATG,2005,2204638354
Antigua and Barbuda,ATG,2006,2484807048
Antigua and Barbuda,ATG,2007,2716271365
Antigua and Barbuda,ATG,2008,2715890908
Antigua and Barbuda,ATG,2009,2390992152
Antigua and Barbuda,ATG,2010,2203526249
Antigua and Barbuda,ATG,2011,2160364841
Antigua and Barbuda,ATG,2012,2233237030
Antigua and Barbuda,ATG,2013,2219815671
Antigua and Barbuda,ATG,2014,2268613698
Antigua and Barbuda,ATG,2015,2300864764
Antigua and Barbuda,ATG,2016,2395668849
Antigua and Barbuda,ATG,2017,2460656794
Antigua and Barbuda,ATG,2018,2625816198
Antigua and Barbuda,ATG,2019,2709112916
Antigua and Barbuda,ATG,2020,2197936454
Antigua and Barbuda,ATG,2021,2377570792
Antigua and Barbuda,ATG,2022,2579611133
Antigua and Barbuda,ATG,2023,2679326043
Antigua and Barbuda,ATG,2024,2747392765
Antigua and Barbuda,ATG,2025,2884708554
Argentina,ARG,1990,557088925124
Argentina,ARG,1991,607968472614
Argentina,ARG,1992,656224702857
Argentina,ARG,1993,710080926887
Argentina,ARG,1994,751522674939
Argentina,ARG,1995,730140279566
Argentina,ARG,1996,770492868120
Argentina,ARG,1997,832987905019
Argentina,ARG,1998,865059429174
Argentina,ARG,1999,835773213823
Argentina,ARG,2000,829178972033
Argentina,ARG,2001,792621800475
Argentina,ARG,2002,706269738674
Argentina,ARG,2003,768683083609
Argentina,ARG,2004,838091886093
Argentina,ARG,2005,912276929668
Argentina,ARG,2006,985689236302
Argentina,ARG,2007,1074476681421
Argentina,ARG,2008,1118070705029
Argentina,ARG,2009,1051897409980
Argentina,ARG,2010,1158406210935
Argentina,ARG,2011,1227956360246
Argentina,ARG,2012,1215352364993
Argentina,ARG,2013,1244585524448
Argentina,ARG,2014,1213313877880
Argentina,ARG,2015,1246451419104
Argentina,ARG,2016,1220521143173
Argentina,ARG,2017,1254921567938
Argentina,ARG,2018,1222075295207
Argentina,ARG,2019,1197623267200
Argentina,ARG,2020,1079052757506
Argentina,ARG,2021,1191725417699
Argentina,ARG,2022,1263476170672
Argentina,ARG,2023,1240028731129
Argentina,ARG,2024,1223376004342
Argentina,ARG,2025,1276804911991
Armenia,ARM,1990,21801542439
Armenia,ARM,1991,19250762304
Armenia,ARM,1992,11203943132
Armenia,ARM,1993,10217996272
Armenia,ARM,1994,10769768354
Armenia,ARM,1995,11512882201
Armenia,ARM,1996,12188158880
Armenia,ARM,1997,12592937350
Armenia,ARM,1998,13512221775
Armenia,ARM,1999,13958125094
Armenia,ARM,2000,14781654475
Armenia,ARM,2001,16200693304
Armenia,ARM,2002,18339184820
Armenia,ARM,2003,20906670695
Armenia,ARM,2004,23101871118
Armenia,ARM,2005,26313031204
Armenia,ARM,2006,29786351322
Armenia,ARM,2007,33867081454
Armenia,ARM,2008,36203910075
Armenia,ARM,2009,31099158754
Armenia,ARM,2010,31783340246
Armenia,ARM,2011,33277157238
Armenia,ARM,2012,35673112559
Armenia,ARM,2013,36850325274
Armenia,ARM,2014,38176936984
Armenia,ARM,2015,39398598967
Armenia,ARM,2016,39477396165
Armenia,ARM,2017,42438200878
Armenia,ARM,2018,44644987323
Armenia,ARM,2019,48038006359
Armenia,ARM,2020,44579269902
Armenia,ARM,2021,47164867556
Armenia,ARM,2022,53107640868
Armenia,ARM,2023,57515575060
Armenia,ARM,2024,60908993989
Armenia,ARM,2025,65294441556
Aruba,ABW,1990,2080053016
Aruba,ABW,1991,2245684970
Aruba,ABW,1992,2377784109
Aruba,ABW,1993,2551545277
Aruba,ABW,1994,2760871534
Aruba,ABW,1995,2831194899
Aruba,ABW,1996,2864766882
Aruba,ABW,1997,3066643423
Aruba,ABW,1998,3127730484
Aruba,ABW,1999,3166453096
Aruba,ABW,2000,3407829303
Aruba,ABW,2001,3550344780
Aruba,ABW,2002,3516795673
Aruba,ABW,2003,3555849851
Aruba,ABW,2004,3815203869
Aruba,ABW,2005,3800586386
Aruba,ABW,2006,3843434633
Aruba,ABW,2007,3962179252
Aruba,ABW,2008,4034915162
Aruba,ABW,2009,3563728205
Aruba,ABW,2010,3466315234
Aruba,ABW,2011,3583103616
Aruba,ABW,2012,3545810678
Aruba,ABW,2013,3773858102
Aruba,ABW,2014,3827677074
Aruba,ABW,2015,3965912830
Aruba,ABW,2016,4014865495
Aruba,ABW,2017,4155122005
Aruba,ABW,2018,4288604099
Aruba,ABW,2019,4341317223
Aruba,ABW,2020,3302003307
Aruba,ABW,2021,3791812306
Aruba,ABW,2022,4194046268
Aruba,ABW,2023,4593166819
Aruba,ABW,2024,4905997154
Australia,AUS,1990,618913643446
Australia,AUS,1991,616533107500
Australia,AUS,1992,619203101930
Australia,AUS,1993,644255029953
Australia,AUS,1994,669888934759
Australia,AUS,1995,695948765791
Australia,AUS,1996,722851881792
Australia,AUS,1997,751172915991
Australia,AUS,1998,786303874098
Australia,AUS,1999,825840965575
Australia,AUS,2000,858181372548
Australia,AUS,2001,875614973582
Australia,AUS,2002,910200060722
Australia,AUS,2003,938336894067
Australia,AUS,2004,977924778471
Australia,AUS,2005,1008783011135
Australia,AUS,2006,1036735643627
Australia,AUS,2007,1076022442250
Australia,AUS,2008,1115017334537
Australia,AUS,2009,1136814231533
Australia,AUS,2010,1161938371187
Australia,AUS,2011,1189763715381
Australia,AUS,2012,1236788785736
Australia,AUS,2013,1269618763083
Australia,AUS,2014,1302643956617
Australia,AUS,2015,1330837702518
Australia,AUS,2016,1367510807305
Australia,AUS,2017,1398872073529
Australia,AUS,2018,1439078040530
Australia,AUS,2019,1470651657904
Australia,AUS,2020,1468687868740
Australia,AUS,2021,1498163677059
Australia,AUS,2022,1561881261293
Australia,AUS,2023,1617856290055
Australia,AUS,2024,1640076053462
Australia,AUS,2025,1662223605239
Austria,AUT,1990,332129313719
Austria,AUT,1991,343559967476
Austria,AUT,1992,350752479314
Austria,AUT,1993,352600277642
Austria,AUT,1994,361070153904
Austria,AUT,1995,370703447438
Austria,AUT,1996,378917372579
Austria,AUT,1997,387048314391
Austria,AUT,1998,400567447669
Austria,AUT,1999,415636492029
Austria,AUT,2000,428893313247
Austria,AUT,2001,434541784552
Austria,AUT,2002,440991987121
Austria,AUT,2003,446026197499
Austria,AUT,2004,457467908351
Austria,AUT,2005,468082834236
Austria,AUT,2006,483386034916
Austria,AUT,2007,501634943841
Austria,AUT,2008,508925232679
Austria,AUT,2009,490673826580
Austria,AUT,2010,499550029893
Austria,AUT,2011,514174197171
Austria,AUT,2012,517404477229
Austria,AUT,2013,516107207489
Austria,AUT,2014,520007939830
Austria,AUT,2015,526786364582
Austria,AUT,2016,537939588980
Austria,AUT,2017,550162920863
Austria,AUT,2018,563830184451
Austria,AUT,2019,573725269977
Austria,AUT,2020,537475843892
Austria,AUT,2021,563936272645
Austria,AUT,2022,593999511161
Austria,AUT,2023,589329223930
Austria,AUT,2024,585445016463
Austria,AUT,2025,589049878234
Azerbaijan,AZE,1990,77320440974
Azerbaijan,AZE,1991,76779197751
Azerbaijan,AZE,1992,59427098808
Azerbaijan,AZE,1993,45699439745
Azerbaijan,AZE,1994,36696649548
Azerbaijan,AZE,1995,32366445229
Azerbaijan,AZE,1996,32787208824
Azerbaijan,AZE,1997,34688866985
Azerbaijan,AZE,1998,38157753549
Azerbaijan,AZE,1999,40981427807
Azerbaijan,AZE,2000,45530365943
Azerbaijan,AZE,2001,50037872110
Azerbaijan,AZE,2002,54760904961
Azerbaijan,AZE,2003,60351062094
Azerbaijan,AZE,2004,65935829763
Azerbaijan,AZE,2005,84372501929
Azerbaijan,AZE,2006,113452505308
Azerbaijan,AZE,2007,142341161487
Azerbaijan,AZE,2008,157417136589
Azerbaijan,AZE,2009,172166339299
Azerbaijan,AZE,2010,180411096889
Azerbaijan,AZE,2011,177573235113
Azerbaijan,AZE,2012,181485065016
Azerbaijan,AZE,2013,192089992170
Azerbaijan,AZE,2014,197463873390
Azerbaijan,AZE,2015,199536348388
Azerbaijan,AZE,2016,193423355966
Azerbaijan,AZE,2017,193720482600
Azerbaijan,AZE,2018,196627067960
Azerbaijan,AZE,2019,201503043278
Azerbaijan,AZE,2020,193042009776
Azerbaijan,AZE,2021,203884098954
Azerbaijan,AZE,2022,213496582468
Azerbaijan,AZE,2023,216388345622
Azerbaijan,AZE,2024,225385920186
Azerbaijan,AZE,2025,228653691273
Bahamas,BHS,1990,9126097084
Bahamas,BHS,1991,8744463323
Bahamas,BHS,1992,8409936682
Bahamas,BHS,1993,8435823022
Bahamas,BHS,1994,8701460000
Bahamas,BHS,1995,9082475357
Bahamas,BHS,1996,9466076461
Bahamas,BHS,1997,9587976164
Bahamas,BHS,1998,10040221686
Bahamas,BHS,1999,10757505555
Bahamas,BHS,2000,11203771993
Bahamas,BHS,2001,11497984146
Bahamas,BHS,2002,11808999587
Bahamas,BHS,2003,11659625582
Bahamas,BHS,2004,11762507057
Bahamas,BHS,2005,12161971701
Bahamas,BHS,2006,12468038934
Bahamas,BHS,2007,12648339234
Bahamas,BHS,2008,12354436344
Bahamas,BHS,2009,11838585742
Bahamas,BHS,2010,12020741620
Bahamas,BHS,2011,12094449290
Bahamas,BHS,2012,12641123099
Bahamas,BHS,2013,12279182359
Bahamas,BHS,2014,12505975190
Bahamas,BHS,2015,12630711246
Bahamas,BHS,2016,12484636046
Bahamas,BHS,2017,12905542921
Bahamas,BHS,2018,13215012047
Bahamas,BHS,2019,13104192823
Bahamas,BHS,2020,10471643502
Bahamas,BHS,2021,12313201284
Bahamas,BHS,2022,13652619122
Bahamas,BHS,2023,14068783966
Bahamas,BHS,2024,14544121121
Bahrain,BHR,1990,21547623542
Bahrain,BHR,1991,23967421295
Bahrain,BHR,1992,25570841331
Bahrain,BHR,1993,28861810335
Bahrain,BHR,1994,28789655410
Bahrain,BHR,1995,29921086678
Bahrain,BHR,1996,31150845231
Bahrain,BHR,1997,32114340635
Bahrain,BHR,1998,33652618705
Bahrain,BHR,1999,35099680719
Bahrain,BHR,2000,36959988157
Bahrain,BHR,2001,37880642522
Bahrain,BHR,2002,39149095031
Bahrain,BHR,2003,41614094816
Bahrain,BHR,2004,44519158861
Bahrain,BHR,2005,47532659557
Bahrain,BHR,2006,50606596422
Bahrain,BHR,2007,54803887940
Bahrain,BHR,2008,58226396743
Bahrain,BHR,2009,59705280668
Bahrain,BHR,2010,62293086037
Bahrain,BHR,2011,63494195104
Bahrain,BHR,2012,65908897751
Bahrain,BHR,2013,69397206737
Bahrain,BHR,2014,72387433086
Bahrain,BHR,2015,74202817290
Bahrain,BHR,2016,77033649779
Bahrain,BHR,2017,80849769947
Bahrain,BHR,2018,82509283148
Bahrain,BHR,2019,84203097859
Bahrain,BHR,2020,79225547127
Bahrain,BHR,2021,82671890844
Bahrain,BHR,2022,87781147010
Bahrain,BHR,2023,91185401848
Bahrain,BHR,2024,93827139077
Bahrain,BHR,2025,97093614332
Bangladesh,BGD,1990,231057491642
Bangladesh,BGD,1991,239110371611
Bangladesh,BGD,1992,252124397255
Bangladesh,BGD,1993,264003393854
Bangladesh,BGD,1994,274273459684
Bangladesh,BGD,1995,288319765753
Bangladesh,BGD,1996,301360235844
Bangladesh,BGD,1997,314890998518
Bangladesh,BGD,1998,331192990133
Bangladesh,BGD,1999,346660220655
Bangladesh,BGD,2000,365009967807
Bangladesh,BGD,2001,383542574281
Bangladesh,BGD,2002,398244236516
Bangladesh,BGD,2003,417119290521
Bangladesh,BGD,2004,438974393023
Bangladesh,BGD,2005,467665517646
Bangladesh,BGD,2006,498867716635
Bangladesh,BGD,2007,534080790061
Bangladesh,BGD,2008,566199285910
Bangladesh,BGD,2009,594764746496
Bangladesh,BGD,2010,627903778372
Bangladesh,BGD,2011,668493859146
Bangladesh,BGD,2012,712089410611
Bangladesh,BGD,2013,754911659700
Bangladesh,BGD,2014,800667303501
Bangladesh,BGD,2015,853132148522
Bangladesh,BGD,2016,913819518032
Bangladesh,BGD,2017,974042508801
Bangladesh,BGD,2018,1045336699213
Bangladesh,BGD,2019,1127729250889
Bangladesh,BGD,2020,1166613553390
Bangladesh,BGD,2021,1247561124482
Bangladesh,BGD,2022,1336135828193
Bangladesh,BGD,2023,1413299173688
Bangladesh,BGD,2024,1472986459828
Bangladesh,BGD,2025,1524392313250
Barbados,BRB,1990,4963710882
Barbados,BRB,1991,4770130763
Barbados,BRB,1992,4498590077
Barbados,BRB,1993,4534266993
Barbados,BRB,1994,4625441221
Barbados,BRB,1995,4718597530
Barbados,BRB,1996,4906231425
Barbados,BRB,1997,5138791878
Barbados,BRB,1998,5330389893
Barbados,BRB,1999,5348228371
Barbados,BRB,2000,5586074222
Barbados,BRB,2001,5453937638
Barbados,BRB,2002,5496882033
Barbados,BRB,2003,5616465658
Barbados,BRB,2004,5695747567
Barbados,BRB,2005,5921040419
Barbados,BRB,2006,6280479948
Barbados,BRB,2007,6411062657
Barbados,BRB,2008,6451674202
Barbados,BRB,2009,6127975936
Barbados,BRB,2010,5632791285
Barbados,BRB,2011,5628611125
Barbados,BRB,2012,5467747079
Barbados,BRB,2013,5478426792
Barbados,BRB,2014,5522655520
Barbados,BRB,2015,5479986375
Barbados,BRB,2016,5557600763
Barbados,BRB,2017,5593983908
Barbados,BRB,2018,5579882295
Barbados,BRB,2019,5593335379
Barbados,BRB,2020,4619763257
Barbados,BRB,2021,4990262588
Barbados,BRB,2022,5785975958
Barbados,BRB,2023,5890945028
Barbados,BRB,2024,6089290158
Barbados,BRB,2025,6253701006
Belarus,BLR,1990,125855114628
Belarus,BLR,1991,124344858608
Belarus,BLR,1992,112407750829
Belarus,BLR,1993,103864759496
Belarus,BLR,1994,91712578624
Belarus,BLR,1995,82174470101
Belarus,BLR,1996,84475359016
Belarus,BLR,1997,94105554506
Belarus,BLR,1998,102010412963
Belarus,BLR,1999,105478766191
Belarus,BLR,2000,111596538085
Belarus,BLR,2001,116869816052
Belarus,BLR,2002,122766210996
Belarus,BLR,2003,131412871519
Belarus,BLR,2004,146459307851
Belarus,BLR,2005,160226485010
Belarus,BLR,2006,176249125067
Belarus,BLR,2007,191406561452
Belarus,BLR,2008,210930029736
Belarus,BLR,2009,211351879738
Belarus,BLR,2010,227731686506
Belarus,BLR,2011,240370737529
Belarus,BLR,2012,244475915260
Belarus,BLR,2013,246917543408
Belarus,BLR,2014,250994459962
Belarus,BLR,2015,241382449996
Belarus,BLR,2016,235284051666
Belarus,BLR,2017,241241875588
Belarus,BLR,2018,248839058903
Belarus,BLR,2019,252438405112
Belarus,BLR,2020,250740143618
Belarus,BLR,2021,256855349956
Belarus,BLR,2022,244890010830
Belarus,BLR,2023,254995495258
Belarus,BLR,2024,266087790075
Belarus,BLR,2025,269546931346
Belgium,BEL,1990,415042243228
Belgium,BEL,1991,422650276394
Belgium,BEL,1992,429119592931
Belgium,BEL,1993,424992007099
Belgium,BEL,1994,438706377851
Belgium,BEL,1995,449168459997
Belgium,BEL,1996,455103916410
Belgium,BEL,1997,472369064689
Belgium,BEL,1998,481636154069
Belgium,BEL,1999,498699164738
Belgium,BEL,2000,517234342061
Belgium,BEL,2001,522921869631
Belgium,BEL,2002,531847593236
Belgium,BEL,2003,537367932888
Belgium,BEL,2004,556558452616
Belgium,BEL,2005,569480281308
Belgium,BEL,2006,584015359292
Belgium,BEL,2007,605489163853
Belgium,BEL,2008,608195125992
Belgium,BEL,2009,596600244415
Belgium,BEL,2010,612769969464
Belgium,BEL,2011,624603507515
Belgium,BEL,2012,625951424446
Belgium,BEL,2013,627863671927
Belgium,BEL,2014,638948858596
Belgium,BEL,2015,648368014803
Belgium,BEL,2016,656106304760
Belgium,BEL,2017,665780379748
Belgium,BEL,2018,678283525385
Belgium,BEL,2019,694853246102
Belgium,BEL,2020,661549041829
Belgium,BEL,2021,702925341289
Belgium,BEL,2022,731215334523
Belgium,BEL,2023,742631473385
Belgium,BEL,2024,750783738889
Belgium,BEL,2025,758164828720
Belize,BLZ,1990,1510673148
Belize,BLZ,1991,1688610855
Belize,BLZ,1992,1903676106
Belize,BLZ,1993,2020521564
Belize,BLZ,1994,2020117736
Belize,BLZ,1995,2034896069
Belize,BLZ,1996,2057387893
Belize,BLZ,1997,2144510367
Belize,BLZ,1998,2227996585
Belize,BLZ,1999,2437945041
Belize,BLZ,2000,2736364436
Belize,BLZ,2001,2873006492
Belize,BLZ,2002,3028122216
Belize,BLZ,2003,3320797096
Belize,BLZ,2004,3479553282
Belize,BLZ,2005,3556771200
Belize,BLZ,2006,3717233318
Belize,BLZ,2007,3841366510
Belize,BLZ,2008,3778849124
Belize,BLZ,2009,3761968641
Belize,BLZ,2010,3815291198
Belize,BLZ,2011,3810328606
Belize,BLZ,2012,3960603897
Belize,BLZ,2013,4121660493
Belize,BLZ,2014,4282086263
Belize,BLZ,2015,4400282989
Belize,BLZ,2016,4399458310
Belize,BLZ,2017,4318805800
Belize,BLZ,2018,4354309346
Belize,BLZ,2019,4539654316
Belize,BLZ,2020,3925761416
Belize,BLZ,2021,4632002927
Belize,BLZ,2022,5060486974
Belize,BLZ,2023,5085795883
Belize,BLZ,2024,5264035959
Belize,BLZ,2025,5408708371
Benin,BEN,1990,11656583104
Benin,BEN,1991,12149166926
Benin,BEN,1992,12508504151
Benin,BEN,1993,13238521979
Benin,BEN,1994,13505993136
Benin,BEN,1995,14322457251
Benin,BEN,1996,14941800983
Benin,BEN,1997,15798666707
Benin,BEN,1998,16424453813
Benin,BEN,1999,17301757698
Benin,BEN,2000,18315245216
Benin,BEN,2001,19292022099
Benin,BEN,2002,20187756640
Benin,BEN,2003,20882937540
Benin,BEN,2004,21807985798
Benin,BEN,2005,22181592483
Benin,BEN,2006,23056376559
Benin,BEN,2007,24436611800
Benin,BEN,2008,25633169334
Benin,BEN,2009,26227677415
Benin,BEN,2010,26782147492
Benin,BEN,2011,27575904170
Benin,BEN,2012,28902642501
Benin,BEN,2013,30981156880
Benin,BEN,2014,32950839416
Benin,BEN,2015,33536755116
Benin,BEN,2016,34656773215
Benin,BEN,2017,36622353578
Benin,BEN,2018,39075045480
Benin,BEN,2019,41757815652
Benin,BEN,2020,43364987288
Benin,BEN,2021,46467947984
Benin,BEN,2022,49373564169
Benin,BEN,2023,52510156788
Benin,BEN,2024,56423799507
Benin,BEN,2025,60979504779
Bermuda,BMU,1990,4590379564
Bermuda,BMU,1991,4428138011
Bermuda,BMU,1992,4425492720
Bermuda,BMU,1993,4558636639
Bermuda,BMU,1994,4585970834
Bermuda,BMU,1995,4787714493
Bermuda,BMU,1996,4912217832
Bermuda,BMU,1997,5138179894
Bermuda,BMU,1998,5338568915
Bermuda,BMU,1999,5519153857
Bermuda,BMU,2000,6033382055
Bermuda,BMU,2001,6469139184
Bermuda,BMU,2002,6373538854
Bermuda,BMU,2003,6590921569
Bermuda,BMU,2004,6743914471
Bermuda,BMU,2005,6856821499
Bermuda,BMU,2006,7236954521
Bermuda,BMU,2007,7479040761
Bermuda,BMU,2008,7339485164
Bermuda,BMU,2009,6926514520
Bermuda,BMU,2010,6753152292
Bermuda,BMU,2011,6500399068
Bermuda,BMU,2012,6155533455
Bermuda,BMU,2013,6138315901
Bermuda,BMU,2014,5911132681
Bermuda,BMU,2015,5956975270
Bermuda,BMU,2016,5917825653
Bermuda,BMU,2017,6131543183
Bermuda,BMU,2018,6105005784
Bermuda,BMU,2019,6123754651
Bermuda,BMU,2020,5696829397
Bermuda,BMU,2021,5968282122
Bermuda,BMU,2022,6341714861
Bermuda,BMU,2023,6616594767
Bermuda,BMU,2024,6741531203
Bhutan,BTN,1990,2010284101
Bhutan,BTN,1991,2002084640
Bhutan,BTN,1992,2094198377
Bhutan,BTN,1993,2135796834
Bhutan,BTN,1994,2241550894
Bhutan,BTN,1995,2400120837
Bhutan,BTN,1996,2533691711
Bhutan,BTN,1997,2669848212
Bhutan,BTN,1998,2827743862
Bhutan,BTN,1999,3053510134
Bhutan,BTN,2000,3155957487
Bhutan,BTN,2001,3387237866
Bhutan,BTN,2002,3740993528
Bhutan,BTN,2003,4032288249
Bhutan,BTN,2004,4240243731
Bhutan,BTN,2005,4534307664
Bhutan,BTN,2006,4790079125
Bhutan,BTN,2007,5561511005
Bhutan,BTN,2008,5813416797
Bhutan,BTN,2009,6259160087
Bhutan,BTN,2010,7005995172
Bhutan,BTN,2011,7600752212
Bhutan,BTN,2012,7993317392
Bhutan,BTN,2013,8132108591
Bhutan,BTN,2014,8610364850
Bhutan,BTN,2015,9183884143
Bhutan,BTN,2016,9962304965
Bhutan,BTN,2017,10170202850
Bhutan,BTN,2018,10526350322
Bhutan,BTN,2019,11132157416
Bhutan,BTN,2020,9994629330
Bhutan,BTN,2021,10436528611
Bhutan,BTN,2022,10980675420
Bhutan,BTN,2023,11489317549
Bhutan,BTN,2024,12350851156
Bhutan,BTN,2025,13339540146
Bolivia,BOL,1990,44542741932
Bolivia,BOL,1991,46888597300
Bolivia,BOL,1992,47660617219
Bolivia,BOL,1993,49695390116
Bolivia,BOL,1994,52014805702
Bolivia,BOL,1995,54448202185
Bolivia,BOL,1996,56822874479
Bolivia,BOL,1997,59637998290
Bolivia,BOL,1998,62637404793
Bolivia,BOL,1999,62904794715
Bolivia,BOL,2000,64482327960
Bolivia,BOL,2001,65568080847
Bolivia,BOL,2002,67197818618
Bolivia,BOL,2003,69019779824
Bolivia,BOL,2004,71900179252
Bolivia,BOL,2005,75079197602
Bolivia,BOL,2006,78680753326
Bolivia,BOL,2007,82272045239
Bolivia,BOL,2008,87330540195
Bolivia,BOL,2009,90262226066
Bolivia,BOL,2010,93987097739
Bolivia,BOL,2011,98878273199
Bolivia,BOL,2012,103943090862
Bolivia,BOL,2013,111007075180
Bolivia,BOL,2014,117068693660
Bolivia,BOL,2015,122754939247
Bolivia,BOL,2016,127989112720
Bolivia,BOL,2017,133358520083
Bolivia,BOL,2018,137183354525
Bolivia,BOL,2019,139250324972
Bolivia,BOL,2020,121538423042
Bolivia,BOL,2021,133727570900
Bolivia,BOL,2022,138738901712
Bolivia,BOL,2023,142230080127
Bolivia,BOL,2024,140632330052
Bolivia,BOL,2025,138406998272
Bosnia and Herzegovina,BIH,1990,10738771131
Bosnia and Herzegovina,BIH,1991,9734908077
Bosnia and Herzegovina,BIH,1992,9108281037
Bosnia and Herzegovina,BIH,1993,8909597790
Bosnia and Herzegovina,BIH,1994,9901411012
Bosnia and Herzegovina,BIH,1995,11482498119
Bosnia and Herzegovina,BIH,1996,17705931772
Bosnia and Herzegovina,BIH,1997,24193584991
Bosnia and Herzegovina,BIH,1998,28213681821
Bosnia and Herzegovina,BIH,1999,30900067273
Bosnia and Herzegovina,BIH,2000,32573094556
Bosnia and Herzegovina,BIH,2001,33362442633
Bosnia and Herzegovina,BIH,2002,35039720970
Bosnia and Herzegovina,BIH,2003,36394754465
Bosnia and Herzegovina,BIH,2004,38696820205
Bosnia and Herzegovina,BIH,2005,40204906183
Bosnia and Herzegovina,BIH,2006,42381601008
Bosnia and Herzegovina,BIH,2007,44864788553
Bosnia and Herzegovina,BIH,2008,47306261838
Bosnia and Herzegovina,BIH,2009,45884966234
Bosnia and Herzegovina,BIH,2010,46282177353
Bosnia and Herzegovina,BIH,2011,46726260264
Bosnia and Herzegovina,BIH,2012,46342246450
Bosnia and Herzegovina,BIH,2013,47431223775
Bosnia and Herzegovina,BIH,2014,47978507971
Bosnia and Herzegovina,BIH,2015,50033969702
Bosnia and Herzegovina,BIH,2016,51656200198
Bosnia and Herzegovina,BIH,2017,53331978448
Bosnia and Herzegovina,BIH,2018,55374062033
Bosnia and Herzegovina,BIH,2019,56972075742
Bosnia and Herzegovina,BIH,2020,55254314473
Bosnia and Herzegovina,BIH,2021,59338515900
Bosnia and Herzegovina,BIH,2022,61846644202
Bosnia and Herzegovina,BIH,2023,63080110055
Bosnia and Herzegovina,BIH,2024,65115578919
Bosnia and Herzegovina,BIH,2025,66501641590
Botswana,BWA,1990,13737121068
Botswana,BWA,1991,14761732983
Botswana,BWA,1992,15192343096
Botswana,BWA,1993,15483444653
Botswana,BWA,1994,16045171042
Botswana,BWA,1995,17173212392
Botswana,BWA,1996,18174376330
Botswana,BWA,1997,19687555072
Botswana,BWA,1998,19774901585
Botswana,BWA,1999,21686588920
Botswana,BWA,2000,22117652345
Botswana,BWA,2001,22173073420
Botswana,BWA,2002,23518874957
Botswana,BWA,2003,24606833359
Botswana,BWA,2004,25272650397
Botswana,BWA,2005,26424235523
Botswana,BWA,2006,28634324519
Botswana,BWA,2007,30292983739
Botswana,BWA,2008,31278133671
Botswana,BWA,2009,26854081061
Botswana,BWA,2010,29571639765
Botswana,BWA,2011,31593869891
Botswana,BWA,2012,31539889522
Botswana,BWA,2013,35041734083
Botswana,BWA,2014,37038112212
Botswana,BWA,2015,35241272987
Botswana,BWA,2016,37780203983
Botswana,BWA,2017,39334624598
Botswana,BWA,2018,40982231018
Botswana,BWA,2019,42224719394
Botswana,BWA,2020,38538973278
Botswana,BWA,2021,43131382328
Botswana,BWA,2022,45497577323
Botswana,BWA,2023,46957170597
Botswana,BWA,2024,45651812994
Botswana,BWA,2025,45316775103
Brazil,BRA,1990,1884169357425
Brazil,BRA,1991,1903617557305
Brazil,BRA,1992,1893260506241
Brazil,BRA,1993,1986497717136
Brazil,BRA,1994,2102764853268
Brazil,BRA,1995,2191581301268
Brazil,BRA,1996,2239990352767
Brazil,BRA,1997,2316034575352
Brazil,BRA,1998,2323865039642
Brazil,BRA,1999,2334739277157
Brazil,BRA,2000,2437186456368
Brazil,BRA,2001,2471060823210
Brazil,BRA,2002,2546513722962
Brazil,BRA,2003,2575565089958
Brazil,BRA,2004,2723916728335
Brazil,BRA,2005,2811140139216
Brazil,BRA,2006,2922517194189
Brazil,BRA,2007,3099910206337
Brazil,BRA,2008,3257825690916
Brazil,BRA,2009,3253726955188
Brazil,BRA,2010,3498674867880
Brazil,BRA,2011,3637727009304
Brazil,BRA,2012,3707614147035
Brazil,BRA,2013,3819021377420
Brazil,BRA,2014,3838267554873
Brazil,BRA,2015,3702171668999
Brazil,BRA,2016,3580891601337
Brazil,BRA,2017,3628262108190
Brazil,BRA,2018,3692978213439
Brazil,BRA,2019,3738061272499
Brazil,BRA,2020,3615574020935
Brazil,BRA,2021,3787769507585
Brazil,BRA,2022,3902034936461
Brazil,BRA,2023,4028525459920
Brazil,BRA,2024,4166273441898
Brazil,BRA,2025,4261503890871
Brunei,BRN,1990,30166243054
Brunei,BRN,1991,31044278629
Brunei,BRN,1992,30075505025
Brunei,BRN,1993,29884931691
Brunei,BRN,1994,30181609855
Brunei,BRN,1995,30588244802
Brunei,BRN,1996,30579889481
Brunei,BRN,1997,32519860848
Brunei,BRN,1998,30354961903
Brunei,BRN,1999,31648302493
Brunei,BRN,2000,32747978551
Brunei,BRN,2001,33228083834
Brunei,BRN,2002,34544394073
Brunei,BRN,2003,35782267943
Brunei,BRN,2004,35819674143
Brunei,BRN,2005,35818268108
Brunei,BRN,2006,37286248511
Brunei,BRN,2007,35882934589
Brunei,BRN,2008,34483245006
Brunei,BRN,2009,33827975876
Brunei,BRN,2010,34755323962
Brunei,BRN,2011,36056704487
Brunei,BRN,2012,36385950944
Brunei,BRN,2013,35612828470
Brunei,BRN,2014,34719698877
Brunei,BRN,2015,34583464420
Brunei,BRN,2016,33726514628
Brunei,BRN,2017,34174647802
Brunei,BRN,2018,34192545422
Brunei,BRN,2019,35515401787
Brunei,BRN,2020,35917994917
Brunei,BRN,2021,35346624887
Brunei,BRN,2022,34771064644
Brunei,BRN,2023,35163158531
Brunei,BRN,2024,36588151541
Brunei,BRN,2025,36833131954
Bulgaria,BGR,1990,130374467717
Bulgaria,BGR,1991,119363880257
Bulgaria,BGR,1992,110683276463
Bulgaria,BGR,1993,109044926372
Bulgaria,BGR,1994,111027376104
Bulgaria,BGR,1995,114249740788
Bulgaria,BGR,1996,120196987287
Bulgaria,BGR,1997,103230729197
Bulgaria,BGR,1998,107142259719
Bulgaria,BGR,1999,98146501586
Bulgaria,BGR,2000,102648702966
Bulgaria,BGR,2001,106573683706
Bulgaria,BGR,2002,112831617247
Bulgaria,BGR,2003,118740781477
Bulgaria,BGR,2004,126471309978
Bulgaria,BGR,2005,135395567200
Bulgaria,BGR,2006,144605976068
Bulgaria,BGR,2007,154228614628
Bulgaria,BGR,2008,163682148339
Bulgaria,BGR,2009,158203472629
Bulgaria,BGR,2010,160664110374
Bulgaria,BGR,2011,164022273023
Bulgaria,BGR,2012,165250495679
Bulgaria,BGR,2013,164353592994
Bulgaria,BGR,2014,165914047808
Bulgaria,BGR,2015,171551066380
Bulgaria,BGR,2016,176743279334
Bulgaria,BGR,2017,181596521429
Bulgaria,BGR,2018,185827993758
Bulgaria,BGR,2019,192877043553
Bulgaria,BGR,2020,186833751685
Bulgaria,BGR,2021,201459421189
Bulgaria,BGR,2022,209686749928
Bulgaria,BGR,2023,213212655187
Bulgaria,BGR,2024,220434358900
Bulgaria,BGR,2025,227259814305
Burkina Faso,BFA,1990,10147246626
Burkina Faso,BFA,1991,11067600318
Burkina Faso,BFA,1992,11093355815
Burkina Faso,BFA,1993,11477339562
Burkina Faso,BFA,1994,11628267412
Burkina Faso,BFA,1995,12292982651
Burkina Faso,BFA,1996,13647023204
Burkina Faso,BFA,1997,14509083107
Burkina Faso,BFA,1998,15569366222
Burkina Faso,BFA,1999,16720757878
Burkina Faso,BFA,2000,17036525024
Burkina Faso,BFA,2001,18163219549
Burkina Faso,BFA,2002,18953857927
Burkina Faso,BFA,2003,20432731533
Burkina Faso,BFA,2004,21347801635
Burkina Faso,BFA,2005,23196921150
Burkina Faso,BFA,2006,24647462832
Burkina Faso,BFA,2007,25660813447
Burkina Faso,BFA,2008,27149138508
Burkina Faso,BFA,2009,27953282649
Burkina Faso,BFA,2010,30314295612
Burkina Faso,BFA,2011,32321878819
Burkina Faso,BFA,2012,34407503766
Burkina Faso,BFA,2013,36400587615
Burkina Faso,BFA,2014,37975584844
Burkina Faso,BFA,2015,39464694412
Burkina Faso,BFA,2016,41815991712
Burkina Faso,BFA,2017,44410042330
Burkina Faso,BFA,2018,47343134249
Burkina Faso,BFA,2019,50131268465
Burkina Faso,BFA,2020,51139294287
Burkina Faso,BFA,2021,54689652540
Burkina Faso,BFA,2022,55579306937
Burkina Faso,BFA,2023,57246838520
Burkina Faso,BFA,2024,60014126709
Burkina Faso,BFA,2025,63191645700
Burundi,BDI,1990,8133776822
Burundi,BDI,1991,8540208347
Burundi,BDI,1992,8626464312
Burundi,BDI,1993,8088172939
Burundi,BDI,1994,7778395916
Burundi,BDI,1995,7162346959
Burundi,BDI,1996,6589359202
Burundi,BDI,1997,6484588391
Burundi,BDI,1998,6792606339
Burundi,BDI,1999,6724001016
Burundi,BDI,2000,6666385468
Burundi,BDI,2001,6803433494
Burundi,BDI,2002,7105949485
Burundi,BDI,2003,7018991994
Burundi,BDI,2004,7358266046
Burundi,BDI,2005,7424490440
Burundi,BDI,2006,7826438034
Burundi,BDI,2007,8096019195
Burundi,BDI,2008,8493431882
Burundi,BDI,2009,8815084589
Burundi,BDI,2010,9264101811
Burundi,BDI,2011,9636928913
Burundi,BDI,2012,10063173284
Burundi,BDI,2013,10558676374
Burundi,BDI,2014,11006882476
Burundi,BDI,2015,10962356819
Burundi,BDI,2016,11313171389
Burundi,BDI,2017,11746676003
Burundi,BDI,2018,12374212183
Burundi,BDI,2019,12926020627
Burundi,BDI,2020,12965631617
Burundi,BDI,2021,13385338810
Burundi,BDI,2022,13695570972
Burundi,BDI,2023,14141330166
Burundi,BDI,2024,14722860377
Burundi,BDI,2025,15347125160
Cambodia,KHM,1990,19514316431
Cambodia,KHM,1991,20995706332
Cambodia,KHM,1992,22469088082
Cambodia,KHM,1993,23389954628
Cambodia,KHM,1994,15248229812
Cambodia,KHM,1995,16758333509
Cambodia,KHM,1996,17746657168
Cambodia,KHM,1997,18457698475
Cambodia,KHM,1998,19321820012
Cambodia,KHM,1999,21776730888
Cambodia,KHM,2000,23953005981
Cambodia,KHM,2001,25723063815
Cambodia,KHM,2002,27334632491
Cambodia,KHM,2003,30145638982
Cambodia,KHM,2004,32996721516
Cambodia,KHM,2005,37386385535
Cambodia,KHM,2006,41477712320
Cambodia,KHM,2007,45790754857
Cambodia,KHM,2008,49214239315
Cambodia,KHM,2009,51219610560
Cambodia,KHM,2010,53819988410
Cambodia,KHM,2011,57741666976
Cambodia,KHM,2012,62159052652
Cambodia,KHM,2013,67043200062
Cambodia,KHM,2014,72406871106
Cambodia,KHM,2015,77625259450
Cambodia,KHM,2016,83761925237
Cambodia,KHM,2017,90525733498
Cambodia,KHM,2018,98470474432
Cambodia,KHM,2019,106286026886
Cambodia,KHM,2020,102506791315
Cambodia,KHM,2021,105674090069
Cambodia,KHM,2022,111095066386
Cambodia,KHM,2023,116657963460
Cambodia,KHM,2024,123675890227
Cambodia,KHM,2025,130291710404
Cameroon,CMR,1990,51192848469
Cameroon,CMR,1991,49243117963
Cameroon,CMR,1992,47716579725
Cameroon,CMR,1993,43931668854
Cameroon,CMR,1994,44756182468
Cameroon,CMR,1995,46051427006
Cameroon,CMR,1996,47992527880
Cameroon,CMR,1997,50165300201
Cameroon,CMR,1998,52535878944
Cameroon,CMR,1999,54905932268
Cameroon,CMR,2000,57010156987
Cameroon,CMR,2001,59475425081
Cameroon,CMR,2002,62138155821
Cameroon,CMR,2003,65526644958
Cameroon,CMR,2004,70145528271
Cameroon,CMR,2005,71708560180
Cameroon,CMR,2006,74440357496
Cameroon,CMR,2007,77661830226
Cameroon,CMR,2008,79873388993
Cameroon,CMR,2009,81933524799
Cameroon,CMR,2010,84308797938
Cameroon,CMR,2011,87157770352
Cameroon,CMR,2012,91189670263
Cameroon,CMR,2013,95745076833
Cameroon,CMR,2014,101221521111
Cameroon,CMR,2015,106957697125
Cameroon,CMR,2016,111809078187
Cameroon,CMR,2017,115768435044
Cameroon,CMR,2018,120347671976
Cameroon,CMR,2019,124529825764
Cameroon,CMR,2020,124853519772
Cameroon,CMR,2021,129022200845
Cameroon,CMR,2022,133843481810
Cameroon,CMR,2023,138323976561
Cameroon,CMR,2024,143199513689
Cameroon,CMR,2025,147781898351
Canada,CAN,1990,1120801480990
Canada,CAN,1991,1097364903732
Canada,CAN,1992,1107136567773
Canada,CAN,1993,1136561012045
Canada,CAN,1994,1187638624692
Canada,CAN,1995,1219494991264
Canada,CAN,1996,1240091788764
Canada,CAN,1997,1293169785848
Canada,CAN,1998,1343511418963
Canada,CAN,1999,1412581387826
Canada,CAN,2000,1485167436030
Canada,CAN,2001,1513015782865
Canada,CAN,2002,1558394989502
Canada,CAN,2003,1586545604696
Canada,CAN,2004,1635607366811
Canada,CAN,2005,1688117795731
Canada,CAN,2006,1732649393667
Canada,CAN,2007,1768167053194
Canada,CAN,2008,1785767500696
Canada,CAN,2009,1733710837458
Canada,CAN,2010,1787296481895
Canada,CAN,2011,1843367447651
Canada,CAN,2012,1875730737137
Canada,CAN,2013,1919356737086
Canada,CAN,2014,1974508814851
Canada,CAN,2015,1987342549834
Canada,CAN,2016,2007982114167
Canada,CAN,2017,2068900976702
Canada,CAN,2018,2125650173566
Canada,CAN,2019,2166216760387
Canada,CAN,2020,2057077703443
Canada,CAN,2021,2179484689194
Canada,CAN,2022,2281820645928
Canada,CAN,2023,2326386554601
Canada,CAN,2024,2373990612953
Canada,CAN,2025,2415361799855
Cape Verde,CPV,1990,694075763
Cape Verde,CPV,1991,703821607
Cape Verde,CPV,1992,780803130
Cape Verde,CPV,1993,848797899
Cape Verde,CPV,1994,1011619758
Cape Verde,CPV,1995,1155387478
Cape Verde,CPV,1996,1286483805
Cape Verde,CPV,1997,1429520555
Cape Verde,CPV,1998,1608457729
Cape Verde,CPV,1999,1788969285
Cape Verde,CPV,2000,2044521201
Cape Verde,CPV,2001,2090147852
Cape Verde,CPV,2002,2199899241
Cape Verde,CPV,2003,2291772738
Cape Verde,CPV,2004,2525466468
Cape Verde,CPV,2005,2700038276
Cape Verde,CPV,2006,2915602594
Cape Verde,CPV,2007,3357919567
Cape Verde,CPV,2008,3594283904
Cape Verde,CPV,2009,3540240729
Cape Verde,CPV,2010,3605254387
Cape Verde,CPV,2011,3746750463
Cape Verde,CPV,2012,3787352067
Cape Verde,CPV,2013,3811293311
Cape Verde,CPV,2014,3837845328
Cape Verde,CPV,2015,3873768577
Cape Verde,CPV,2016,4039593563
Cape Verde,CPV,2017,4223448183
Cape Verde,CPV,2018,4380009912
Cape Verde,CPV,2019,4684325394
Cape Verde,CPV,2020,3709738572
Cape Verde,CPV,2021,3970664151
Cape Verde,CPV,2022,4599763302
Cape Verde,CPV,2023,4820310977
Cape Verde,CPV,2024,5157196862
Cape Verde,CPV,2025,5481944784
Cayman Islands,CYM,2006,4447621081
Cayman Islands,CYM,2007,4588282668
Cayman Islands,CYM,2008,4571884090
Cayman Islands,CYM,2009,4242686379
Cayman Islands,CYM,2010,4127470491
Cayman Islands,CYM,2011,4175723189
Cayman Islands,CYM,2012,4227074297
Cayman Islands,CYM,2013,4281152570
Cayman Islands,CYM,2014,4394796963
Cayman Islands,CYM,2015,4519306933
Cayman Islands,CYM,2016,4665731318
Cayman Islands,CYM,2017,4814290345
Cayman Islands,CYM,2018,5019728990
Cayman Islands,CYM,2019,5216283273
Cayman Islands,CYM,2020,4957826506
Cayman Islands,CYM,2021,5199243731
Cayman Islands,CYM,2022,5493562191
Cayman Islands,CYM,2023,5812428845
Cayman Islands,CYM,2024,6030767618
Central African Republic,CAF,1990,4254024013
Central African Republic,CAF,1991,4230518701
Central African Republic,CAF,1992,3958746871
Central African Republic,CAF,1993,3972019587
Central African Republic,CAF,1994,4166646537
Central African Republic,CAF,1995,4466646986
Central African Republic,CAF,1996,4287976954
Central African Republic,CAF,1997,4515236990
Central African Republic,CAF,1998,4727459557
Central African Republic,CAF,1999,4897646915
Central African Republic,CAF,2000,4775723303
Central African Republic,CAF,2001,4988946886
Central African Republic,CAF,2002,5169374255
Central African Republic,CAF,2003,4890358043
Central African Republic,CAF,2004,5183529346
Central African Republic,CAF,2005,5230606705
Central African Republic,CAF,2006,5480163419
Central African Republic,CAF,2007,5732663859
Central African Republic,CAF,2008,5850420282
Central African Republic,CAF,2009,6352811108
Central African Republic,CAF,2010,6646998256
Central African Republic,CAF,2011,6925814264
Central African Republic,CAF,2012,7275828382
Central African Republic,CAF,2013,4628010583
Central African Republic,CAF,2014,4631762535
Central African Republic,CAF,2015,4832647682
Central African Republic,CAF,2016,5062213759
Central African Republic,CAF,2017,5291394260
Central African Republic,CAF,2018,5491908660
Central African Republic,CAF,2019,5662157829
Central African Republic,CAF,2020,5713117249
Central African Republic,CAF,2021,5769272621
Central African Republic,CAF,2022,5795459458
Central African Republic,CAF,2023,5836025843
Central African Republic,CAF,2024,5923566230
Central African Republic,CAF,2025,6190097093
Chad,TCD,1990,10238840219
Chad,TCD,1991,11112739276
Chad,TCD,1992,12001918814
Chad,TCD,1993,10116436926
Chad,TCD,1994,11141928770
Chad,TCD,1995,11279704214
Chad,TCD,1996,11529490222
Chad,TCD,1997,12181297538
Chad,TCD,1998,13028090170
Chad,TCD,1999,12939127828
Chad,TCD,2000,12825304776
Chad,TCD,2001,14320496076
Chad,TCD,2002,15536479446
Chad,TCD,2003,17823708215
Chad,TCD,2004,23817709328
Chad,TCD,2005,27945921833
Chad,TCD,2006,27794223105
Chad,TCD,2007,28961628888
Chad,TCD,2008,29853991800
Chad,TCD,2009,29433563220
Chad,TCD,2010,33458257815
Chad,TCD,2011,34962350264
Chad,TCD,2012,38130569892
Chad,TCD,2013,39212797540
Chad,TCD,2014,40021691183
Chad,TCD,2015,41344071814
Chad,TCD,2016,39639661078
Chad,TCD,2017,38998501758
Chad,TCD,2018,41237450907
Chad,TCD,2019,43457189499
Chad,TCD,2020,43286121757
Chad,TCD,2021,43413141699
Chad,TCD,2022,45205973768
Chad,TCD,2023,47013585754
Chad,TCD,2024,49341747813
Chad,TCD,2025,52099892413
Chile,CHL,1990,147207604208
Chile,CHL,1991,158625323193
Chile,CHL,1992,176870299108
Chile,CHL,1993,188695112235
Chile,CHL,1994,198274792763
Chile,CHL,1995,216625972612
Chile,CHL,1996,232038612978
Chile,CHL,1997,249190302251
Chile,CHL,1998,259608666274
Chile,CHL,1999,258898295450
Chile,CHL,2000,271769738740
Chile,CHL,2001,280341451214
Chile,CHL,2002,289320224789
Chile,CHL,2003,302985528618
Chile,CHL,2004,323207552891
Chile,CHL,2005,342073325521
Chile,CHL,2006,362768730332
Chile,CHL,2007,381517456258
Chile,CHL,2008,395974651300
Chile,CHL,2009,391547507252
Chile,CHL,2010,414459500963
Chile,CHL,2011,440255032518
Chile,CHL,2012,467354226719
Chile,CHL,2013,482816679853
Chile,CHL,2014,491471890512
Chile,CHL,2015,502048082999
Chile,CHL,2016,510849180433
Chile,CHL,2017,517784956121
Chile,CHL,2018,538444728502
Chile,CHL,2019,541913515453
Chile,CHL,2020,508641667921
Chile,CHL,2021,566308424865
Chile,CHL,2022,577996570020
Chile,CHL,2023,581909750325
Chile,CHL,2024,598233054187
Chile,CHL,2025,612945128975
China,CHN,1990,1892142389584
China,CHN,1991,2069542704119
China,CHN,1992,2365438109816
China,CHN,1993,2694851453397
China,CHN,1994,3047411115925
China,CHN,1995,3383096056447
China,CHN,1996,3720501963122
China,CHN,1997,4066419152960
China,CHN,1998,4388623718710
China,CHN,1999,4728357537869
China,CHN,2000,5133746736757
China,CHN,2001,5561082225597
China,CHN,2002,6074706488413
China,CHN,2003,6689090876282
China,CHN,2004,7367393399860
China,CHN,2005,8211218760900
China,CHN,2006,9252014077440
China,CHN,2007,10561245407109
China,CHN,2008,11582388576956
China,CHN,2009,12671839645498
China,CHN,2010,14014001667285
China,CHN,2011,15340013860009
China,CHN,2012,16545404559826
China,CHN,2013,17832377196873
China,CHN,2014,19162852171599
China,CHN,2015,20500730181112
China,CHN,2016,21889385822096
China,CHN,2017,23397835751144
China,CHN,2018,24979016132706
China,CHN,2019,26494587477979
China,CHN,2020,27114429372606
China,CHN,2021,29438240129870
China,CHN,2022,30360791708734
China,CHN,2023,32005133203227
China,CHN,2024,33592044935159
China,CHN,2025,35258193185780
Colombia,COL,1990,324362108923
Colombia,COL,1991,330854565533
Colombia,COL,1992,344237399255
Colombia,COL,1993,362775994368
Colombia,COL,1994,383870191922
Colombia,COL,1995,403840799094
Colombia,COL,1996,412143179194
Colombia,COL,1997,426280900614
Colombia,COL,1998,428709781358
Colombia,COL,1999,410686756804
Colombia,COL,2000,422698775564
Colombia,COL,2001,429791231167
Colombia,COL,2002,440553119642
Colombia,COL,2003,457815188748
Colombia,COL,2004,482230573793
Colombia,COL,2005,505516336190
Colombia,COL,2006,539471204741
Colombia,COL,2007,575821824818
Colombia,COL,2008,594728624564
Colombia,COL,2009,601506441278
Colombia,COL,2010,628542104500
Colombia,COL,2011,672212530981
Colombia,COL,2012,698513758899
Colombia,COL,2013,734375410017
Colombia,COL,2014,767415180035
Colombia,COL,2015,790099215895
Colombia,COL,2016,806591608674
Colombia,COL,2017,817556099366
Colombia,COL,2018,838520888947
Colombia,COL,2019,865243337113
Colombia,COL,2020,803067693827
Colombia,COL,2021,889808627041
Colombia,COL,2022,955016270619
Colombia,COL,2023,963055784346
Colombia,COL,2024,977437166558
Colombia,COL,2025,1003261207902
Comoros,COM,1990,1413306114
Comoros,COM,1991,1326147887
Comoros,COM,1992,1423726052
Comoros,COM,1993,1459993278
Comoros,COM,1994,1401790390
Comoros,COM,1995,1480813229
Comoros,COM,1996,1473255620
Comoros,COM,1997,1538232464
Comoros,COM,1998,1538617649
Comoros,COM,1999,1580124729
Comoros,COM,2000,1564212575
Comoros,COM,2001,1648986636
Comoros,COM,2002,1724801808
Comoros,COM,2003,1758166859
Comoros,COM,2004,1812677277
Comoros,COM,2005,1915369114
Comoros,COM,2006,1881764982
Comoros,COM,2007,1896886841
Comoros,COM,2008,1972091029
Comoros,COM,2009,2036001387
Comoros,COM,2010,2112916770
Comoros,COM,2011,2200465617
Comoros,COM,2012,2270185388
Comoros,COM,2013,2371577481
Comoros,COM,2014,2421538498
Comoros,COM,2015,2449322174
Comoros,COM,2016,2530650607
Comoros,COM,2017,2627214234
Comoros,COM,2018,2722909229
Comoros,COM,2019,2770853676
Comoros,COM,2020,2765435082
Comoros,COM,2021,2821917777
Comoros,COM,2022,2891162327
Comoros,COM,2023,2983292487
Comoros,COM,2024,3081762469
Comoros,COM,2025,3197465480
Congo,COG,1990,20709745611
Congo,COG,1991,21205820117
Congo,COG,1992,21759705123
Congo,COG,1993,21546528945
Congo,COG,1994,20362961790
Congo,COG,1995,21174491870
Congo,COG,1996,22082979539
Congo,COG,1997,21945002399
Congo,COG,1998,22765208444
Congo,COG,1999,22177365378
Congo,COG,2000,23857518231
Congo,COG,2001,24764724673
Congo,COG,2002,25899412178
Congo,COG,2003,26110042793
Congo,COG,2004,27017792797
Congo,COG,2005,29113227688
Congo,COG,2006,31438279446
Congo,COG,2007,29358953277
Congo,COG,2008,31210439248
Congo,COG,2009,34842488218
Congo,COG,2010,38302788206
Congo,COG,2011,39147716827
Congo,COG,2012,43041800172
Congo,COG,2013,42735155559
Congo,COG,2014,45575361950
Congo,COG,2015,45764587690
Congo,COG,2016,41789821841
Congo,COG,2017,39451775871
Congo,COG,2018,38542681577
Congo,COG,2019,38976083979
Congo,COG,2020,36533151792
Congo,COG,2021,36903988991
Congo,COG,2022,37448454255
Congo,COG,2023,38162545447
Congo,COG,2024,38963954772
Congo,COG,2025,40165185163
Costa Rica,CRI,1990,34275670432
Costa Rica,CRI,1991,35052238860
Costa Rica,CRI,1992,38277431665
Costa Rica,CRI,1993,40994054061
Costa Rica,CRI,1994,42846587015
Costa Rica,CRI,1995,44626414228
Costa Rica,CRI,1996,45229075884
Costa Rica,CRI,1997,47705895149
Costa Rica,CRI,1998,51087545317
Costa Rica,CRI,1999,53206554755
Costa Rica,CRI,2000,55229506332
Costa Rica,CRI,2001,57157662363
Costa Rica,CRI,2002,59110668901
Costa Rica,CRI,2003,61662582878
Costa Rica,CRI,2004,64390905388
Costa Rica,CRI,2005,66951516832
Costa Rica,CRI,2006,71856850360
Costa Rica,CRI,2007,77759985535
Costa Rica,CRI,2008,81444389817
Costa Rica,CRI,2009,80733008834
Costa Rica,CRI,2010,85060575407
Costa Rica,CRI,2011,88805927974
Costa Rica,CRI,2012,93141959579
Costa Rica,CRI,2013,95465633483
Costa Rica,CRI,2014,98847131212
Costa Rica,CRI,2015,102457108440
Costa Rica,CRI,2016,106764736429
Costa Rica,CRI,2017,111203692964
Costa Rica,CRI,2018,114376178192
Costa Rica,CRI,2019,117473644228
Costa Rica,CRI,2020,112608363525
Costa Rica,CRI,2021,121862721017
Costa Rica,CRI,2022,128517881298
Costa Rica,CRI,2023,134676300509
Costa Rica,CRI,2024,140175032100
Costa Rica,CRI,2025,146567483821
Cote d'Ivoire,CIV,1990,64063969515
Cote d'Ivoire,CIV,1991,64090187805
Cote d'Ivoire,CIV,1992,63933448450
Cote d'Ivoire,CIV,1993,63810386089
Cote d'Ivoire,CIV,1994,64328020203
Cote d'Ivoire,CIV,1995,68911870712
Cote d'Ivoire,CIV,1996,74238294830
Cote d'Ivoire,CIV,1997,81401429152
Cote d'Ivoire,CIV,1998,84872309528
Cote d'Ivoire,CIV,1999,85862650544
Cote d'Ivoire,CIV,2000,85634436667
Cote d'Ivoire,CIV,2001,83789860205
Cote d'Ivoire,CIV,2002,81501955889
Cote d'Ivoire,CIV,2003,77650282188
Cote d'Ivoire,CIV,2004,80123473358
Cote d'Ivoire,CIV,2005,80921555686
Cote d'Ivoire,CIV,2006,83199965685
Cote d'Ivoire,CIV,2007,84116354874
Cote d'Ivoire,CIV,2008,88139359161
Cote d'Ivoire,CIV,2009,91315303698
Cote d'Ivoire,CIV,2010,97568620804
Cote d'Ivoire,CIV,2011,92328749501
Cote d'Ivoire,CIV,2012,99364580390
Cote d'Ivoire,CIV,2013,110056421017
Cote d'Ivoire,CIV,2014,120370908731
Cote d'Ivoire,CIV,2015,129031534740
Cote d'Ivoire,CIV,2016,138286656586
Cote d'Ivoire,CIV,2017,148534752172
Cote d'Ivoire,CIV,2018,155728507168
Cote d'Ivoire,CIV,2019,166195598940
Cote d'Ivoire,CIV,2020,167358517067
Cote d'Ivoire,CIV,2021,179178274483
Cote d'Ivoire,CIV,2022,190645475535
Cote d'Ivoire,CIV,2023,203228077783
Cote d'Ivoire,CIV,2024,215461462281
Cote d'Ivoire,CIV,2025,229466457329
Croatia,HRV,1990,111788689995
Croatia,HRV,1991,88213941328
Croatia,HRV,1992,77881186109
Croatia,HRV,1993,71630767746
Croatia,HRV,1994,75835833807
Croatia,HRV,1995,80954541515
Croatia,HRV,1996,85902022669
Croatia,HRV,1997,91198160064
Croatia,HRV,1998,93253267621
Croatia,HRV,1999,92460197441
Croatia,HRV,2000,95185608896
Croatia,HRV,2001,98146731612
Croatia,HRV,2002,103840631759
Croatia,HRV,2003,109622923630
Croatia,HRV,2004,114194739963
Croatia,HRV,2005,119137310466
Croatia,HRV,2006,125177411528
Croatia,HRV,2007,131497419713
Croatia,HRV,2008,134090243584
Croatia,HRV,2009,124956432221
Croatia,HRV,2010,123286810789
Croatia,HRV,2011,123149312554
Croatia,HRV,2012,120394437191
Croatia,HRV,2013,120234841025
Croatia,HRV,2014,119562081801
Croatia,HRV,2015,122336599769
Croatia,HRV,2016,126576947140
Croatia,HRV,2017,130733813441
Croatia,HRV,2018,134539568175
Croatia,HRV,2019,138713621755
Croatia,HRV,2020,127185867898
Croatia,HRV,2021,143251063528
Croatia,HRV,2022,153700929431
Croatia,HRV,2023,159483221302
Croatia,HRV,2024,165584705505
Croatia,HRV,2025,171219677838
Curacao,CUW,2000,4592351760
Curacao,CUW,2001,4560400303
Curacao,CUW,2002,4578508066
Curacao,CUW,2003,4591702717
Curacao,CUW,2004,4601274630
Curacao,CUW,2005,4632398817
Curacao,CUW,2006,4708181837
Curacao,CUW,2007,4824472197
Curacao,CUW,2008,4930033727
Curacao,CUW,2009,4903840051
Curacao,CUW,2010,4907876236
Curacao,CUW,2011,4932830700
Curacao,CUW,2012,4915617546
Curacao,CUW,2013,4884369117
Curacao,CUW,2014,4853236277
Curacao,CUW,2015,4875471454
Curacao,CUW,2016,4823415632
Curacao,CUW,2017,4761858810
Curacao,CUW,2018,4661664000
Curacao,CUW,2019,4512204884
Curacao,CUW,2020,3680223358
Curacao,CUW,2021,3834193237
Curacao,CUW,2022,4098982644
Curacao,CUW,2023,4271221865
Curacao,CUW,2024,4485931924
Cyprus,CYP,1990,16043768440
Cyprus,CYP,1991,16162412338
Cyprus,CYP,1992,17681678824
Cyprus,CYP,1993,17805450711
Cyprus,CYP,1994,18855972176
Cyprus,CYP,1995,20432796976
Cyprus,CYP,1996,20687908921
Cyprus,CYP,1997,21234262252
Cyprus,CYP,1998,22531863163
Cyprus,CYP,1999,23657995476
Cyprus,CYP,2000,25069266934
Cyprus,CYP,2001,26060145398
Cyprus,CYP,2002,27030358073
Cyprus,CYP,2003,27739445355
Cyprus,CYP,2004,29133705404
Cyprus,CYP,2005,30547560521
Cyprus,CYP,2006,31987506415
Cyprus,CYP,2007,33618301831
Cyprus,CYP,2008,34844357675
Cyprus,CYP,2009,34142215283
Cyprus,CYP,2010,34921569730
Cyprus,CYP,2011,35067092056
Cyprus,CYP,2012,33858195607
Cyprus,CYP,2013,31627794585
Cyprus,CYP,2014,31066066395
Cyprus,CYP,2015,32128190473
Cyprus,CYP,2016,34240166249
Cyprus,CYP,2017,36209260812
Cyprus,CYP,2018,38480183843
Cyprus,CYP,2019,40741123921
Cyprus,CYP,2020,39429002986
Cyprus,CYP,2021,43922946896
Cyprus,CYP,2022,47761174188
Cyprus,CYP,2023,49490345378
Cyprus,CYP,2024,51440645737
Cyprus,CYP,2025,53381631692
Czechia,CZE,1990,288488025923
Czechia,CZE,1991,254980307983
Czechia,CZE,1992,253688724756
Czechia,CZE,1993,253845768839
Czechia,CZE,1994,261230927867
Czechia,CZE,1995,277483164458
Czechia,CZE,1996,289050284001
Czechia,CZE,1997,287328011372
Czechia,CZE,1998,286198380739
Czechia,CZE,1999,290143226484
Czechia,CZE,2000,301779912723
Czechia,CZE,2001,310583495272
Czechia,CZE,2002,315284050659
Czechia,CZE,2003,325691062731
Czechia,CZE,2004,341116897824
Czechia,CZE,2005,362863198510
Czechia,CZE,2006,386896255871
Czechia,CZE,2007,408132317969
Czechia,CZE,2008,418793828203
Czechia,CZE,2009,398698742735
Czechia,CZE,2010,409522078354
Czechia,CZE,2011,416780369262
Czechia,CZE,2012,413568375531
Czechia,CZE,2013,413395452601
Czechia,CZE,2014,422677057731
Czechia,CZE,2015,443636592213
Czechia,CZE,2016,455086276548
Czechia,CZE,2017,478630462236
Czechia,CZE,2018,492177168365
Czechia,CZE,2019,509727106573
Czechia,CZE,2020,482686697512
Czechia,CZE,2021,502134232985
Czechia,CZE,2022,516430851532
Czechia,CZE,2023,516676571040
Czechia,CZE,2024,523141801614
Czechia,CZE,2025,536641301771
Democratic Republic of Congo,COD,1990,88187396107
Democratic Republic of Congo,COD,1991,80761090064
Democratic Republic of Congo,COD,1992,72281168691
Democratic Republic of Congo,COD,1993,62545581551
Democratic Republic of Congo,COD,1994,60106305870
Democratic Republic of Congo,COD,1995,60527049307
Democratic Republic of Congo,COD,1996,59907753097
Democratic Republic of Congo,COD,1997,56542706690
Democratic Republic of Congo,COD,1998,55624366032
Democratic Republic of Congo,COD,1999,53249127266
Democratic Republic of Congo,COD,2000,49569118784
Democratic Republic of Congo,COD,2001,48528081523
Democratic Republic of Congo,COD,2002,49958575414
Democratic Republic of Congo,COD,2003,52745175980
Democratic Republic of Congo,COD,2004,56299343169
Democratic Republic of Congo,COD,2005,59753392972
Democratic Republic of Congo,COD,2006,62806160556
Democratic Republic of Congo,COD,2007,68197016170
Democratic Republic of Congo,COD,2008,73266329348
Democratic Republic of Congo,COD,2009,73663117953
Democratic Republic of Congo,COD,2010,80011904286
Democratic Republic of Congo,COD,2011,79689325027
Democratic Republic of Congo,COD,2012,86597268761
Democratic Republic of Congo,COD,2013,101765570558
Democratic Republic of Congo,COD,2014,109196774929
Democratic Republic of Congo,COD,2015,116141403240
Democratic Republic of Congo,COD,2016,116598806178
Democratic Republic of Congo,COD,2017,121544006957
Democratic Republic of Congo,COD,2018,128923780701
Democratic Republic of Congo,COD,2019,129639803131
Democratic Republic of Congo,COD,2020,130645066453
Democratic Republic of Congo,COD,2021,139045034784
Democratic Republic of Congo,COD,2022,151991753572
Democratic Republic of Congo,COD,2023,164961954408
Democratic Republic of Congo,COD,2024,175028806248
Democratic Republic of Congo,COD,2025,185109143524
Denmark,DNK,1990,236194723266
Denmark,DNK,1991,239638867608
Denmark,DNK,1992,244486309561
Denmark,DNK,1993,244293408853
Denmark,DNK,1994,257228002570
Denmark,DNK,1995,265042644604
Denmark,DNK,1996,272717618820
Denmark,DNK,1997,281358625950
Denmark,DNK,1998,287903879390
Denmark,DNK,1999,296446866642
Denmark,DNK,2000,307486574621
Denmark,DNK,2001,310407796232
Denmark,DNK,2002,311824901002
Denmark,DNK,2003,313200332597
Denmark,DNK,2004,321895875692
Denmark,DNK,2005,329491359198
Denmark,DNK,2006,342066356391
Denmark,DNK,2007,345443145895
Denmark,DNK,2008,344002031568
Denmark,DNK,2009,326889722553
Denmark,DNK,2010,332064050266
Denmark,DNK,2011,336416758326
Denmark,DNK,2012,336398483153
Denmark,DNK,2013,341083415452
Denmark,DNK,2014,345442460928
Denmark,DNK,2015,352712002388
Denmark,DNK,2016,363551002677
Denmark,DNK,2017,374662856327
Denmark,DNK,2018,381631613517
Denmark,DNK,2019,388162860536
Denmark,DNK,2020,381253150095
Denmark,DNK,2021,406035574978
Denmark,DNK,2022,407837693288
Denmark,DNK,2023,410303430088
Denmark,DNK,2024,424573110207
Denmark,DNK,2025,437006448427
Djibouti,DJI,2013,4401251430
Djibouti,DJI,2014,4717832886
Djibouti,DJI,2015,5062658614
Djibouti,DJI,2016,5423293675
Djibouti,DJI,2017,5719302007
Djibouti,DJI,2018,5992360893
Djibouti,DJI,2019,6324642147
Djibouti,DJI,2020,6400671630
Djibouti,DJI,2021,6682759257
Djibouti,DJI,2022,7028026489
Djibouti,DJI,2023,7506447816
Djibouti,DJI,2024,8030434256
Djibouti,DJI,2025,8552047985
Dominica,DMA,1990,787589429
Dominica,DMA,1991,798204316
Dominica,DMA,1992,814403182
Dominica,DMA,1993,832005866
Dominica,DMA,1994,832292721
Dominica,DMA,1995,857518397
Dominica,DMA,1996,884137447
Dominica,DMA,1997,903461397
Dominica,DMA,1998,937560112
Dominica,DMA,1999,940879803
Dominica,DMA,2000,962898455
Dominica,DMA,2001,962283707
Dominica,DMA,2002,932573962
Dominica,DMA,2003,986709458
Dominica,DMA,2004,1027143200
Dominica,DMA,2005,1036544503
Dominica,DMA,2006,1082160492
Dominica,DMA,2007,1140141975
Dominica,DMA,2008,1221335045
Dominica,DMA,2009,1207463714
Dominica,DMA,2010,1206188501
Dominica,DMA,2011,1206704013
Dominica,DMA,2012,1204804760
Dominica,DMA,2013,1204859024
Dominica,DMA,2014,1232995102
Dominica,DMA,2015,1191401460
Dominica,DMA,2016,1208643964
Dominica,DMA,2017,1117459467
Dominica,DMA,2018,1150581084
Dominica,DMA,2019,1196007148
Dominica,DMA,2020,1008157452
Dominica,DMA,2021,1062394694
Dominica,DMA,2022,1172849827
Dominica,DMA,2023,1215684767
Dominica,DMA,2024,1240639596
Dominica,DMA,2025,1278509346
Dominican Republic,DOM,1990,52401790043
Dominican Republic,DOM,1991,52896535722
Dominican Republic,DOM,1992,58840764950
Dominican Republic,DOM,1993,63175384798
Dominican Republic,DOM,1994,64814017227
Dominican Republic,DOM,1995,68508408815
Dominican Republic,DOM,1996,72592327418
Dominican Republic,DOM,1997,79052719563
Dominican Republic,DOM,1998,84353880870
Dominican Republic,DOM,1999,89378428430
Dominican Republic,DOM,2000,93536067579
Dominican Republic,DOM,2001,95845819394
Dominican Republic,DOM,2002,100145945599
Dominican Republic,DOM,2003,98794618823
Dominican Republic,DOM,2004,101349019564
Dominican Republic,DOM,2005,110908045567
Dominican Republic,DOM,2006,121079651461
Dominican Republic,DOM,2007,130061831321
Dominican Republic,DOM,2008,134312364749
Dominican Republic,DOM,2009,135660126109
Dominican Republic,DOM,2010,147057130569
Dominican Republic,DOM,2011,151751138699
Dominican Republic,DOM,2012,155963251061
Dominican Republic,DOM,2013,163659621091
Dominican Republic,DOM,2014,175297827103
Dominican Republic,DOM,2015,187547133198
Dominican Republic,DOM,2016,200149814402
Dominican Republic,DOM,2017,208023431421
Dominican Republic,DOM,2018,222787928586
Dominican Republic,DOM,2019,233691236904
Dominican Republic,DOM,2020,215161736410
Dominican Republic,DOM,2021,245311121758
Dominican Republic,DOM,2022,258160411677
Dominican Republic,DOM,2023,263820058464
Dominican Republic,DOM,2024,276888443219
Dominican Republic,DOM,2025,282751254571
East Asia and Pacific (WB),WB_EAP,1990,10571588888008
East Asia and Pacific (WB),WB_EAP,1991,11150991762841
East Asia and Pacific (WB),WB_EAP,1992,11737656115004
East Asia and Pacific (WB),WB_EAP,1993,12352593378327
East Asia and Pacific (WB),WB_EAP,1994,13108667096860
East Asia and Pacific (WB),WB_EAP,1995,13941926212531
East Asia and Pacific (WB),WB_EAP,1996,14811792248368
East Asia and Pacific (WB),WB_EAP,1997,15500197144643
East Asia and Pacific (WB),WB_EAP,1998,15464986557174
East Asia and Pacific (WB),WB_EAP,1999,16113853546592
East Asia and Pacific (WB),WB_EAP,2000,17068768330959
East Asia and Pacific (WB),WB_EAP,2001,17700275837848
East Asia and Pacific (WB),WB_EAP,2002,18597522734134
East Asia and Pacific (WB),WB_EAP,2003,19632626402637
East Asia and Pacific (WB),WB_EAP,2004,20895436213789
East Asia and Pacific (WB),WB_EAP,2005,22265965294712
East Asia and Pacific (WB),WB_EAP,2006,23868289898737
East Asia and Pacific (WB),WB_EAP,2007,25835305024512
East Asia and Pacific (WB),WB_EAP,2008,27143069535025
East Asia and Pacific (WB),WB_EAP,2009,28057607992014
East Asia and Pacific (WB),WB_EAP,2010,30332003625791
East Asia and Pacific (WB),WB_EAP,2011,32125372901219
East Asia and Pacific (WB),WB_EAP,2012,33957031828330
East Asia and Pacific (WB),WB_EAP,2013,35859173053706
East Asia and Pacific (WB),WB_EAP,2014,37756244721950
East Asia and Pacific (WB),WB_EAP,2015,39671221736332
East Asia and Pacific (WB),WB_EAP,2016,41650526863868
East Asia and Pacific (WB),WB_EAP,2017,43891525270263
East Asia and Pacific (WB),WB_EAP,2018,46163720291347
East Asia and Pacific (WB),WB_EAP,2019,48216974640703
East Asia and Pacific (WB),WB_EAP,2020,48180338235499
East Asia and Pacific (WB),WB_EAP,2021,51299181302194
East Asia and Pacific (WB),WB_EAP,2022,53006893541536
East Asia and Pacific (WB),WB_EAP,2023,55275789382119
East Asia and Pacific (WB),WB_EAP,2024,57544550010265
East Asia and Pacific (WB),WB_EAP,2025,60034147939060
East Timor,TLS,1990,1630021479
East Timor,TLS,1991,1804666553
East Timor,TLS,1992,1993426005
East Timor,TLS,1993,2196850455
East Timor,TLS,1994,2353328561
East Timor,TLS,1995,2510560672
East Timor,TLS,1996,2710958269
East Timor,TLS,1997,2819396437
East Timor,TLS,1998,2763008617
East Timor,TLS,1999,1783454887
East Timor,TLS,2000,2819251528
East Timor,TLS,2001,3280134142
East Timor,TLS,2002,3060342344
East Timor,TLS,2003,2993557591
East Timor,TLS,2004,3005531940
East Timor,TLS,2005,3095234434
East Timor,TLS,2006,2967831716
East Timor,TLS,2007,3272491170
East Timor,TLS,2008,3645385152
East Timor,TLS,2009,4015280722
East Timor,TLS,2010,4389966438
East Timor,TLS,2011,4651545049
East Timor,TLS,2012,4877639065
East Timor,TLS,2013,5029058874
East Timor,TLS,2014,5253983455
East Timor,TLS,2015,5384284368
East Timor,TLS,2016,5546347592
East Timor,TLS,2017,5369839782
East Timor,TLS,2018,5344789363
East Timor,TLS,2019,6638917012
East Timor,TLS,2020,8745162673
East Timor,TLS,2021,9214760522
East Timor,TLS,2022,7323663116
East Timor,TLS,2023,5995450537
East Timor,TLS,2024,5449822996
East Timor,TLS,2025,5829969371
Ecuador,ECU,1990,95360865487
Ecuador,ECU,1991,99453126801
Ecuador,ECU,1992,101555874853
Ecuador,ECU,1993,103559793795
Ecuador,ECU,1994,107969629156
Ecuador,ECU,1995,110401697583
Ecuador,ECU,1996,112313576360
Ecuador,ECU,1997,117174356049
Ecuador,ECU,1998,121001890775
Ecuador,ECU,1999,115267144281
Ecuador,ECU,2000,116525632861
Ecuador,ECU,2001,121427017763
Ecuador,ECU,2002,127411057156
Ecuador,ECU,2003,131086229565
Ecuador,ECU,2004,140042561662
Ecuador,ECU,2005,147602930821
Ecuador,ECU,2006,154010568863
Ecuador,ECU,2007,156940509968
Ecuador,ECU,2008,167243529966
Ecuador,ECU,2009,169068178569
Ecuador,ECU,2010,175880168594
Ecuador,ECU,2011,190797403873
Ecuador,ECU,2012,201831622871
Ecuador,ECU,2013,216386178602
Ecuador,ECU,2014,225530799602
Ecuador,ECU,2015,225800742173
Ecuador,ECU,2016,224247336380
Ecuador,ECU,2017,237635796682
Ecuador,ECU,2018,240117414491
Ecuador,ECU,2019,240514579415
Ecuador,ECU,2020,218278775193
Ecuador,ECU,2021,238844767157
Ecuador,ECU,2022,252861189718
Ecuador,ECU,2023,257495732292
Ecuador,ECU,2024,252489782930
Ecuador,ECU,2025,261897422394
Egypt,EGY,1990,467559613550
Egypt,EGY,1991,472821550926
Egypt,EGY,1992,493970193091
Egypt,EGY,1993,508299235005
Egypt,EGY,1994,528494838803
Egypt,EGY,1995,553029993809
Egypt,EGY,1996,580619170145
Egypt,EGY,1997,612508834675
Egypt,EGY,1998,646659249201
Egypt,EGY,1999,685804370996
Egypt,EGY,2000,729490135695
Egypt,EGY,2001,755279450116
Egypt,EGY,2002,773332169946
Egypt,EGY,2003,798028182765
Egypt,EGY,2004,830684067473
Egypt,EGY,2005,867830136332
Egypt,EGY,2006,927223026659
Egypt,EGY,2007,992942994650
Egypt,EGY,2008,1064000811007
Egypt,EGY,2009,1113727950782
Egypt,EGY,2010,1171054144082
Egypt,EGY,2011,1191718237005
Egypt,EGY,2012,1218248265992
Egypt,EGY,2013,1244872668294
Egypt,EGY,2014,1281172058327
Egypt,EGY,2015,1337185145136
Egypt,EGY,2016,1395307815742
Egypt,EGY,2017,1453648719144
Egypt,EGY,2018,1531144311298
Egypt,EGY,2019,1616154868510
Egypt,EGY,2020,1673531030393
Egypt,EGY,2021,1728601012503
Egypt,EGY,2022,1842478578397
Egypt,EGY,2023,1911760941518
Egypt,EGY,2024,1957627322501
Egypt,EGY,2025,2043606523691
El Salvador,SLV,1990,32268857747
El Salvador,SLV,1991,32750982739
El Salvador,SLV,1992,35050744732
El Salvador,SLV,1993,37090107666
El Salvador,SLV,1994,38830398412
El Salvador,SLV,1995,40668661082
El Salvador,SLV,1996,40998671772
El Salvador,SLV,1997,42285197819
El Salvador,SLV,1998,43406718523
El Salvador,SLV,1999,44345186421
El Salvador,SLV,2000,44845358873
El Salvador,SLV,2001,45239824775
El Salvador,SLV,2002,45951410325
El Salvador,SLV,2003,46670730500
El Salvador,SLV,2004,47085822070
El Salvador,SLV,2005,48348112958
El Salvador,SLV,2006,50444969942
El Salvador,SLV,2007,51376992319
El Salvador,SLV,2008,52483859774
El Salvador,SLV,2009,51377096737
El Salvador,SLV,2010,52483859774
El Salvador,SLV,2011,54481857931
El Salvador,SLV,2012,56019675775
El Salvador,SLV,2013,57272065311
El Salvador,SLV,2014,58250676689
El Salvador,SLV,2015,59648692981
El Salvador,SLV,2016,61163210524
El Salvador,SLV,2017,62537926514
El Salvador,SLV,2018,64046619110
El Salvador,SLV,2019,65607737256
El Salvador,SLV,2020,60429252054
El Salvador,SLV,2021,67623210509
El Salvador,SLV,2022,69621208666
El Salvador,SLV,2023,71957060938
El Salvador,SLV,2024,73821082489
El Salvador,SLV,2025,76704491075
Equatorial Guinea,GNQ,1990,532523229
Equatorial Guinea,GNQ,1991,527079569
Equatorial Guinea,GNQ,1992,710215053
Equatorial Guinea,GNQ,1993,788574593
Equatorial Guinea,GNQ,1994,920020795
Equatorial Guinea,GNQ,1995,1080898057
Equatorial Guinea,GNQ,1996,1800559954
Equatorial Guinea,GNQ,1997,4500913077
Equatorial Guinea,GNQ,1998,5570981862
Equatorial Guinea,GNQ,1999,7000719507
Equatorial Guinea,GNQ,2000,8275815154
Equatorial Guinea,GNQ,2001,13521016489
Equatorial Guinea,GNQ,2002,16152589488
Equatorial Guinea,GNQ,2003,18406723783
Equatorial Guinea,GNQ,2004,25401044477
Equatorial Guinea,GNQ,2005,29655389367
Equatorial Guinea,GNQ,2006,31940312684
Equatorial Guinea,GNQ,2007,36821467655
Equatorial Guinea,GNQ,2008,43375360867
Equatorial Guinea,GNQ,2009,43958046505
Equatorial Guinea,GNQ,2010,40035153118
Equatorial Guinea,GNQ,2011,42647015932
Equatorial Guinea,GNQ,2012,46192207712
Equatorial Guinea,GNQ,2013,44282992075
Equatorial Guinea,GNQ,2014,44466795853
Equatorial Guinea,GNQ,2015,40415852453
Equatorial Guinea,GNQ,2016,36852622273
Equatorial Guinea,GNQ,2017,34763996771
Equatorial Guinea,GNQ,2018,32595924793
Equatorial Guinea,GNQ,2019,30809073115
Equatorial Guinea,GNQ,2020,29332985518
Equatorial Guinea,GNQ,2021,29585328380
Equatorial Guinea,GNQ,2022,30539013900
Equatorial Guinea,GNQ,2023,28271475225
Equatorial Guinea,GNQ,2024,28383494025
Equatorial Guinea,GNQ,2025,26723972138
Estonia,EST,1990,30067641545
Estonia,EST,1991,27662276695
Estonia,EST,1992,21806544675
Estonia,EST,1993,20554742148
Estonia,EST,1994,20217145060
Estonia,EST,1995,21132311207
Estonia,EST,1996,22176883941
Estonia,EST,1997,25070971888
Estonia,EST,1998,26159008848
Estonia,EST,1999,26047826423
Estonia,EST,2000,28675437011
Estonia,EST,2001,30361766596
Estonia,EST,2002,32466748125
Estonia,EST,2003,34933020301
Estonia,EST,2004,37308710599
Estonia,EST,2005,40861639206
Estonia,EST,2006,44850785873
Estonia,EST,2007,48246402449
Estonia,EST,2008,45773624015
Estonia,EST,2009,39076840956
Estonia,EST,2010,40034125948
Estonia,EST,2011,43079511736
Estonia,EST,2012,44661399473
Estonia,EST,2013,45445874184
Estonia,EST,2014,46955945093
Estonia,EST,2015,47819067033
Estonia,EST,2016,49298119961
Estonia,EST,2017,52075907564
Estonia,EST,2018,54002558646
Estonia,EST,2019,56015044693
Estonia,EST,2020,54399678625
Estonia,EST,2021,58890307058
Estonia,EST,2022,58168211977
Estonia,EST,2023,56571948767
Estonia,EST,2024,56521009764
Estonia,EST,2025,56851266808
Eswatini,SWZ,1990,4752760042
Eswatini,SWZ,1991,4836426528
Eswatini,SWZ,1992,4992459630
Eswatini,SWZ,1993,5147531116
Eswatini,SWZ,1994,5271107467
Eswatini,SWZ,1995,5525472721
Eswatini,SWZ,1996,5737764357
Eswatini,SWZ,1997,5915796007
Eswatini,SWZ,1998,6069845676
Eswatini,SWZ,1999,6248959257
Eswatini,SWZ,2000,6358951768
Eswatini,SWZ,2001,6448753771
Eswatini,SWZ,2002,6712420609
Eswatini,SWZ,2003,7017074240
Eswatini,SWZ,2004,7270890188
Eswatini,SWZ,2005,7706582497
Eswatini,SWZ,2006,8225143749
Eswatini,SWZ,2007,8580282545
Eswatini,SWZ,2008,8703886113
Eswatini,SWZ,2009,8828622492
Eswatini,SWZ,2010,9166267410
Eswatini,SWZ,2011,9334902555
Eswatini,SWZ,2012,9716745055
Eswatini,SWZ,2013,10114605462
Eswatini,SWZ,2014,10322701513
Eswatini,SWZ,2015,10498626985
Eswatini,SWZ,2016,10808249155
Eswatini,SWZ,2017,11188802578
Eswatini,SWZ,2018,11196119568
Eswatini,SWZ,2019,11916239300
Eswatini,SWZ,2020,11564491633
Eswatini,SWZ,2021,12054388840
Eswatini,SWZ,2022,12100927320
Eswatini,SWZ,2023,12528401850
Eswatini,SWZ,2024,12908215966
Eswatini,SWZ,2025,13449575902
Ethiopia,ETH,1990,41627443416
Ethiopia,ETH,1991,38656293086
Ethiopia,ETH,1992,35303833755
Ethiopia,ETH,1993,39943757998
Ethiopia,ETH,1994,41217949732
Ethiopia,ETH,1995,43743584307
Ethiopia,ETH,1996,49179238111
Ethiopia,ETH,1997,50720469624
Ethiopia,ETH,1998,48966485215
Ethiopia,ETH,1999,51494206586
Ethiopia,ETH,2000,54621561742
Ethiopia,ETH,2001,59155864900
Ethiopia,ETH,2002,60051913993
Ethiopia,ETH,2003,58753976111
Ethiopia,ETH,2004,66728420118
Ethiopia,ETH,2005,74614895913
Ethiopia,ETH,2006,82699216238
Ethiopia,ETH,2007,92173376559
Ethiopia,ETH,2008,102117521279
Ethiopia,ETH,2009,111106470415
Ethiopia,ETH,2010,125050930577
Ethiopia,ETH,2011,139029494035
Ethiopia,ETH,2012,151052502797
Ethiopia,ETH,2013,167037286560
Ethiopia,ETH,2014,184171124475
Ethiopia,ETH,2015,203311040468
Ethiopia,ETH,2016,222490352216
Ethiopia,ETH,2017,243769751472
Ethiopia,ETH,2018,260385457989
Ethiopia,ETH,2019,282164320927
Ethiopia,ETH,2020,299262155121
Ethiopia,ETH,2021,316145121455
Ethiopia,ETH,2022,332969605707
Ethiopia,ETH,2023,354926440581
Ethiopia,ETH,2024,381946190059
Ethiopia,ETH,2025,419268131612
Europe and Central Asia (WB),WB_ECA,1990,23885495560335
Europe and Central Asia (WB),WB_ECA,1991,23579131010142
Europe and Central Asia (WB),WB_ECA,1992,22897075030905
Europe and Central Asia (WB),WB_ECA,1993,22424374932280
Europe and Central Asia (WB),WB_ECA,1994,22226090967853
Europe and Central Asia (WB),WB_ECA,1995,22580114786906
Europe and Central Asia (WB),WB_ECA,1996,22877982681513
Europe and Central Asia (WB),WB_ECA,1997,23521235970081
Europe and Central Asia (WB),WB_ECA,1998,23970410743612
Europe and Central Asia (WB),WB_ECA,1999,24670839565562
Europe and Central Asia (WB),WB_ECA,2000,25870219704224
Europe and Central Asia (WB),WB_ECA,2001,26534021536764
Europe and Central Asia (WB),WB_ECA,2002,27093326165413
Europe and Central Asia (WB),WB_ECA,2003,27790741060438
Europe and Central Asia (WB),WB_ECA,2004,28894804201214
Europe and Central Asia (WB),WB_ECA,2005,29854314904160
Europe and Central Asia (WB),WB_ECA,2006,31242776637053
Europe and Central Asia (WB),WB_ECA,2007,32639593265725
Europe and Central Asia (WB),WB_ECA,2008,33194704048603
Europe and Central Asia (WB),WB_ECA,2009,31597928313580
Europe and Central Asia (WB),WB_ECA,2010,32511408814745
Europe and Central Asia (WB),WB_ECA,2011,33424848180442
Europe and Central Asia (WB),WB_ECA,2012,33668515451063
Europe and Central Asia (WB),WB_ECA,2013,34039934965266
Europe and Central Asia (WB),WB_ECA,2014,34613330947013
Europe and Central Asia (WB),WB_ECA,2015,35170193656566
Europe and Central Asia (WB),WB_ECA,2016,35805797319247
Europe and Central Asia (WB),WB_ECA,2017,36909491732561
Europe and Central Asia (WB),WB_ECA,2018,37818282215910
Europe and Central Asia (WB),WB_ECA,2019,38592948688846
Europe and Central Asia (WB),WB_ECA,2020,36745404887992
Europe and Central Asia (WB),WB_ECA,2021,39225012376367
Europe and Central Asia (WB),WB_ECA,2022,40240280419639
Europe and Central Asia (WB),WB_ECA,2023,40895643268777
Europe and Central Asia (WB),WB_ECA,2024,41768165337995
Europe and Central Asia (WB),WB_ECA,2025,42530544701347
European Union (27),OWID_EU27,1990,14055046900286
European Union (27),OWID_EU27,1991,14163697291310
European Union (27),OWID_EU27,1992,14246781423743
European Union (27),OWID_EU27,1993,14165170093636
European Union (27),OWID_EU27,1994,14548276355073
European Union (27),OWID_EU27,1995,14965907122544
European Union (27),OWID_EU27,1996,15272122048685
European Union (27),OWID_EU27,1997,15664417730526
European Union (27),OWID_EU27,1998,16123564133041
European Union (27),OWID_EU27,1999,16590357951914
European Union (27),OWID_EU27,2000,17242731410766
European Union (27),OWID_EU27,2001,17630418686267
European Union (27),OWID_EU27,2002,17850581067931
European Union (27),OWID_EU27,2003,18048815545511
European Union (27),OWID_EU27,2004,18551610186280
European Union (27),OWID_EU27,2005,18946844284538
European Union (27),OWID_EU27,2006,19653724210861
European Union (27),OWID_EU27,2007,20305277396115
European Union (27),OWID_EU27,2008,20481942205927
European Union (27),OWID_EU27,2009,19611106610197
European Union (27),OWID_EU27,2010,20004956152631
European Union (27),OWID_EU27,2011,20396009895487
European Union (27),OWID_EU27,2012,20241900939245
European Union (27),OWID_EU27,2013,20229842702373
European Union (27),OWID_EU27,2014,20576138491054
European Union (27),OWID_EU27,2015,21076145421659
European Union (27),OWID_EU27,2016,21494116675137
European Union (27),OWID_EU27,2017,22134351131538
European Union (27),OWID_EU27,2018,22631771734000
European Union (27),OWID_EU27,2019,23088322198062
European Union (27),OWID_EU27,2020,21793679288788
European Union (27),OWID_EU27,2021,23189787125039
European Union (27),OWID_EU27,2022,24049416863215
European Union (27),OWID_EU27,2023,24178427617055
European Union (27),OWID_EU27,2024,24466131679264
European Union (27),OWID_EU27,2025,24851249652329
Faroe Islands,FRO,2008,2634321707
Faroe Islands,FRO,2009,2514373183
Faroe Islands,FRO,2010,2504823141
Faroe Islands,FRO,2011,2594154231
Faroe Islands,FRO,2012,2777858834
Faroe Islands,FRO,2013,2940534244
Faroe Islands,FRO,2014,3100268242
Faroe Islands,FRO,2015,3129968872
Faroe Islands,FRO,2016,3173364261
Faroe Islands,FRO,2017,3284813248
Faroe Islands,FRO,2018,3375595945
Faroe Islands,FRO,2019,3528797714
Faroe Islands,FRO,2020,3471019962
Faroe Islands,FRO,2021,3646874430
Faroe Islands,FRO,2022,3787680245
Faroe Islands,FRO,2023,3907323167
Faroe Islands,FRO,2024,3940289911
Fiji,FJI,1990,6047885734
Fiji,FJI,1991,5884592614
Fiji,FJI,1992,6243552856
Fiji,FJI,1993,6376542592
Fiji,FJI,1994,6701746153
Fiji,FJI,1995,6869289739
Fiji,FJI,1996,7199015729
Fiji,FJI,1997,7040637413
Fiji,FJI,1998,7132165673
Fiji,FJI,1999,7759796169
Fiji,FJI,2000,7627879807
Fiji,FJI,2001,7780437424
Fiji,FJI,2002,8029411314
Fiji,FJI,2003,8109705347
Fiji,FJI,2004,8539519800
Fiji,FJI,2005,8599296404
Fiji,FJI,2006,8758596957
Fiji,FJI,2007,8684091659
Fiji,FJI,2008,8773780409
Fiji,FJI,2009,8652172521
Fiji,FJI,2010,8907815899
Fiji,FJI,2011,9148784996
Fiji,FJI,2012,9277903093
Fiji,FJI,2013,9717139472
Fiji,FJI,2014,10261640740
Fiji,FJI,2015,10723537780
Fiji,FJI,2016,10985798198
Fiji,FJI,2017,11573908003
Fiji,FJI,2018,12015145993
Fiji,FJI,2019,11945224261
Fiji,FJI,2020,9892612438
Fiji,FJI,2021,9462683261
Fiji,FJI,2022,11141848421
Fiji,FJI,2023,12193912842
Fiji,FJI,2024,12624462706
Fiji,FJI,2025,13027873450
Finland,FIN,1990,193509018830
Finland,FIN,1991,182129534851
Finland,FIN,1992,176098545485
Finland,FIN,1993,174725302504
Finland,FIN,1994,181652064937
Finland,FIN,1995,189343880214
Finland,FIN,1996,196278897419
Finland,FIN,1997,208836233781
Finland,FIN,1998,220226726284
Finland,FIN,1999,229893095486
Finland,FIN,2000,243120541202
Finland,FIN,2001,249539560604
Finland,FIN,2002,253750107597
Finland,FIN,2003,258855052077
Finland,FIN,2004,269223179327
Finland,FIN,2005,276700339415
Finland,FIN,2006,287822512283
Finland,FIN,2007,303113951801
Finland,FIN,2008,305491672319
Finland,FIN,2009,280820069654
Finland,FIN,2010,289717257976
Finland,FIN,2011,296642643533
Finland,FIN,2012,292125250313
Finland,FIN,2013,289263179392
Finland,FIN,2014,287880303466
Finland,FIN,2015,289223275925
Finland,FIN,2016,296661908125
Finland,FIN,2017,306461748706
Finland,FIN,2018,310117768713
Finland,FIN,2019,314303547500
Finland,FIN,2020,306474132809
Finland,FIN,2021,314676442275
Finland,FIN,2022,317077555419
Finland,FIN,2023,312988095703
Finland,FIN,2024,314160444473
Finland,FIN,2025,314705338515
France,FRA,1990,2252131019723
France,FRA,1991,2279982279111
France,FRA,1992,2314548203918
France,FRA,1993,2306239026543
France,FRA,1994,2361211943582
France,FRA,1995,2415632986071
France,FRA,1996,2449381308300
France,FRA,1997,2511278683611
France,FRA,1998,2597982949373
France,FRA,1999,2686296393899
France,FRA,2000,2797535926604
France,FRA,2001,2850674198675
France,FRA,2002,2881112280148
France,FRA,2003,2908996467955
France,FRA,2004,2992433774420
France,FRA,2005,3048947856501
France,FRA,2006,3131698267518
France,FRA,2007,3210945324824
France,FRA,2008,3223152421770
France,FRA,2009,3132112820496
France,FRA,2010,3194765248768
France,FRA,2011,3272640096893
France,FRA,2012,3278656363487
France,FRA,2013,3304287470958
France,FRA,2014,3337258740017
France,FRA,2015,3372859106073
France,FRA,2016,3401866742516
France,FRA,2017,3472748543479
France,FRA,2018,3529906814718
France,FRA,2019,3601473785622
France,FRA,2020,3333500874071
France,FRA,2021,3562923665911
France,FRA,2022,3659719845024
France,FRA,2023,3712391079956
France,FRA,2024,3756585907158
France,FRA,2025,3788176914672
Gabon,GAB,1990,23496300368
Gabon,GAB,1991,24932512547
Gabon,GAB,1992,24162061595
Gabon,GAB,1993,25115630646
Gabon,GAB,1994,26048112439
Gabon,GAB,1995,27343705897
Gabon,GAB,1996,28334928640
Gabon,GAB,1997,29960890946
Gabon,GAB,1998,31002880875
Gabon,GAB,1999,28233510468
Gabon,GAB,2000,27701882953
Gabon,GAB,2001,28293382817
Gabon,GAB,2002,28222922909
Gabon,GAB,2003,28857185126
Gabon,GAB,2004,29056167842
Gabon,GAB,2005,29833769975
Gabon,GAB,2006,28996461844
Gabon,GAB,2007,30738600595
Gabon,GAB,2008,29721635312
Gabon,GAB,2009,29760371852
Gabon,GAB,2010,31870348681
Gabon,GAB,2011,34130515199
Gabon,GAB,2012,35922734804
Gabon,GAB,2013,37948309693
Gabon,GAB,2014,39585765763
Gabon,GAB,2015,41121257791
Gabon,GAB,2016,41981285134
Gabon,GAB,2017,42179706332
Gabon,GAB,2018,42533137085
Gabon,GAB,2019,44200780065
Gabon,GAB,2020,43388475339
Gabon,GAB,2021,44025399637
Gabon,GAB,2022,45362721558
Gabon,GAB,2023,46469089599
Gabon,GAB,2024,48046268621
Gabon,GAB,2025,49234395003
Gambia,GMB,1990,2798934224
Gambia,GMB,1991,2885898208
Gambia,GMB,1992,2983403727
Gambia,GMB,1993,3073266872
Gambia,GMB,1994,3078010335
Gambia,GMB,1995,3105153715
Gambia,GMB,1996,3174198225
Gambia,GMB,1997,3329733910
Gambia,GMB,1998,3446274554
Gambia,GMB,1999,3666836092
Gambia,GMB,2000,3868512085
Gambia,GMB,2001,4092885796
Gambia,GMB,2002,3959867001
Gambia,GMB,2003,4231909849
Gambia,GMB,2004,4530259494
Gambia,GMB,2005,4423720051
Gambia,GMB,2006,4399142704
Gambia,GMB,2007,4533019593
Gambia,GMB,2008,4816601016
Gambia,GMB,2009,5137662361
Gambia,GMB,2010,5441212706
Gambia,GMB,2011,4998817942
Gambia,GMB,2012,5260834446
Gambia,GMB,2013,5411966056
Gambia,GMB,2014,5335798993
Gambia,GMB,2015,5552329654
Gambia,GMB,2016,5660231389
Gambia,GMB,2017,5933202344
Gambia,GMB,2018,6362463027
Gambia,GMB,2019,6758338859
Gambia,GMB,2020,6798313574
Gambia,GMB,2021,7155630814
Gambia,GMB,2022,7548689488
Gambia,GMB,2023,7995330028
Gambia,GMB,2024,8439171638
Gambia,GMB,2025,8936499794
Georgia,GEO,1990,62027887438
Georgia,GEO,1991,48940095710
Georgia,GEO,1992,26966102946
Georgia,GEO,1993,19064989882
Georgia,GEO,1994,17082568368
Georgia,GEO,1995,17526130080
Georgia,GEO,1996,19489502932
Georgia,GEO,1997,21539955383
Georgia,GEO,1998,22208019188
Georgia,GEO,1999,22844788762
Georgia,GEO,2000,23265219954
Georgia,GEO,2001,24383648564
Georgia,GEO,2002,25718415555
Georgia,GEO,2003,28562108736
Georgia,GEO,2004,30216621133
Georgia,GEO,2005,33114739064
Georgia,GEO,2006,36234637851
Georgia,GEO,2007,40791350035
Georgia,GEO,2008,41779159245
Georgia,GEO,2009,40253905629
Georgia,GEO,2010,42768329074
Georgia,GEO,2011,46161712229
Georgia,GEO,2012,49198613272
Georgia,GEO,2013,51723921667
Georgia,GEO,2014,53839683818
Georgia,GEO,2015,55643864277
Georgia,GEO,2016,57563697329
Georgia,GEO,2017,60533928053
Georgia,GEO,2018,64203516814
Georgia,GEO,2019,67658127813
Georgia,GEO,2020,63402112372
Georgia,GEO,2021,70150781357
Georgia,GEO,2022,77838277278
Georgia,GEO,2023,83934727816
Georgia,GEO,2024,92059436393
Georgia,GEO,2025,98928557146
Germany,DEU,1990,3364408668736
Germany,DEU,1991,3536271461528
Germany,DEU,1992,3607478297865
Germany,DEU,1993,3572376340589
Germany,DEU,1994,3665145799105
Germany,DEU,1995,3720306017682
Germany,DEU,1996,3758918164874
Germany,DEU,1997,3828620625801
Germany,DEU,1998,3908853671004
Germany,DEU,1999,3992095452496
Germany,DEU,2000,4106929001350
Germany,DEU,2001,4174124179614
Germany,DEU,2002,4164596502590
Germany,DEU,2003,4142532412253
Germany,DEU,2004,4190672236468
Germany,DEU,2005,4227780022781
Germany,DEU,2006,4391254849477
Germany,DEU,2007,4518123358018
Germany,DEU,2008,4558239880619
Germany,DEU,2009,4305505785322
Germany,DEU,2010,4483522854367
Germany,DEU,2011,4652012246388
Germany,DEU,2012,4673574883099
Germany,DEU,2013,4692128768990
Germany,DEU,2014,4794425904531
Germany,DEU,2015,4874157496108
Germany,DEU,2016,4982472104226
Germany,DEU,2017,5121877026080
Germany,DEU,2018,5180045980946
Germany,DEU,2019,5230693087824
Germany,DEU,2020,5014565325214
Germany,DEU,2021,5210634826523
Germany,DEU,2022,5304908660450
Germany,DEU,2023,5258774650739
Germany,DEU,2024,5232698916861
Germany,DEU,2025,5245235330174
Ghana,GHA,1990,42884426695
Ghana,GHA,1991,45149507665
Ghana,GHA,1992,46901046280
Ghana,GHA,1993,49175747284
Ghana,GHA,1994,50798546816
Ghana,GHA,1995,52887595893
Ghana,GHA,1996,55321726950
Ghana,GHA,1997,57643224355
Ghana,GHA,1998,60352681160
Ghana,GHA,1999,63008197216
Ghana,GHA,2000,65339500564
Ghana,GHA,2001,67953080670
Ghana,GHA,2002,71010969001
Ghana,GHA,2003,74703539483
Ghana,GHA,2004,78886937688
Ghana,GHA,2005,83541270024
Ghana,GHA,2006,88887838295
Ghana,GHA,2007,92751631832
Ghana,GHA,2008,101238219656
Ghana,GHA,2009,106142692099
Ghana,GHA,2010,114527659021
Ghana,GHA,2011,130615500817
Ghana,GHA,2012,142753324240
Ghana,GHA,2013,153192196788
Ghana,GHA,2014,157567733839
Ghana,GHA,2015,160909366269
Ghana,GHA,2016,166337588628
Ghana,GHA,2017,179858996355
Ghana,GHA,2018,191010393846
Ghana,GHA,2019,203440920110
Ghana,GHA,2020,204486487774
Ghana,GHA,2021,214867175690
Ghana,GHA,2022,223042548956
Ghana,GHA,2023,230046287964
Ghana,GHA,2024,243498172286
Ghana,GHA,2025,257997069211
Greece,GRC,1990,274460040199
Greece,GRC,1991,282968300639
Greece,GRC,1992,284949079698
Greece,GRC,1993,280389894360
Greece,GRC,1994,285997691819
Greece,GRC,1995,292002841216
Greece,GRC,1996,296039694569
Greece,GRC,1997,306705659183
Greece,GRC,1998,317246935774
Greece,GRC,1999,325681851692
Greece,GRC,2000,339158003267
Greece,GRC,2001,354930256549
Greece,GRC,2002,371552127678
Greece,GRC,2003,393090345917
Greece,GRC,2004,414230219339
Greece,GRC,2005,419132660309
Greece,GRC,2006,446139044189
Greece,GRC,2007,461784559445
Greece,GRC,2008,462049965613
Greece,GRC,2009,443016851961
Greece,GRC,2010,417792618868
Greece,GRC,2011,376528166256
Greece,GRC,2012,345159099383
Greece,GRC,2013,337316680813
Greece,GRC,2014,339988988093
Greece,GRC,2015,339212786800
Greece,GRC,2016,339104934882
Greece,GRC,2017,344100373528
Greece,GRC,2018,351204917864
Greece,GRC,2019,359202488307
Greece,GRC,2020,326169395938
Greece,GRC,2021,354397719330
Greece,GRC,2022,373967511088
Greece,GRC,2023,381955125490
Greece,GRC,2024,389924903122
Greece,GRC,2025,398008314728
Greenland,GRL,1990,2120448808
Greenland,GRL,1991,2118042849
Greenland,GRL,1992,2009774852
Greenland,GRL,1993,1908724726
Greenland,GRL,1994,2021804638
Greenland,GRL,1995,2097191212
Greenland,GRL,1996,2129270632
Greenland,GRL,1997,2160548050
Greenland,GRL,1998,2328162974
Greenland,GRL,1999,2360242369
Greenland,GRL,2000,2527857268
Greenland,GRL,2001,2559936663
Greenland,GRL,2002,2535075139
Greenland,GRL,2003,2647380127
Greenland,GRL,2004,2830223628
Greenland,GRL,2005,2971380799
Greenland,GRL,2006,3136461651
Greenland,GRL,2007,3210244966
Greenland,GRL,2008,3408192930
Greenland,GRL,2009,3437706257
Greenland,GRL,2010,3497378823
Greenland,GRL,2011,3480013659
Greenland,GRL,2012,3528531778
Greenland,GRL,2013,3482721532
Greenland,GRL,2014,3647876912
Greenland,GRL,2015,3555610504
Greenland,GRL,2016,3722082556
Greenland,GRL,2017,3724045142
Greenland,GRL,2018,3747248380
Greenland,GRL,2019,3853377108
Greenland,GRL,2020,3863040983
Greenland,GRL,2021,3926166709
Greenland,GRL,2022,4004868911
Greenland,GRL,2023,4039549554
Grenada,GRD,1990,888009893
Grenada,GRD,1991,900313676
Grenada,GRD,1992,892650668
Grenada,GRD,1993,875165287
Grenada,GRD,1994,889986702
Grenada,GRD,1995,908938747
Grenada,GRD,1996,949279582
Grenada,GRD,1997,996890649
Grenada,GRD,1998,1114060221
Grenada,GRD,1999,1190912133
Grenada,GRD,2000,1249123348
Grenada,GRD,2001,1223842340
Grenada,GRD,2002,1265909761
Grenada,GRD,2003,1385715124
Grenada,GRD,2004,1376743307
Grenada,GRD,2005,1559522342
Grenada,GRD,2006,1497214305
Grenada,GRD,2007,1588895489
Grenada,GRD,2008,1603950951
Grenada,GRD,2009,1497877162
Grenada,GRD,2010,1490220820
Grenada,GRD,2011,1501617634
Grenada,GRD,2012,1484276381
Grenada,GRD,2013,1519173173
Grenada,GRD,2014,1630712751
Grenada,GRD,2015,1735815827
Grenada,GRD,2016,1800728464
Grenada,GRD,2017,1880656960
Grenada,GRD,2018,1962680692
Grenada,GRD,2019,1975958458
Grenada,GRD,2020,1704133317
Grenada,GRD,2021,1784188797
Grenada,GRD,2022,1914617246
Grenada,GRD,2023,2001283831
Grenada,GRD,2024,2049307595
Grenada,GRD,2025,2139723251
Guatemala,GTM,1990,68540733673
Guatemala,GTM,1991,71048124206
Guatemala,GTM,1992,74485673200
Guatemala,GTM,1993,77410823866
Guatemala,GTM,1994,80533376391
Guatemala,GTM,1995,84518608777
Guatemala,GTM,1996,87018483189
Guatemala,GTM,1997,90816048065
Guatemala,GTM,1998,95350972675
Guatemala,GTM,1999,99019183892
Guatemala,GTM,2000,102592656244
Guatemala,GTM,2001,104985706758
Guatemala,GTM,2002,109016409439
Guatemala,GTM,2003,111807641241
Guatemala,GTM,2004,115316072039
Guatemala,GTM,2005,119093857609
Guatemala,GTM,2006,125467043670
Guatemala,GTM,2007,133418791946
Guatemala,GTM,2008,137812971880
Guatemala,GTM,2009,138470199334
Guatemala,GTM,2010,142463922798
Guatemala,GTM,2011,148395987885
Guatemala,GTM,2012,152810336052
Guatemala,GTM,2013,158456323672
Guatemala,GTM,2014,165498088245
Guatemala,GTM,2015,172270554177
Guatemala,GTM,2016,176883620577
Guatemala,GTM,2017,182331372926
Guatemala,GTM,2018,188543171754
Guatemala,GTM,2019,196118644663
Guatemala,GTM,2020,192616845898
Guatemala,GTM,2021,208106522477
Guatemala,GTM,2022,216753186092
Guatemala,GTM,2023,224392228038
Guatemala,GTM,2024,232729710967
Guatemala,GTM,2025,242690617254
Guinea,GIN,1990,13549165645
Guinea,GIN,1991,13903262657
Guinea,GIN,1992,14358031051
Guinea,GIN,1993,15082270891
Guinea,GIN,1994,15681051993
Guinea,GIN,1995,16403583623
Guinea,GIN,1996,17135441823
Guinea,GIN,1997,18023332469
Guinea,GIN,1998,18680124556
Guinea,GIN,1999,19392211658
Guinea,GIN,2000,19877610460
Guinea,GIN,2001,20604802321
Guinea,GIN,2002,21668959892
Guinea,GIN,2003,21939518798
Guinea,GIN,2004,22452929276
Guinea,GIN,2005,23125904765
Guinea,GIN,2006,23401011017
Guinea,GIN,2007,24996368183
Guinea,GIN,2008,26029472119
Guinea,GIN,2009,25737254320
Guinea,GIN,2010,26976081069
Guinea,GIN,2011,28490008891
Guinea,GIN,2012,30175274472
Guinea,GIN,2013,31365896381
Guinea,GIN,2014,32525353401
Guinea,GIN,2015,33769744334
Guinea,GIN,2016,37423842474
Guinea,GIN,2017,41278500248
Guinea,GIN,2018,43903190354
Guinea,GIN,2019,46369195006
Guinea,GIN,2020,48550675963
Guinea,GIN,2021,51260936277
Guinea,GIN,2022,53297229730
Guinea,GIN,2023,56250816533
Guinea,GIN,2024,59260261425
Guinea,GIN,2025,63673430388
Guinea-Bissau,GNB,1990,1916268816
Guinea-Bissau,GNB,1991,2013998527
Guinea-Bissau,GNB,1992,2036152510
Guinea-Bissau,GNB,1993,2078911712
Guinea-Bissau,GNB,1994,2145436888
Guinea-Bissau,GNB,1995,2239836111
Guinea-Bissau,GNB,1996,2499657100
Guinea-Bissau,GNB,1997,2662134811
Guinea-Bissau,GNB,1998,2064599297
Guinea-Bissau,GNB,1999,2411762108
Guinea-Bissau,GNB,2000,2438298200
Guinea-Bissau,GNB,2001,2554994461
Guinea-Bissau,GNB,2002,2648352324
Guinea-Bissau,GNB,2003,2640779862
Guinea-Bissau,GNB,2004,2671726938
Guinea-Bissau,GNB,2005,2846986110
Guinea-Bissau,GNB,2006,2922901135
Guinea-Bissau,GNB,2007,2997722332
Guinea-Bissau,GNB,2008,3133356531
Guinea-Bissau,GNB,2009,3210059566
Guinea-Bissau,GNB,2010,3389995061
Guinea-Bissau,GNB,2011,3664077574
Guinea-Bissau,GNB,2012,3601316704
Guinea-Bissau,GNB,2013,3718578165
Guinea-Bissau,GNB,2014,3754444809
Guinea-Bissau,GNB,2015,3984745809
Guinea-Bissau,GNB,2016,4201224228
Guinea-Bissau,GNB,2017,4397155859
Guinea-Bissau,GNB,2018,4562552836
Guinea-Bissau,GNB,2019,4805622643
Guinea-Bissau,GNB,2020,4944577212
Guinea-Bissau,GNB,2021,5192661959
Guinea-Bissau,GNB,2022,5476065033
Guinea-Bissau,GNB,2023,5729635519
Guinea-Bissau,GNB,2024,5982266670
Guinea-Bissau,GNB,2025,6330323178
Guyana,GUY,1990,3805285434
Guyana,GUY,1991,4035804534
Guyana,GUY,1992,4348897640
Guyana,GUY,1993,4704424609
Guyana,GUY,1994,5105826025
Guyana,GUY,1995,5362722933
Guyana,GUY,1996,5789355296
Guyana,GUY,1997,6147175988
Guyana,GUY,1998,6043958480
Guyana,GUY,1999,6222868826
Guyana,GUY,2000,6138001098
Guyana,GUY,2001,6277918162
Guyana,GUY,2002,6349023556
Guyana,GUY,2003,6308883417
Guyana,GUY,2004,6407513479
Guyana,GUY,2005,6282505608
Guyana,GUY,2006,6604773603
Guyana,GUY,2007,7079738476
Guyana,GUY,2008,7204003710
Guyana,GUY,2009,7464176914
Guyana,GUY,2010,7773077517
Guyana,GUY,2011,8176986178
Guyana,GUY,2012,8608431004
Guyana,GUY,2013,8922930074
Guyana,GUY,2014,9073414794
Guyana,GUY,2015,9135785864
Guyana,GUY,2016,9483626915
Guyana,GUY,2017,9837792161
Guyana,GUY,2018,10274679940
Guyana,GUY,2019,10824667122
Guyana,GUY,2020,15531194686
Guyana,GUY,2021,18646751960
Guyana,GUY,2022,30456604136
Guyana,GUY,2023,40749416889
Guyana,GUY,2024,58605514975
Guyana,GUY,2025,69937483041
Haiti,HTI,1990,26891493438
Haiti,HTI,1991,27397199999
Haiti,HTI,1992,25942427056
Haiti,HTI,1993,24534714176
Haiti,HTI,1994,21602661437
Haiti,HTI,1995,23740829675
Haiti,HTI,1996,24723883619
Haiti,HTI,1997,25392593943
Haiti,HTI,1998,25946619798
Haiti,HTI,1999,26649837545
Haiti,HTI,2000,26881706925
Haiti,HTI,2001,26789570443
Haiti,HTI,2002,27071348539
Haiti,HTI,2003,28013642552
Haiti,HTI,2004,27644462870
Haiti,HTI,2005,28493748699
Haiti,HTI,2006,28997732050
Haiti,HTI,2007,30362518991
Haiti,HTI,2008,31169564556
Haiti,HTI,2009,33005570025
Haiti,HTI,2010,31140256428
Haiti,HTI,2011,32727853199
Haiti,HTI,2012,32892285920
Haiti,HTI,2013,34314806276
Haiti,HTI,2014,35306082966
Haiti,HTI,2015,35800368131
Haiti,HTI,2016,36449238375
Haiti,HTI,2017,37364213162
Haiti,HTI,2018,37987377602
Haiti,HTI,2019,37332818239
Haiti,HTI,2020,36098779890
Haiti,HTI,2021,35449637231
Haiti,HTI,2022,34853380015
Haiti,HTI,2023,34203753371
Haiti,HTI,2024,32772343036
Haiti,HTI,2025,31883258616
High-income countries,OWID_HIC,1990,41433967583821
High-income countries,OWID_HIC,1991,41596267172778
High-income countries,OWID_HIC,1992,41772142462650
High-income countries,OWID_HIC,1993,41977511104272
High-income countries,OWID_HIC,1994,42892821840889
High-income countries,OWID_HIC,1995,44000392263943
High-income countries,OWID_HIC,1996,45168362488398
High-income countries,OWID_HIC,1997,46701278280611
High-income countries,OWID_HIC,1998,47748421422958
High-income countries,OWID_HIC,1999,49449712682766
High-income countries,OWID_HIC,2000,51698901691852
High-income countries,OWID_HIC,2001,52613235270027
High-income countries,OWID_HIC,2002,53569389820906
High-income countries,OWID_HIC,2003,54934430855937
High-income countries,OWID_HIC,2004,57019872409857
High-income countries,OWID_HIC,2005,58853835826769
High-income countries,OWID_HIC,2006,61008520666053
High-income countries,OWID_HIC,2007,63048650049097
High-income countries,OWID_HIC,2008,63743704245086
High-income countries,OWID_HIC,2009,61455859508104
High-income countries,OWID_HIC,2010,63407024709821
High-income countries,OWID_HIC,2011,64883407588115
High-income countries,OWID_HIC,2012,65911316697361
High-income countries,OWID_HIC,2013,66941461722481
High-income countries,OWID_HIC,2014,68388325874945
High-income countries,OWID_HIC,2015,69875460639970
High-income countries,OWID_HIC,2016,71133779229411
High-income countries,OWID_HIC,2017,72918642018382
High-income countries,OWID_HIC,2018,74717781139919
High-income countries,OWID_HIC,2019,76161368688793
High-income countries,OWID_HIC,2020,73166913632934
High-income countries,OWID_HIC,2021,77573598174131
High-income countries,OWID_HIC,2022,79959740876873
High-income countries,OWID_HIC,2023,81409312943998
High-income countries,OWID_HIC,2024,83154342267502
High-income countries,OWID_HIC,2025,84791560358972
Honduras,HND,1990,5837529410
Honduras,HND,1991,7358024890
Honduras,HND,1992,8022839738
Honduras,HND,1993,9116928380
Honduras,HND,1994,11762571679
Honduras,HND,1995,14664923061
Honduras,HND,1996,18031606802
Honduras,HND,1997,22075689647
Honduras,HND,1998,24631208119
Honduras,HND,1999,27482482323
Honduras,HND,2000,30124158654
Honduras,HND,2001,30944497716
Honduras,HND,2002,32106258710
Honduras,HND,2003,33566142510
Honduras,HND,2004,35658086204
Honduras,HND,2005,37815614090
Honduras,HND,2006,40299057568
Honduras,HND,2007,42792895096
Honduras,HND,2008,44603719292
Honduras,HND,2009,43519122818
Honduras,HND,2010,45142882367
Honduras,HND,2011,46874423691
Honduras,HND,2012,48809722279
Honduras,HND,2013,50172274844
Honduras,HND,2014,51706583428
Honduras,HND,2015,53692157582
Honduras,HND,2016,55782378349
Honduras,HND,2017,58483870910
Honduras,HND,2018,60732572687
Honduras,HND,2019,62287104477
Honduras,HND,2020,56703014340
Honduras,HND,2021,63827909343
Honduras,HND,2022,66472658301
Honduras,HND,2023,68849619261
Honduras,HND,2024,71350517963
Honduras,HND,2025,74027183433
Hong Kong,HKG,1990,180254935094
Hong Kong,HKG,1991,190532955716
Hong Kong,HKG,1992,202412730989
Hong Kong,HKG,1993,214964719118
Hong Kong,HKG,1994,227940054858
Hong Kong,HKG,1995,233350961434
Hong Kong,HKG,1996,243288155490
Hong Kong,HKG,1997,255695121426
Hong Kong,HKG,1998,240653504282
Hong Kong,HKG,1999,246686004295
Hong Kong,HKG,2000,265590648051
Hong Kong,HKG,2001,267080258717
Hong Kong,HKG,2002,271504981833
Hong Kong,HKG,2003,279803148419
Hong Kong,HKG,2004,304146205766
Hong Kong,HKG,2005,326616995685
Hong Kong,HKG,2006,349586818199
Hong Kong,HKG,2007,372187005025
Hong Kong,HKG,2008,380106909461
Hong Kong,HKG,2009,370759732742
Hong Kong,HKG,2010,395851664507
Hong Kong,HKG,2011,414910607969
Hong Kong,HKG,2012,421965424917
Hong Kong,HKG,2013,435052904642
Hong Kong,HKG,2014,447070866045
Hong Kong,HKG,2015,457746029371
Hong Kong,HKG,2016,467704057142
Hong Kong,HKG,2017,485458614691
Hong Kong,HKG,2018,499279180784
Hong Kong,HKG,2019,490929092673
Hong Kong,HKG,2020,458798783063
Hong Kong,HKG,2021,488411631115
Hong Kong,HKG,2022,470412277408
Hong Kong,HKG,2023,485231885270
Hong Kong,HKG,2024,497990420157
Hong Kong,HKG,2025,515358577387
Hungary,HUN,1990,220934829082
Hungary,HUN,1991,194661168931
Hungary,HUN,1992,188696399653
Hungary,HUN,1993,187609303620
Hungary,HUN,1994,193138439758
Hungary,HUN,1995,196015286022
Hungary,HUN,1996,196213720583
Hungary,HUN,1997,202056727892
Hungary,HUN,1998,209832089294
Hungary,HUN,1999,216307629516
Hungary,HUN,2000,225845444094
Hungary,HUN,2001,235019345142
Hungary,HUN,2002,246135913654
Hungary,HUN,2003,255830659917
Hungary,HUN,2004,268527856282
Hungary,HUN,2005,280075314531
Hungary,HUN,2006,291093285910
Hungary,HUN,2007,292060747073
Hungary,HUN,2008,294962186846
Hungary,HUN,2009,275081245566
Hungary,HUN,2010,278018977603
Hungary,HUN,2011,283347792830
Hungary,HUN,2012,279552393162
Hungary,HUN,2013,285233372770
Hungary,HUN,2014,297596395848
Hungary,HUN,2015,308487876817
Hungary,HUN,2016,316010789936
Hungary,HUN,2017,329043656039
Hungary,HUN,2018,347490297930
Hungary,HUN,2019,365133023043
Hungary,HUN,2020,349290903827
Hungary,HUN,2021,374519891736
Hungary,HUN,2022,390071382981
Hungary,HUN,2023,386884080960
Hungary,HUN,2024,389627362231
Hungary,HUN,2025,391612678491
Iceland,ISL,1990,10982893226
Iceland,ISL,1991,10958343659
Iceland,ISL,1992,10588620741
Iceland,ISL,1993,10727696927
Iceland,ISL,1994,11114844269
Iceland,ISL,1995,11127802360
Iceland,ISL,1996,11628292338
Iceland,ISL,1997,12109804860
Iceland,ISL,1998,12958760699
Iceland,ISL,1999,13463891587
Iceland,ISL,2000,14124319993
Iceland,ISL,2001,14666826558
Iceland,ISL,2002,14746362812
Iceland,ISL,2003,15082781867
Iceland,ISL,2004,16232482783
Iceland,ISL,2005,17373519288
Iceland,ISL,2006,18358877977
Iceland,ISL,2007,19963687979
Iceland,ISL,2008,20302992960
Iceland,ISL,2009,18613486680
Iceland,ISL,2010,18199928801
Iceland,ISL,2011,18451087216
Iceland,ISL,2012,18666837947
Iceland,ISL,2013,19338276076
Iceland,ISL,2014,19708375123
Iceland,ISL,2015,20451103017
Iceland,ISL,2016,21722770527
Iceland,ISL,2017,22479823643
Iceland,ISL,2018,23527556601
Iceland,ISL,2019,23795350138
Iceland,ISL,2020,22213940173
Iceland,ISL,2021,23364749317
Iceland,ISL,2022,25434235020
Iceland,ISL,2023,26714151789
Iceland,ISL,2024,26371442228
Iceland,ISL,2025,26708854831
India,IND,1990,1850891338088
India,IND,1991,1870452139539
India,IND,1992,1972997733224
India,IND,1993,2066730440347
India,IND,1994,2204352451049
India,IND,1995,2371320947585
India,IND,1996,2550344350115
India,IND,1997,2653628727328
India,IND,1998,2817740162166
India,IND,1999,3066990569260
India,IND,2000,3184793405807
India,IND,2001,3338426765280
India,IND,2002,3465419695548
India,IND,2003,3737814903343
India,IND,2004,4033959608849
India,IND,2005,4353587599749
India,IND,2006,4704518653498
India,IND,2007,5064923127246
India,IND,2008,5221262011130
India,IND,2009,5631751826126
India,IND,2010,6110314707739
India,IND,2011,6430575622401
India,IND,2012,6781452750161
India,IND,2013,7214523538314
India,IND,2014,7749136153132
India,IND,2015,8368776746134
India,IND,2016,9059728521056
India,IND,2017,9675371810785
India,IND,2018,10299805924524
India,IND,2019,10698556415907
India,IND,2020,10080423278586
India,IND,2021,11057175215742
India,IND,2022,11898556034131
India,IND,2023,12756468651839
India,IND,2024,13662085943276
India,IND,2025,14695849780451
Indonesia,IDN,1990,894210723157
Indonesia,IDN,1991,956018414859
Indonesia,IDN,1992,1018135773666
Indonesia,IDN,1993,1084278028744
Indonesia,IDN,1994,1166032278706
Indonesia,IDN,1995,1261880218291
Indonesia,IDN,1996,1360536374441
Indonesia,IDN,1997,1424479935803
Indonesia,IDN,1998,1237492364936
Indonesia,IDN,1999,1247282489798
Indonesia,IDN,2000,1308649633293
Indonesia,IDN,2001,1356329843593
Indonesia,IDN,2002,1417357571125
Indonesia,IDN,2003,1485112494798
Indonesia,IDN,2004,1559826632354
Indonesia,IDN,2005,1648620875616
Indonesia,IDN,2006,1739310715105
Indonesia,IDN,2007,1849670366569
Indonesia,IDN,2008,1960904059994
Indonesia,IDN,2009,2051671782944
Indonesia,IDN,2010,2179364842980
Indonesia,IDN,2011,2313826950890
Indonesia,IDN,2012,2453351888053
Indonesia,IDN,2013,2589691121689
Indonesia,IDN,2014,2719348369403
Indonesia,IDN,2015,2851952560361
Indonesia,IDN,2016,2995493305785
Indonesia,IDN,2017,3147358403078
Indonesia,IDN,2018,3310211902647
Indonesia,IDN,2019,3476360960874
Indonesia,IDN,2020,3404556313997
Indonesia,IDN,2021,3530623140454
Indonesia,IDN,2022,3718000273848
Indonesia,IDN,2023,3905715830893
Indonesia,IDN,2024,4102273900421
Indonesia,IDN,2025,4311821704099
Iran,IRN,1990,563718236595
Iran,IRN,1991,635401484357
Iran,IRN,1992,656356910428
Iran,IRN,1993,646701824911
Iran,IRN,1994,635718977587
Iran,IRN,1995,650982873466
Iran,IRN,1996,692323710222
Iran,IRN,1997,701672844581
Iran,IRN,1998,716267722407
Iran,IRN,1999,730612389099
Iran,IRN,2000,773320537045
Iran,IRN,2001,791819699909
Iran,IRN,2002,855789461668
Iran,IRN,2003,929723666914
Iran,IRN,2004,970042676871
Iran,IRN,2005,1000985137826
Iran,IRN,2006,1051032345319
Iran,IRN,2007,1136752163063
Iran,IRN,2008,1139603780361
Iran,IRN,2009,1151083983122
Iran,IRN,2010,1217823122264
Iran,IRN,2011,1250043286820
Iran,IRN,2012,1203202022306
Iran,IRN,2013,1184889537733
Iran,IRN,2014,1243953615982
Iran,IRN,2015,1226228708255
Iran,IRN,2016,1334321831324
Iran,IRN,2017,1374709814214
Iran,IRN,2018,1323186238101
Iran,IRN,2019,1291940050029
Iran,IRN,2020,1349325554971
Iran,IRN,2021,1405064801822
Iran,IRN,2022,1466224615320
Iran,IRN,2023,1544408860614
Iran,IRN,2024,1600982419419
Iran,IRN,2025,1555739110399
Iraq,IRQ,1990,188735900982
Iraq,IRQ,1991,67856016582
Iraq,IRQ,1992,89971792816
Iraq,IRQ,1993,117224095451
Iraq,IRQ,1994,121742536248
Iraq,IRQ,1995,124323504188
Iraq,IRQ,1996,138024931090
Iraq,IRQ,1997,167338577797
Iraq,IRQ,1998,225908699227
Iraq,IRQ,1999,265623833441
Iraq,IRQ,2000,310238369622
Iraq,IRQ,2001,315719067854
Iraq,IRQ,2002,289818407492
Iraq,IRQ,2003,183580310188
Iraq,IRQ,2004,281585663496
Iraq,IRQ,2005,286302867166
Iraq,IRQ,2006,302445479298
Iraq,IRQ,2007,308157281224
Iraq,IRQ,2008,333512792372
Iraq,IRQ,2009,344783187144
Iraq,IRQ,2010,366858154275
Iraq,IRQ,2011,394542999234
Iraq,IRQ,2012,449528208827
Iraq,IRQ,2013,483819505901
Iraq,IRQ,2014,494771670848
Iraq,IRQ,2015,507669212665
Iraq,IRQ,2016,577663460717
Iraq,IRQ,2017,567151427862
Iraq,IRQ,2018,582089351365
Iraq,IRQ,2019,614184539182
Iraq,IRQ,2020,540256416973
Iraq,IRQ,2021,548372044650
Iraq,IRQ,2022,592017239176
Iraq,IRQ,2023,595082145133
Iraq,IRQ,2024,585886626484
Iraq,IRQ,2025,573256421288
Ireland,IRL,1990,103679371585
Ireland,IRL,1991,105680010391
Ireland,IRL,1992,109213182835
Ireland,IRL,1993,112153866186
Ireland,IRL,1994,118609249786
Ireland,IRL,1995,130036564689
Ireland,IRL,1996,139632775081
Ireland,IRL,1997,155022771528
Ireland,IRL,1998,168612257827
Ireland,IRL,1999,186366935755
Ireland,IRL,2000,203891996711
Ireland,IRL,2001,214710141773
Ireland,IRL,2002,227376676859
Ireland,IRL,2003,234229443127
Ireland,IRL,2004,250129265428
Ireland,IRL,2005,264486140048
Ireland,IRL,2006,277678321626
Ireland,IRL,2007,292423369023
Ireland,IRL,2008,279310898089
Ireland,IRL,2009,265077821444
Ireland,IRL,2010,269539006308
Ireland,IRL,2011,273875529055
Ireland,IRL,2012,272766252598
Ireland,IRL,2013,278747846243
Ireland,IRL,2014,304910543063
Ireland,IRL,2015,379991671390
Ireland,IRL,2016,384637892678
Ireland,IRL,2017,423520389550
Ireland,IRL,2018,456083429683
Ireland,IRL,2019,478763911513
Ireland,IRL,2020,513013221788
Ireland,IRL,2021,596419876445
Ireland,IRL,2022,641217801698
Ireland,IRL,2023,624954119495
Ireland,IRL,2024,641199596943
Ireland,IRL,2025,720308232191
Israel,ISR,1990,118088972984
Israel,ISR,1991,127212662928
Israel,ISR,1992,137083432139
Israel,ISR,1993,142726823138
Israel,ISR,1994,153328350831
Israel,ISR,1995,163452506244
Israel,ISR,1996,172996371471
Israel,ISR,1997,179242000604
Israel,ISR,1998,186594389911
Israel,ISR,1999,192730281259
Israel,ISR,2000,209288745786
Israel,ISR,2001,209854812018
Israel,ISR,2002,209533985158
Israel,ISR,2003,212539874178
Israel,ISR,2004,222421797879
Israel,ISR,2005,232102849598
Israel,ISR,2006,245079871949
Israel,ISR,2007,260551939181
Israel,ISR,2008,268930803575
Israel,ISR,2009,272212229492
Israel,ISR,2010,287305597506
Israel,ISR,2011,303145960892
Israel,ISR,2012,310451589544
Israel,ISR,2013,323149486221
Israel,ISR,2014,335164649937
Israel,ISR,2015,342658927809
Israel,ISR,2016,358202003224
Israel,ISR,2017,373762101911
Israel,ISR,2018,388912546952
Israel,ISR,2019,402831678895
Israel,ISR,2020,395572372962
Israel,ISR,2021,432500426228
Israel,ISR,2022,460025066258
Israel,ISR,2023,469514118524
Israel,ISR,2024,473991491874
Israel,ISR,2025,487884891895
Italy,ITA,1990,2419458129490
Italy,ITA,1991,2456680224824
Italy,ITA,1992,2477175704024
Italy,ITA,1993,2456050207631
Italy,ITA,1994,2508880428962
Italy,ITA,1995,2581307710428
Italy,ITA,1996,2616041393896
Italy,ITA,1997,2666419058301
Italy,ITA,1998,2714531211372
Italy,ITA,1999,2760080816520
Italy,ITA,2000,2867229882174
Italy,ITA,2001,2924758937271
Italy,ITA,2002,2932653729237
Italy,ITA,2003,2934605521995
Italy,ITA,2004,2977862244389
Italy,ITA,2005,3000565784096
Italy,ITA,2006,3054560362937
Italy,ITA,2007,3099226956375
Italy,ITA,2008,3067517571817
Italy,ITA,2009,2904781040277
Italy,ITA,2010,2949198213679
Italy,ITA,2011,2969708800607
Italy,ITA,2012,2876898309730
Italy,ITA,2013,2824595576142
Italy,ITA,2014,2824556381565
Italy,ITA,2015,2849572563276
Italy,ITA,2016,2884799580139
Italy,ITA,2017,2931063109648
Italy,ITA,2018,2955292646480
Italy,ITA,2019,2967975655283
Italy,ITA,2020,2704769008361
Italy,ITA,2021,2946333608376
Italy,ITA,2022,3088381557782
Italy,ITA,2023,3116881036053
Italy,ITA,2024,3141287434365
Italy,ITA,2025,3158237307345
Jamaica,JAM,1990,21132481829
Jamaica,JAM,1991,22154921754
Jamaica,JAM,1992,22588170665
Jamaica,JAM,1993,24715321864
Jamaica,JAM,1994,25057231108
Jamaica,JAM,1995,25646065274
Jamaica,JAM,1996,25616897694
Jamaica,JAM,1997,25324747255
Jamaica,JAM,1998,24733527472
Jamaica,JAM,1999,24992654176
Jamaica,JAM,2000,25212265515
Jamaica,JAM,2001,25551352729
Jamaica,JAM,2002,26061687582
Jamaica,JAM,2003,27017191818
Jamaica,JAM,2004,27374825169
Jamaica,JAM,2005,27619500791
Jamaica,JAM,2006,28420224739
Jamaica,JAM,2007,28827189294
Jamaica,JAM,2008,28593188419
Jamaica,JAM,2009,27350728071
Jamaica,JAM,2010,26952187700
Jamaica,JAM,2011,27418561961
Jamaica,JAM,2012,27250311782
Jamaica,JAM,2013,27391382834
Jamaica,JAM,2014,27580334718
Jamaica,JAM,2015,27834483951
Jamaica,JAM,2016,28602837516
Jamaica,JAM,2017,29258710223
Jamaica,JAM,2018,29994813900
Jamaica,JAM,2019,30537549503
Jamaica,JAM,2020,28001583368
Jamaica,JAM,2021,29598984033
Jamaica,JAM,2022,31504952370
Jamaica,JAM,2023,32370186846
Jamaica,JAM,2024,32196993701
Jamaica,JAM,2025,32223281094
Japan,JPN,1990,4462228733381
Japan,JPN,1991,4614725255850
Japan,JPN,1992,4653861337001
Japan,JPN,1993,4629758065480
Japan,JPN,1994,4675734635527
Japan,JPN,1995,4785242933945
Japan,JPN,1996,4932411516279
Japan,JPN,1997,4999638859486
Japan,JPN,1998,4911013215692
Japan,JPN,1999,4893942514175
Japan,JPN,2000,5039700119943
Japan,JPN,2001,5054043537700
Japan,JPN,2002,5058338908909
Japan,JPN,2003,5128149517565
Japan,JPN,2004,5236504662399
Japan,JPN,2005,5333290000811
Japan,JPN,2006,5415759113732
Japan,JPN,2007,5509363963912
Japan,JPN,2008,5445090506695
Japan,JPN,2009,5121873139285
Japan,JPN,2010,5333737162547
Japan,JPN,2011,5323050601266
Japan,JPN,2012,5410824220670
Japan,JPN,2013,5518893343125
Japan,JPN,2014,5568889852579
Japan,JPN,2015,5669128609009
Japan,JPN,2016,5709095200093
Japan,JPN,2017,5801779541655
Japan,JPN,2018,5850174728658
Japan,JPN,2019,5832127119739
Japan,JPN,2020,5582320818677
Japan,JPN,2021,5781285635750
Japan,JPN,2022,5858271981764
Japan,JPN,2023,5900497545321
Japan,JPN,2024,5886331380867
Japan,JPN,2025,5956561958993
Jordan,JOR,1990,29851058690
Jordan,JOR,1991,30331222245
Jordan,JOR,1992,34683684713
Jordan,JOR,1993,36239938102
Jordan,JOR,1994,38041598180
Jordan,JOR,1995,40400509920
Jordan,JOR,1996,41243676958
Jordan,JOR,1997,42608213857
Jordan,JOR,1998,43891646839
Jordan,JOR,1999,45379367724
Jordan,JOR,2000,47306044950
Jordan,JOR,2001,49799053449
Jordan,JOR,2002,52679335050
Jordan,JOR,2003,54871673845
Jordan,JOR,2004,59572647702
Jordan,JOR,2005,64425789928
Jordan,JOR,2006,69639753180
Jordan,JOR,2007,75333617754
Jordan,JOR,2008,80772996024
Jordan,JOR,2009,84905885513
Jordan,JOR,2010,87145461493
Jordan,JOR,2011,89679035529
Jordan,JOR,2012,91835508883
Jordan,JOR,2013,94336292700
Jordan,JOR,2014,97470968164
Jordan,JOR,2015,99929787095
Jordan,JOR,2016,102039972501
Jordan,JOR,2017,104598832954
Jordan,JOR,2018,106537921846
Jordan,JOR,2019,108515617321
Jordan,JOR,2020,107264893074
Jordan,JOR,2021,111289485557
Jordan,JOR,2022,114346453639
Jordan,JOR,2023,117924355340
Jordan,JOR,2024,120938571342
Jordan,JOR,2025,124357031156
Kazakhstan,KAZ,1990,288834656343
Kazakhstan,KAZ,1991,257062844141
Kazakhstan,KAZ,1992,243438513404
Kazakhstan,KAZ,1993,221042170166
Kazakhstan,KAZ,1994,193190856728
Kazakhstan,KAZ,1995,177349206474
Kazakhstan,KAZ,1996,178235952510
Kazakhstan,KAZ,1997,181265963702
Kazakhstan,KAZ,1998,177821910393
Kazakhstan,KAZ,1999,182623101970
Kazakhstan,KAZ,2000,200520165967
Kazakhstan,KAZ,2001,227590388369
Kazakhstan,KAZ,2002,249894246428
Kazakhstan,KAZ,2003,273134411347
Kazakhstan,KAZ,2004,299355314840
Kazakhstan,KAZ,2005,328392780378
Kazakhstan,KAZ,2006,363530807878
Kazakhstan,KAZ,2007,395885049779
Kazakhstan,KAZ,2008,408949256423
Kazakhstan,KAZ,2009,413856647497
Kazakhstan,KAZ,2010,444068182778
Kazakhstan,KAZ,2011,476929228310
Kazakhstan,KAZ,2012,499821831247
Kazakhstan,KAZ,2013,529811141105
Kazakhstan,KAZ,2014,552063209062
Kazakhstan,KAZ,2015,558687967573
Kazakhstan,KAZ,2016,564833535212
Kazakhstan,KAZ,2017,587991710170
Kazakhstan,KAZ,2018,612099370246
Kazakhstan,KAZ,2019,639643841913
Kazakhstan,KAZ,2020,623652745889
Kazakhstan,KAZ,2021,650469813945
Kazakhstan,KAZ,2022,671284847990
Kazakhstan,KAZ,2023,705520375236
Kazakhstan,KAZ,2024,740796393997
Kazakhstan,KAZ,2025,788948159607
Kenya,KEN,1990,95633729813
Kenya,KEN,1991,97009274497
Kenya,KEN,1992,96233691208
Kenya,KEN,1993,96573585965
Kenya,KEN,1994,99116160385
Kenya,KEN,1995,103483433023
Kenya,KEN,1996,107774724660
Kenya,KEN,1997,108286548898
Kenya,KEN,1998,111849407789
Kenya,KEN,1999,114427971280
Kenya,KEN,2000,115114190550
Kenya,KEN,2001,119465399319
Kenya,KEN,2002,120118707240
Kenya,KEN,2003,123641158956
Kenya,KEN,2004,129952174356
Kenya,KEN,2005,137628015358
Kenya,KEN,2006,146535980808
Kenya,KEN,2007,156574764869
Kenya,KEN,2008,156938461030
Kenya,KEN,2009,162128321485
Kenya,KEN,2010,175193389475
Kenya,KEN,2011,184165228865
Kenya,KEN,2012,192579148133
Kenya,KEN,2013,199893012215
Kenya,KEN,2014,209927863314
Kenya,KEN,2015,220356494132
Kenya,KEN,2016,229641252624
Kenya,KEN,2017,238454787849
Kenya,KEN,2018,251922586472
Kenya,KEN,2019,264806307742
Kenya,KEN,2020,264084005302
Kenya,KEN,2021,284129273925
Kenya,KEN,2022,297937902775
Kenya,KEN,2023,314979928207
Kenya,KEN,2024,329658610051
Kenya,KEN,2025,344930410879
Kiribati,KIR,1990,165715783
Kiribati,KIR,1991,156355022
Kiribati,KIR,1992,193816486
Kiribati,KIR,1993,193614928
Kiribati,KIR,1994,197574850
Kiribati,KIR,1995,203012521
Kiribati,KIR,1996,202906860
Kiribati,KIR,1997,205295343
Kiribati,KIR,1998,214415125
Kiribati,KIR,1999,206022420
Kiribati,KIR,2000,219913822
Kiribati,KIR,2001,212999447
Kiribati,KIR,2002,216081879
Kiribati,KIR,2003,212677581
Kiribati,KIR,2004,211382443
Kiribati,KIR,2005,214114414
Kiribati,KIR,2006,226483664
Kiribati,KIR,2007,233402920
Kiribati,KIR,2008,226436471
Kiribati,KIR,2009,227651984
Kiribati,KIR,2010,230442888
Kiribati,KIR,2011,237963915
Kiribati,KIR,2012,251774531
Kiribati,KIR,2013,271239024
Kiribati,KIR,2014,274666570
Kiribati,KIR,2015,305608641
Kiribati,KIR,2016,327270287
Kiribati,KIR,2017,339418566
Kiribati,KIR,2018,351042490
Kiribati,KIR,2019,362666413
Kiribati,KIR,2020,358016844
Kiribati,KIR,2021,388239045
Kiribati,KIR,2022,407999715
Kiribati,KIR,2023,420786031
Kiribati,KIR,2024,440546701
Kiribati,KIR,2025,459144978
Kosovo,OWID_KOS,2008,12783215864
Kosovo,OWID_KOS,2009,13426832137
Kosovo,OWID_KOS,2010,14090111060
Kosovo,OWID_KOS,2011,14980579340
Kosovo,OWID_KOS,2012,15237076214
Kosovo,OWID_KOS,2013,16050857846
Kosovo,OWID_KOS,2014,16588369741
Kosovo,OWID_KOS,2015,17569776062
Kosovo,OWID_KOS,2016,18548724460
Kosovo,OWID_KOS,2017,19443822031
Kosovo,OWID_KOS,2018,20106201546
Kosovo,OWID_KOS,2019,21062613456
Kosovo,OWID_KOS,2020,19937811875
Kosovo,OWID_KOS,2021,22080260569
Kosovo,OWID_KOS,2022,23024964288
Kosovo,OWID_KOS,2023,23961533955
Kosovo,OWID_KOS,2024,25057318186
Kosovo,OWID_KOS,2025,25957420010
Kuwait,KWT,1990,65594962981
Kuwait,KWT,1991,38695917872
Kuwait,KWT,1992,70739747824
Kuwait,KWT,1993,94784518857
Kuwait,KWT,1994,102780697873
Kuwait,KWT,1995,107774083527
Kuwait,KWT,1996,108426253776
Kuwait,KWT,1997,111107987698
Kuwait,KWT,1998,115176823014
Kuwait,KWT,1999,113116299141
Kuwait,KWT,2000,118426636414
Kuwait,KWT,2001,118679279008
Kuwait,KWT,2002,122256608520
Kuwait,KWT,2003,143438813474
Kuwait,KWT,2004,158127375506
Kuwait,KWT,2005,174903179905
Kuwait,KWT,2006,188046756846
Kuwait,KWT,2007,199313720277
Kuwait,KWT,2008,204256216094
Kuwait,KWT,2009,189802930980
Kuwait,KWT,2010,185303561311
Kuwait,KWT,2011,203145763381
Kuwait,KWT,2012,216605947427
Kuwait,KWT,2013,219095758124
Kuwait,KWT,2014,220193240917
Kuwait,KWT,2015,221498482190
Kuwait,KWT,2016,227979695769
Kuwait,KWT,2017,217236784783
Kuwait,KWT,2018,223196307649
Kuwait,KWT,2019,228249063752
Kuwait,KWT,2020,217253585235
Kuwait,KWT,2021,220886348790
Kuwait,KWT,2022,235815321817
Kuwait,KWT,2023,231945880082
Kuwait,KWT,2024,228526955638
Kuwait,KWT,2025,234769913982
Kyrgyzstan,KGZ,1990,26767574229
Kyrgyzstan,KGZ,1991,24641178145
Kyrgyzstan,KGZ,1992,21231371881
Kyrgyzstan,KGZ,1993,17949144416
Kyrgyzstan,KGZ,1994,14344030249
Kyrgyzstan,KGZ,1995,13566035592
Kyrgyzstan,KGZ,1996,14527121709
Kyrgyzstan,KGZ,1997,15967522710
Kyrgyzstan,KGZ,1998,16306327241
Kyrgyzstan,KGZ,1999,16902452223
Kyrgyzstan,KGZ,2000,17822509597
Kyrgyzstan,KGZ,2001,18770956084
Kyrgyzstan,KGZ,2002,18767704089
Kyrgyzstan,KGZ,2003,20087128712
Kyrgyzstan,KGZ,2004,21498613569
Kyrgyzstan,KGZ,2005,21460880190
Kyrgyzstan,KGZ,2006,22126789572
Kyrgyzstan,KGZ,2007,24017053497
Kyrgyzstan,KGZ,2008,26034874118
Kyrgyzstan,KGZ,2009,26786317277
Kyrgyzstan,KGZ,2010,26660001952
Kyrgyzstan,KGZ,2011,28247944796
Kyrgyzstan,KGZ,2012,28223044176
Kyrgyzstan,KGZ,2013,31303721942
Kyrgyzstan,KGZ,2014,32563395806
Kyrgyzstan,KGZ,2015,33825496186
Kyrgyzstan,KGZ,2016,35292120966
Kyrgyzstan,KGZ,2017,36964945345
Kyrgyzstan,KGZ,2018,38354054772
Kyrgyzstan,KGZ,2019,40118581257
Kyrgyzstan,KGZ,2020,37250512878
Kyrgyzstan,KGZ,2021,39301901464
Kyrgyzstan,KGZ,2022,42826301521
Kyrgyzstan,KGZ,2023,46686361487
Kyrgyzstan,KGZ,2024,52073833119
Kyrgyzstan,KGZ,2025,57851956231
Laos,LAO,1990,8647627883
Laos,LAO,1991,9019178718
Laos,LAO,1992,9520632227
Laos,LAO,1993,10083544991
Laos,LAO,1994,10906263296
Laos,LAO,1995,11673110406
Laos,LAO,1996,12481861284
Laos,LAO,1997,13339626184
Laos,LAO,1998,13868890271
Laos,LAO,1999,14882203552
Laos,LAO,2000,15745190141
Laos,LAO,2001,16650761035
Laos,LAO,2002,17636276902
Laos,LAO,2003,18706270228
Laos,LAO,2004,19895557925
Laos,LAO,2005,21309648307
Laos,LAO,2006,23146383622
Laos,LAO,2007,24904774760
Laos,LAO,2008,26853549168
Laos,LAO,2009,28868041983
Laos,LAO,2010,31329592647
Laos,LAO,2011,33848069786
Laos,LAO,2012,36564749186
Laos,LAO,2013,39499545733
Laos,LAO,2014,42506236713
Laos,LAO,2015,45596468110
Laos,LAO,2016,48798633403
Laos,LAO,2017,52162094276
Laos,LAO,2018,55421161065
Laos,LAO,2019,58445901221
Laos,LAO,2020,58739902707
Laos,LAO,2021,60225053628
Laos,LAO,2022,61855602705
Laos,LAO,2023,64172516512
Laos,LAO,2024,66822965068
Laos,LAO,2025,69855127705
Latin America and Caribbean (WB),WB_LAC,1990,5479159853313
Latin America and Caribbean (WB),WB_LAC,1991,5660629417928
Latin America and Caribbean (WB),WB_LAC,1992,5822981699138
Latin America and Caribbean (WB),WB_LAC,1993,6097185567183
Latin America and Caribbean (WB),WB_LAC,1994,6423104648765
Latin America and Caribbean (WB),WB_LAC,1995,6480197670764
Latin America and Caribbean (WB),WB_LAC,1996,6738319100003
Latin America and Caribbean (WB),WB_LAC,1997,7107504412599
Latin America and Caribbean (WB),WB_LAC,1998,7322457465014
Latin America and Caribbean (WB),WB_LAC,1999,7364707459534
Latin America and Caribbean (WB),WB_LAC,2000,7628739709478
Latin America and Caribbean (WB),WB_LAC,2001,7659033971376
Latin America and Caribbean (WB),WB_LAC,2002,7698568286427
Latin America and Caribbean (WB),WB_LAC,2003,7890493309520
Latin America and Caribbean (WB),WB_LAC,2004,8314506615025
Latin America and Caribbean (WB),WB_LAC,2005,8640552100123
Latin America and Caribbean (WB),WB_LAC,2006,9084682427898
Latin America and Caribbean (WB),WB_LAC,2007,9559726228777
Latin America and Caribbean (WB),WB_LAC,2008,9912947476744
Latin America and Caribbean (WB),WB_LAC,2009,9688892480933
Latin America and Caribbean (WB),WB_LAC,2010,10315490098908
Latin America and Caribbean (WB),WB_LAC,2011,10783025420824
Latin America and Caribbean (WB),WB_LAC,2012,11067991236079
Latin America and Caribbean (WB),WB_LAC,2013,11385575626725
Latin America and Caribbean (WB),WB_LAC,2014,11553699276154
Latin America and Caribbean (WB),WB_LAC,2015,11611769533593
Latin America and Caribbean (WB),WB_LAC,2016,11589431274782
Latin America and Caribbean (WB),WB_LAC,2017,11816892056526
Latin America and Caribbean (WB),WB_LAC,2018,12012263240740
Latin America and Caribbean (WB),WB_LAC,2019,12103412241878
Latin America and Caribbean (WB),WB_LAC,2020,11301780746657
Latin America and Caribbean (WB),WB_LAC,2021,12138326403000
Latin America and Caribbean (WB),WB_LAC,2022,12640957959784
Latin America and Caribbean (WB),WB_LAC,2023,12923304503633
Latin America and Caribbean (WB),WB_LAC,2024,13213350844125
Latin America and Caribbean (WB),WB_LAC,2025,13522982483474
Latvia,LVA,1990,46628543875
Latvia,LVA,1991,40755575151
Latvia,LVA,1992,27665467090
Latvia,LVA,1993,26286902758
Latvia,LVA,1994,26862561897
Latvia,LVA,1995,26608774388
Latvia,LVA,1996,27220765831
Latvia,LVA,1997,29717311929
Latvia,LVA,1998,31663796647
Latvia,LVA,1999,32556210536
Latvia,LVA,2000,34457827396
Latvia,LVA,2001,36684002304
Latvia,LVA,2002,39496010020
Latvia,LVA,2003,42825181065
Latvia,LVA,2004,46561739531
Latvia,LVA,2005,51970033577
Latvia,LVA,2006,58635199659
Latvia,LVA,2007,64741784386
Latvia,LVA,2008,62547868753
Latvia,LVA,2009,52515178389
Latvia,LVA,2010,50592461906
Latvia,LVA,2011,52128623506
Latvia,LVA,2012,55936744860
Latvia,LVA,2013,57109229533
Latvia,LVA,2014,58305644917
Latvia,LVA,2015,60511561516
Latvia,LVA,2016,62055626572
Latvia,LVA,2017,64164865501
Latvia,LVA,2018,66930186963
Latvia,LVA,2019,67382215222
Latvia,LVA,2020,65044572876
Latvia,LVA,2021,69560319491
Latvia,LVA,2022,70887901972
Latvia,LVA,2023,70220417185
Latvia,LVA,2024,70194396542
Latvia,LVA,2025,71695060475
Lebanon,LBN,1990,19218051453
Lebanon,LBN,1991,28720874228
Lebanon,LBN,1992,33442110823
Lebanon,LBN,1993,37042378047
Lebanon,LBN,1994,40044752422
Lebanon,LBN,1995,42627183473
Lebanon,LBN,1996,47438059997
Lebanon,LBN,1997,47938515718
Lebanon,LBN,1998,49695809290
Lebanon,LBN,1999,49434615753
Lebanon,LBN,2000,50097964832
Lebanon,LBN,2001,52021560996
Lebanon,LBN,2002,53802336972
Lebanon,LBN,2003,55538591257
Lebanon,LBN,2004,59248260701
Lebanon,LBN,2005,60839538228
Lebanon,LBN,2006,61782255999
Lebanon,LBN,2007,67534568644
Lebanon,LBN,2008,73659365299
Lebanon,LBN,2009,81196306155
Lebanon,LBN,2010,87671821639
Lebanon,LBN,2011,88432234310
Lebanon,LBN,2012,90700336595
Lebanon,LBN,2013,94172230742
Lebanon,LBN,2014,96511525556
Lebanon,LBN,2015,96957718406
Lebanon,LBN,2016,98464974044
Lebanon,LBN,2017,99354140787
Lebanon,LBN,2018,97481607576
Lebanon,LBN,2019,90740827788
Lebanon,LBN,2020,71322381662
Lebanon,LBN,2021,66328931529
Lebanon,LBN,2022,65916578510
Lebanon,LBN,2023,65415227251
Lebanon,LBN,2024,60783899856
Lesotho,LSO,1990,2573660195
Lesotho,LSO,1991,2752956994
Lesotho,LSO,1992,2944462730
Lesotho,LSO,1993,3047806486
Lesotho,LSO,1994,3230061460
Lesotho,LSO,1995,3336360784
Lesotho,LSO,1996,3523098100
Lesotho,LSO,1997,3653579682
Lesotho,LSO,1998,3709759166
Lesotho,LSO,1999,3727418549
Lesotho,LSO,2000,3871876398
Lesotho,LSO,2001,4009776444
Lesotho,LSO,2002,4038800653
Lesotho,LSO,2003,4222960962
Lesotho,LSO,2004,4294429263
Lesotho,LSO,2005,4443279430
Lesotho,LSO,2006,4631234382
Lesotho,LSO,2007,4825186499
Lesotho,LSO,2008,5091701799
Lesotho,LSO,2009,5027864191
Lesotho,LSO,2010,5292816081
Lesotho,LSO,2011,5537154381
Lesotho,LSO,2012,5887882377
Lesotho,LSO,2013,5993424173
Lesotho,LSO,2014,6095944684
Lesotho,LSO,2015,6286386067
Lesotho,LSO,2016,6513255914
Lesotho,LSO,2017,6308858549
Lesotho,LSO,2018,6215447498
Lesotho,LSO,2019,6127312836
Lesotho,LSO,2020,5627571783
Lesotho,LSO,2021,5755132494
Lesotho,LSO,2022,5892552408
Lesotho,LSO,2023,5992391796
Lesotho,LSO,2024,6305496293
Lesotho,LSO,2025,6430506591
Liberia,LBR,1990,4150264277
Liberia,LBR,1991,3559880300
Liberia,LBR,1992,2310872163
Liberia,LBR,1993,1548852933
Liberia,LBR,1994,1211786194
Liberia,LBR,1995,1160088911
Liberia,LBR,1996,1300705650
Liberia,LBR,1997,2683093203
Liberia,LBR,1998,3493605416
Liberia,LBR,1999,4253165779
Liberia,LBR,2000,5470248902
Liberia,LBR,2001,5629995200
Liberia,LBR,2002,5841852911
Liberia,LBR,2003,4080818597
Liberia,LBR,2004,4187729797
Liberia,LBR,2005,4408892704
Liberia,LBR,2006,4763540064
Liberia,LBR,2007,5217756726
Liberia,LBR,2008,5590601506
Liberia,LBR,2009,5886933603
Liberia,LBR,2010,6246026265
Liberia,LBR,2011,6758248402
Liberia,LBR,2012,7298490239
Liberia,LBR,2013,7932531092
Liberia,LBR,2014,7988169318
Liberia,LBR,2015,7986686317
Liberia,LBR,2016,7862496650
Liberia,LBR,2017,8055533202
Liberia,LBR,2018,8148782050
Liberia,LBR,2019,7947727343
Liberia,LBR,2020,7710687069
Liberia,LBR,2021,8095196890
Liberia,LBR,2022,8484422471
Liberia,LBR,2023,8881812193
Liberia,LBR,2024,9239025769
Liberia,LBR,2025,9702507140
Libya,LBY,1990,80577011297
Libya,LBY,1991,93191448517
Libya,LBY,1992,90663841015
Libya,LBY,1993,87251986019
Libya,LBY,1994,88940125877
Libya,LBY,1995,86965293135
Libya,LBY,1996,88821239632
Libya,LBY,1997,93451198651
Libya,LBY,1998,90131583356
Libya,LBY,1999,90807263115
Libya,LBY,2000,94148307875
Libya,LBY,2001,92488624908
Libya,LBY,2002,91601753950
Libya,LBY,2003,103524672364
Libya,LBY,2004,108143569517
Libya,LBY,2005,120981029350
Libya,LBY,2006,128845431915
Libya,LBY,2007,136872480144
Libya,LBY,2008,136650680700
Libya,LBY,2009,130637802369
Libya,LBY,2010,137205288248
Libya,LBY,2011,68138183452
Libya,LBY,2012,127300352590
Libya,LBY,2013,104388884046
Libya,LBY,2014,80334756189
Libya,LBY,2015,79657810344
Libya,LBY,2016,78470159296
Libya,LBY,2017,103966528230
Libya,LBY,2018,112222892681
Libya,LBY,2019,99658324600
Libya,LBY,2020,70303669374
Libya,LBY,2021,90199384483
Libya,LBY,2022,82712999632
Libya,LBY,2023,91149766774
Libya,LBY,2024,92881567242
Libya,LBY,2025,105301419247
Lithuania,LTU,1990,76153506435
Lithuania,LTU,1991,71831289077
Lithuania,LTU,1992,56560697296
Lithuania,LTU,1993,47382670824
Lithuania,LTU,1994,42755253974
Lithuania,LTU,1995,44161937156
Lithuania,LTU,1996,46381932904
Lithuania,LTU,1997,50231925714
Lithuania,LTU,1998,53980702759
Lithuania,LTU,1999,53388530034
Lithuania,LTU,2000,55213682102
Lithuania,LTU,2001,58793807179
Lithuania,LTU,2002,62744656629
Lithuania,LTU,2003,69365407519
Lithuania,LTU,2004,73875570844
Lithuania,LTU,2005,79587221270
Lithuania,LTU,2006,85473079277
Lithuania,LTU,2007,94941725679
Lithuania,LTU,2008,97409699329
Lithuania,LTU,2009,82955452200
Lithuania,LTU,2010,83309837532
Lithuania,LTU,2011,88578048950
Lithuania,LTU,2012,92460341434
Lithuania,LTU,2013,96202131183
Lithuania,LTU,2014,99831398714
Lithuania,LTU,2015,102659429000
Lithuania,LTU,2016,105402409023
Lithuania,LTU,2017,110263824363
Lithuania,LTU,2018,115687004797
Lithuania,LTU,2019,121098093039
Lithuania,LTU,2020,121149942197
Lithuania,LTU,2021,128897260180
Lithuania,LTU,2022,132074990284
Lithuania,LTU,2023,133051734231
Lithuania,LTU,2024,137083461812
Lithuania,LTU,2025,141086403854
Low-income countries,OWID_LIC,1990,537861076671
Low-income countries,OWID_LIC,1991,544295933301
Low-income countries,OWID_LIC,1992,543674234298
Low-income countries,OWID_LIC,1993,550851646596
Low-income countries,OWID_LIC,1994,556199901133
Low-income countries,OWID_LIC,1995,583729909114
Low-income countries,OWID_LIC,1996,620591842416
Low-income countries,OWID_LIC,1997,657697710869
Low-income countries,OWID_LIC,1998,684495574420
Low-income countries,OWID_LIC,1999,695133920269
Low-income countries,OWID_LIC,2000,711396279281
Low-income countries,OWID_LIC,2001,743459456941
Low-income countries,OWID_LIC,2002,789633224839
Low-income countries,OWID_LIC,2003,823468044417
Low-income countries,OWID_LIC,2004,879662624937
Low-income countries,OWID_LIC,2005,940715495056
Low-income countries,OWID_LIC,2006,999556229371
Low-income countries,OWID_LIC,2007,1068786181395
Low-income countries,OWID_LIC,2008,1131262507504
Low-income countries,OWID_LIC,2009,1179537388821
Low-income countries,OWID_LIC,2010,1263594229295
Low-income countries,OWID_LIC,2011,1304669806805
Low-income countries,OWID_LIC,2012,1255374406691
Low-income countries,OWID_LIC,2013,1270481418448
Low-income countries,OWID_LIC,2014,1318330220186
Low-income countries,OWID_LIC,2015,1373358321768
Low-income countries,OWID_LIC,2016,1420302360366
Low-income countries,OWID_LIC,2017,1478930258992
Low-income countries,OWID_LIC,2018,1535778941724
Low-income countries,OWID_LIC,2019,1597740246631
Low-income countries,OWID_LIC,2020,1609668313706
Low-income countries,OWID_LIC,2021,1637002032049
Low-income countries,OWID_LIC,2022,1695771948071
Low-income countries,OWID_LIC,2023,1719784073314
Low-income countries,OWID_LIC,2024,1790171048345
Low-income countries,OWID_LIC,2025,1904153206356
Lower-middle-income countries,OWID_LMC,1990,4849467220719
Lower-middle-income countries,OWID_LMC,1991,4943799161903
Lower-middle-income countries,OWID_LMC,1992,5133340657619
Lower-middle-income countries,OWID_LMC,1993,5242371755037
Lower-middle-income countries,OWID_LMC,1994,5450594411035
Lower-middle-income countries,OWID_LMC,1995,5736337101846
Lower-middle-income countries,OWID_LMC,1996,6104415964010
Lower-middle-income countries,OWID_LMC,1997,6339045367458
Lower-middle-income countries,OWID_LMC,1998,6657126190282
Lower-middle-income countries,OWID_LMC,1999,7052447040120
Lower-middle-income countries,OWID_LMC,2000,7346673259162
Lower-middle-income countries,OWID_LMC,2001,7679325223876
Lower-middle-income countries,OWID_LMC,2002,8023904368888
Lower-middle-income countries,OWID_LMC,2003,8513778750935
Lower-middle-income countries,OWID_LMC,2004,9122556658237
Lower-middle-income countries,OWID_LMC,2005,9748300030625
Lower-middle-income countries,OWID_LMC,2006,10449009904171
Lower-middle-income countries,OWID_LMC,2007,11175890503458
Lower-middle-income countries,OWID_LMC,2008,11671721981223
Lower-middle-income countries,OWID_LMC,2009,12426975284989
Lower-middle-income countries,OWID_LMC,2010,13296473840809
Lower-middle-income countries,OWID_LMC,2011,13926336076164
Lower-middle-income countries,OWID_LMC,2012,14628210011159
Lower-middle-income countries,OWID_LMC,2013,15464064809013
Lower-middle-income countries,OWID_LMC,2014,16424750073160
Lower-middle-income countries,OWID_LMC,2015,17425736512507
Lower-middle-income countries,OWID_LMC,2016,18446402357487
Lower-middle-income countries,OWID_LMC,2017,19447486917682
Lower-middle-income countries,OWID_LMC,2018,20521248624725
Lower-middle-income countries,OWID_LMC,2019,21330680160960
Lower-middle-income countries,OWID_LMC,2020,20493905833893
Lower-middle-income countries,OWID_LMC,2021,21924225485340
Lower-middle-income countries,OWID_LMC,2022,23336603557932
Lower-middle-income countries,OWID_LMC,2023,24610031156728
Lower-middle-income countries,OWID_LMC,2024,25964971542209
Lower-middle-income countries,OWID_LMC,2025,27539278718351
Luxembourg,LUX,1990,31103603673
Luxembourg,LUX,1991,33792258598
Luxembourg,LUX,1992,34407161055
Luxembourg,LUX,1993,35852483990
Luxembourg,LUX,1994,37222379235
Luxembourg,LUX,1995,37755478241
Luxembourg,LUX,1996,38283328635
Luxembourg,LUX,1997,40358180327
Luxembourg,LUX,1998,43051763996
Luxembourg,LUX,1999,46571735533
Luxembourg,LUX,2000,49802926809
Luxembourg,LUX,2001,51334005838
Luxembourg,LUX,2002,52989675610
Luxembourg,LUX,2003,54377607801
Luxembourg,LUX,2004,56678149792
Luxembourg,LUX,2005,58085187691
Luxembourg,LUX,2006,61579957007
Luxembourg,LUX,2007,66567022746
Luxembourg,LUX,2008,66365808620
Luxembourg,LUX,2009,64216251478
Luxembourg,LUX,2010,66631043114
Luxembourg,LUX,2011,67326861773
Luxembourg,LUX,2012,68437560649
Luxembourg,LUX,2013,70608184589
Luxembourg,LUX,2014,72460299675
Luxembourg,LUX,2015,74103964278
Luxembourg,LUX,2016,77793000767
Luxembourg,LUX,2017,78817627490
Luxembourg,LUX,2018,80087615064
Luxembourg,LUX,2019,82289480619
Luxembourg,LUX,2020,81869761778
Luxembourg,LUX,2021,87543117438
Luxembourg,LUX,2022,86582408269
Luxembourg,LUX,2023,86668503270
Luxembourg,LUX,2024,86979308660
Luxembourg,LUX,2025,87534130698
Macao,MAC,1990,18522984291
Macao,MAC,1991,19200812461
Macao,MAC,1992,21754319781
Macao,MAC,1993,22882550749
Macao,MAC,1994,23855877191
Macao,MAC,1995,24642196546
Macao,MAC,1996,24538733473
Macao,MAC,1997,24470273794
Macao,MAC,1998,23351712272
Macao,MAC,1999,22800940624
Macao,MAC,2000,24111343956
Macao,MAC,2001,24807737462
Macao,MAC,2002,27016819113
Macao,MAC,2003,30162483310
Macao,MAC,2004,38196826055
Macao,MAC,2005,41282346297
Macao,MAC,2006,46810948786
Macao,MAC,2007,53590004040
Macao,MAC,2008,55408053291
Macao,MAC,2009,56127460080
Macao,MAC,2010,70217196734
Macao,MAC,2011,85399774185
Macao,MAC,2012,93271476846
Macao,MAC,2013,103327700765
Macao,MAC,2014,101221115243
Macao,MAC,2015,79201465861
Macao,MAC,2016,78645859490
Macao,MAC,2017,86446395028
Macao,MAC,2018,91943668511
Macao,MAC,2019,89681018129
Macao,MAC,2020,40892667620
Macao,MAC,2021,50078061226
Macao,MAC,2022,40584792457
Macao,MAC,2023,71148557780
Macao,MAC,2024,76733436445
Macao,MAC,2025,80317706716
Madagascar,MDG,1990,23728781480
Madagascar,MDG,1991,22232361091
Madagascar,MDG,1992,22494899697
Madagascar,MDG,1993,22967275310
Madagascar,MDG,1994,22957605788
Madagascar,MDG,1995,23342970396
Madagascar,MDG,1996,23845825708
Madagascar,MDG,1997,24726569520
Madagascar,MDG,1998,25695127696
Madagascar,MDG,1999,26902600084
Madagascar,MDG,2000,28101611020
Madagascar,MDG,2001,29782153615
Madagascar,MDG,2002,26086792599
Madagascar,MDG,2003,28639357114
Madagascar,MDG,2004,30144929155
Madagascar,MDG,2005,31578575290
Madagascar,MDG,2006,33283347345
Madagascar,MDG,2007,35184014262
Madagascar,MDG,2008,37545787852
Madagascar,MDG,2009,36051950358
Madagascar,MDG,2010,36275198363
Madagascar,MDG,2011,36847775908
Madagascar,MDG,2012,37957317018
Madagascar,MDG,2013,38830478115
Madagascar,MDG,2014,40127106649
Madagascar,MDG,2015,41384007238
Madagascar,MDG,2016,43036531093
Madagascar,MDG,2017,44729290239
Madagascar,MDG,2018,46158103237
Madagascar,MDG,2019,48194244317
Madagascar,MDG,2020,44754297418
Madagascar,MDG,2021,46835678113
Madagascar,MDG,2022,48773520851
Madagascar,MDG,2023,50837063068
Madagascar,MDG,2024,53034666583
Madagascar,MDG,2025,54627068970
Malawi,MWI,1990,9998939789
Malawi,MWI,1991,10871870406
Malawi,MWI,1992,10074638504
Malawi,MWI,1993,11051056409
Malawi,MWI,1994,9919408151
Malawi,MWI,1995,11578807819
Malawi,MWI,1996,12425992341
Malawi,MWI,1997,12897238047
Malawi,MWI,1998,13399618164
Malawi,MWI,1999,13807271818
Malawi,MWI,2000,14024885140
Malawi,MWI,2001,13327152206
Malawi,MWI,2002,13553713798
Malawi,MWI,2003,14327039833
Malawi,MWI,2004,15103636676
Malawi,MWI,2005,15597333179
Malawi,MWI,2006,16330407801
Malawi,MWI,2007,17898126930
Malawi,MWI,2008,19265496648
Malawi,MWI,2009,20869948373
Malawi,MWI,2010,22304562368
Malawi,MWI,2011,23404772824
Malawi,MWI,2012,23849463508
Malawi,MWI,2013,25139802956
Malawi,MWI,2014,26553984750
Malawi,MWI,2015,27297496323
Malawi,MWI,2016,27979933731
Malawi,MWI,2017,29099131081
Malawi,MWI,2018,30365980584
Malawi,MWI,2019,32101950612
Malawi,MWI,2020,32356710546
Malawi,MWI,2021,33831623933
Malawi,MWI,2022,34143252119
Malawi,MWI,2023,34807595409
Malawi,MWI,2024,35390077575
Malawi,MWI,2025,36057246744
Malaysia,MYS,1990,214242312021
Malaysia,MYS,1991,234692742103
Malaysia,MYS,1992,255545469125
Malaysia,MYS,1993,280831548487
Malaysia,MYS,1994,306701868103
Malaysia,MYS,1995,336847856021
Malaysia,MYS,1996,370541738826
Malaysia,MYS,1997,397675553808
Malaysia,MYS,1998,368408958702
Malaysia,MYS,1999,391020471199
Malaysia,MYS,2000,425660459259
Malaysia,MYS,2001,427863998400
Malaysia,MYS,2002,450930096523
Malaysia,MYS,2003,477032181941
Malaysia,MYS,2004,509391362925
Malaysia,MYS,2005,536552819272
Malaysia,MYS,2006,566518473663
Malaysia,MYS,2007,602202259558
Malaysia,MYS,2008,631299287007
Malaysia,MYS,2009,621744391014
Malaysia,MYS,2010,667907963161
Malaysia,MYS,2011,703266428543
Malaysia,MYS,2012,741759394361
Malaysia,MYS,2013,776575522140
Malaysia,MYS,2014,823222254452
Malaysia,MYS,2015,865136882439
Malaysia,MYS,2016,903633582498
Malaysia,MYS,2017,956159294251
Malaysia,MYS,2018,1002466920504
Malaysia,MYS,2019,1046707664542
Malaysia,MYS,2020,989590433102
Malaysia,MYS,2021,1022398815013
Malaysia,MYS,2022,1114739189433
Malaysia,MYS,2023,1154168225812
Malaysia,MYS,2024,1213093813799
Malaysia,MYS,2025,1275826180322
Maldives,MDV,1990,2010676975
Maldives,MDV,1991,2039684932
Maldives,MDV,1992,2175748754
Maldives,MDV,1993,2296650088
Maldives,MDV,1994,2474628670
Maldives,MDV,1995,2795978612
Maldives,MDV,1996,3015704701
Maldives,MDV,1997,3268961803
Maldives,MDV,1998,3513960125
Maldives,MDV,1999,3730970211
Maldives,MDV,2000,3874456252
Maldives,MDV,2001,3721661858
Maldives,MDV,2002,3992166628
Maldives,MDV,2003,4541091521
Maldives,MDV,2004,4810146313
Maldives,MDV,2005,4272501362
Maldives,MDV,2006,5282105055
Maldives,MDV,2007,5658897693
Maldives,MDV,2008,6166866075
Maldives,MDV,2009,5652506362
Maldives,MDV,2010,6036055362
Maldives,MDV,2011,6569849452
Maldives,MDV,2012,6726822075
Maldives,MDV,2013,7196015376
Maldives,MDV,2014,7761671581
Maldives,MDV,2015,8061903544
Maldives,MDV,2016,8575872716
Maldives,MDV,2017,9182566710
Maldives,MDV,2018,9969416773
Maldives,MDV,2019,10659605467
Maldives,MDV,2020,7151654156
Maldives,MDV,2021,9834087308
Maldives,MDV,2022,11193757023
Maldives,MDV,2023,11747049099
Maldives,MDV,2024,12157538479
Maldives,MDV,2025,12924791414
Mali,MLI,1990,17352597665
Mali,MLI,1991,19548952025
Mali,MLI,1992,18559935116
Mali,MLI,1993,19366963355
Mali,MLI,1994,20449903539
Mali,MLI,1995,20598920703
Mali,MLI,1996,21910185327
Mali,MLI,1997,22813178459
Mali,MLI,1998,24330998621
Mali,MLI,1999,25475986040
Mali,MLI,2000,25288477689
Mali,MLI,2001,29285582500
Mali,MLI,2002,30174773440
Mali,MLI,2003,33131032976
Mali,MLI,2004,33620485977
Mali,MLI,2005,34473901114
Mali,MLI,2006,35745851083
Mali,MLI,2007,36374994534
Mali,MLI,2008,37698575355
Mali,MLI,2009,39754932976
Mali,MLI,2010,41971981545
Mali,MLI,2011,43204018266
Mali,MLI,2012,42740698701
Mali,MLI,2013,44147161497
Mali,MLI,2014,47017891942
Mali,MLI,2015,49951281283
Mali,MLI,2016,52950887236
Mali,MLI,2017,55797287435
Mali,MLI,2018,58513415691
Mali,MLI,2019,61439085959
Mali,MLI,2020,60720796476
Mali,MLI,2021,62603712698
Mali,MLI,2022,64922047299
Mali,MLI,2023,68014895329
Mali,MLI,2024,71426886897
Mali,MLI,2025,75426412878
Malta,MLT,1990,6448764759
Malta,MLT,1991,6852231329
Malta,MLT,1992,7173664838
Malta,MLT,1993,7495098708
Malta,MLT,1994,7918654620
Malta,MLT,1995,8420894579
Malta,MLT,1996,8738980061
Malta,MLT,1997,9198386550
Malta,MLT,1998,9669859282
Malta,MLT,1999,10126274214
Malta,MLT,2000,12119253518
Malta,MLT,2001,12027486088
Malta,MLT,2002,12357175722
Malta,MLT,2003,12813564611
Malta,MLT,2004,12865761233
Malta,MLT,2005,13236454245
Malta,MLT,2006,13545682794
Malta,MLT,2007,14227897803
Malta,MLT,2008,14855433022
Malta,MLT,2009,14648162658
Malta,MLT,2010,15555960536
Malta,MLT,2011,15710307051
Malta,MLT,2012,16354692725
Malta,MLT,2013,17383784581
Malta,MLT,2014,18710404254
Malta,MLT,2015,20510476683
Malta,MLT,2016,21346894788
Malta,MLT,2017,24115873630
Malta,MLT,2018,25849615455
Malta,MLT,2019,26905586653
Malta,MLT,2020,25975384561
Malta,MLT,2021,29443353450
Malta,MLT,2022,30206751229
Malta,MLT,2023,33418954010
Malta,MLT,2024,35495193408
Malta,MLT,2025,36901357285
Marshall Islands,MHL,1990,174324724
Marshall Islands,MHL,1991,174477779
Marshall Islands,MHL,1992,186937030
Marshall Islands,MHL,1993,198164935
Marshall Islands,MHL,1994,209812471
Marshall Islands,MHL,1995,227044987
Marshall Islands,MHL,1996,203652639
Marshall Islands,MHL,1997,190525851
Marshall Islands,MHL,1998,189241523
Marshall Islands,MHL,1999,186715676
Marshall Islands,MHL,2000,191298482
Marshall Islands,MHL,2001,204555552
Marshall Islands,MHL,2002,211992762
Marshall Islands,MHL,2003,208682124
Marshall Islands,MHL,2004,207829959
Marshall Islands,MHL,2005,211552287
Marshall Islands,MHL,2006,211924519
Marshall Islands,MHL,2007,219741408
Marshall Islands,MHL,2008,203115011
Marshall Islands,MHL,2009,210559666
Marshall Islands,MHL,2010,222222959
Marshall Islands,MHL,2011,221106261
Marshall Islands,MHL,2012,218252476
Marshall Islands,MHL,2013,226565675
Marshall Islands,MHL,2014,223711890
Marshall Islands,MHL,2015,227930528
Marshall Islands,MHL,2016,233638097
Marshall Islands,MHL,2017,241951296
Marshall Islands,MHL,2018,255227598
Marshall Islands,MHL,2019,281904279
Marshall Islands,MHL,2020,274087391
Marshall Islands,MHL,2021,280006016
Marshall Islands,MHL,2022,278044349
Marshall Islands,MHL,2023,263044486
Marshall Islands,MHL,2024,271729917
Marshall Islands,MHL,2025,277933796
Mauritania,MRT,1990,10773605982
Mauritania,MRT,1991,10966247458
Mauritania,MRT,1992,11171768724
Mauritania,MRT,1993,11827957913
Mauritania,MRT,1994,11465935800
Mauritania,MRT,1995,12591867809
Mauritania,MRT,1996,13324566767
Mauritania,MRT,1997,12785628475
Mauritania,MRT,1998,13140788276
Mauritania,MRT,1999,13623472862
Mauritania,MRT,2000,13089701670
Mauritania,MRT,2001,12985050315
Mauritania,MRT,2002,13164436702
Mauritania,MRT,2003,14076504362
Mauritania,MRT,2004,14742711238
Mauritania,MRT,2005,16005614230
Mauritania,MRT,2006,18939955300
Mauritania,MRT,2007,18566947511
Mauritania,MRT,2008,18505476211
Mauritania,MRT,2009,18523588607
Mauritania,MRT,2010,19008949144
Mauritania,MRT,2011,19802151396
Mauritania,MRT,2012,20687310174
Mauritania,MRT,2013,21546001773
Mauritania,MRT,2014,22467055271
Mauritania,MRT,2015,23674960378
Mauritania,MRT,2016,23973480138
Mauritania,MRT,2017,25476748164
Mauritania,MRT,2018,26692542824
Mauritania,MRT,2019,27530956900
Mauritania,MRT,2020,27431664471
Mauritania,MRT,2021,27635403694
Mauritania,MRT,2022,29513507111
Mauritania,MRT,2023,31523226433
Mauritania,MRT,2024,33511586132
Mauritania,MRT,2025,34861741050
Mauritius,MUS,1990,9514187165
Mauritius,MUS,1991,9936183824
Mauritius,MUS,1992,10583297527
Mauritius,MUS,1993,11121147370
Mauritius,MUS,1994,11581133913
Mauritius,MUS,1995,12077702428
Mauritius,MUS,1996,12752585589
Mauritius,MUS,1997,13477886015
Mauritius,MUS,1998,14296255191
Mauritius,MUS,1999,14669520742
Mauritius,MUS,2000,15872830979
Mauritius,MUS,2001,16404180460
Mauritius,MUS,2002,16669094631
Mauritius,MUS,2003,17656812747
Mauritius,MUS,2004,18421356245
Mauritius,MUS,2005,18748803777
Mauritius,MUS,2006,19661035189
Mauritius,MUS,2007,20794258366
Mauritius,MUS,2008,21930260450
Mauritius,MUS,2009,22667889345
Mauritius,MUS,2010,23664534460
Mauritius,MUS,2011,24645560189
Mauritius,MUS,2012,25510772377
Mauritius,MUS,2013,26377513841
Mauritius,MUS,2014,27395089494
Mauritius,MUS,2015,28413546770
Mauritius,MUS,2016,29517629349
Mauritius,MUS,2017,30684879593
Mauritius,MUS,2018,31948082096
Mauritius,MUS,2019,32863058998
Mauritius,MUS,2020,28197347290
Mauritius,MUS,2021,29138600357
Mauritius,MUS,2022,31569471717
Mauritius,MUS,2023,33052978617
Mauritius,MUS,2024,34688586209
Mauritius,MUS,2025,35781822657
Mexico,MEX,1990,1421988576801
Mexico,MEX,1991,1478525491319
Mexico,MEX,1992,1531288352255
Mexico,MEX,1993,1575190380963
Mexico,MEX,1994,1644406260776
Mexico,MEX,1995,1547216923735
Mexico,MEX,1996,1643427469743
Mexico,MEX,1997,1761735777951
Mexico,MEX,1998,1870700526370
Mexico,MEX,1999,1922238894434
Mexico,MEX,2000,2018913747474
Mexico,MEX,2001,2009811570677
Mexico,MEX,2002,2005056597640
Mexico,MEX,2003,2028827443215
Mexico,MEX,2004,2101164089227
Mexico,MEX,2005,2145566878719
Mexico,MEX,2006,2248661657250
Mexico,MEX,2007,2295385786948
Mexico,MEX,2008,2317038892682
Mexico,MEX,2009,2171175488654
Mexico,MEX,2010,2279111886584
Mexico,MEX,2011,2357605526765
Mexico,MEX,2012,2441376220023
Mexico,MEX,2013,2462179224639
Mexico,MEX,2014,2523826369563
Mexico,MEX,2015,2592028320887
Mexico,MEX,2016,2637971847275
Mexico,MEX,2017,2687347519389
Mexico,MEX,2018,2740344219079
Mexico,MEX,2019,2729583147300
Mexico,MEX,2020,2501552826908
Mexico,MEX,2021,2652858836180
Mexico,MEX,2022,2751273454760
Mexico,MEX,2023,2836749919768
Mexico,MEX,2024,2875062392268
Mexico,MEX,2025,2891211142079
Micronesia (country),FSM,1990,314751567
Micronesia (country),FSM,1991,338129170
Micronesia (country),FSM,1992,351681591
Micronesia (country),FSM,1993,380310744
Micronesia (country),FSM,1994,378277932
Micronesia (country),FSM,1995,404812097
Micronesia (country),FSM,1996,391295205
Micronesia (country),FSM,1997,366991478
Micronesia (country),FSM,1998,377402359
Micronesia (country),FSM,1999,381662535
Micronesia (country),FSM,2000,399312693
Micronesia (country),FSM,2001,406580837
Micronesia (country),FSM,2002,408382884
Micronesia (country),FSM,2003,415581679
Micronesia (country),FSM,2004,402323051
Micronesia (country),FSM,2005,413360634
Micronesia (country),FSM,2006,411652533
Micronesia (country),FSM,2007,404820126
Micronesia (country),FSM,2008,394571515
Micronesia (country),FSM,2009,399695820
Micronesia (country),FSM,2010,406528227
Micronesia (country),FSM,2011,421901143
Micronesia (country),FSM,2012,415068736
Micronesia (country),FSM,2013,399695820
Micronesia (country),FSM,2014,389447209
Micronesia (country),FSM,2015,406528227
Micronesia (country),FSM,2016,411652533
Micronesia (country),FSM,2017,420193042
Micronesia (country),FSM,2018,421901143
Micronesia (country),FSM,2019,437274060
Micronesia (country),FSM,2020,428279196
Micronesia (country),FSM,2021,441554563
Micronesia (country),FSM,2022,427804002
Micronesia (country),FSM,2023,432642371
Micronesia (country),FSM,2024,442598896
Micronesia (country),FSM,2025,447301984
"Middle East, North Africa, Afghanistan and Pakistan (WB)",WB_MENAP,1990,3533764265930
"Middle East, North Africa, Afghanistan and Pakistan (WB)",WB_MENAP,1991,3591581187078
"Middle East, North Africa, Afghanistan and Pakistan (WB)",WB_MENAP,1992,3808784340955
"Middle East, North Africa, Afghanistan and Pakistan (WB)",WB_MENAP,1993,3894120089380
"Middle East, North Africa, Afghanistan and Pakistan (WB)",WB_MENAP,1994,3995796025168
"Middle East, North Africa, Afghanistan and Pakistan (WB)",WB_MENAP,1995,4118861411549
"Middle East, North Africa, Afghanistan and Pakistan (WB)",WB_MENAP,1996,4334825091331
"Middle East, North Africa, Afghanistan and Pakistan (WB)",WB_MENAP,1997,4503409216939
"Middle East, North Africa, Afghanistan and Pakistan (WB)",WB_MENAP,1998,4709519249474
"Middle East, North Africa, Afghanistan and Pakistan (WB)",WB_MENAP,1999,4851135124728
"Middle East, North Africa, Afghanistan and Pakistan (WB)",WB_MENAP,2000,5144856667240
"Middle East, North Africa, Afghanistan and Pakistan (WB)",WB_MENAP,2001,5260883012004
"Middle East, North Africa, Afghanistan and Pakistan (WB)",WB_MENAP,2002,5392188072895
"Middle East, North Africa, Afghanistan and Pakistan (WB)",WB_MENAP,2003,5616437136317
"Middle East, North Africa, Afghanistan and Pakistan (WB)",WB_MENAP,2004,6062968879676
"Middle East, North Africa, Afghanistan and Pakistan (WB)",WB_MENAP,2005,6377610161386
"Middle East, North Africa, Afghanistan and Pakistan (WB)",WB_MENAP,2006,6746630802345
"Middle East, North Africa, Afghanistan and Pakistan (WB)",WB_MENAP,2007,7105730372240
"Middle East, North Africa, Afghanistan and Pakistan (WB)",WB_MENAP,2008,7418898915489
"Middle East, North Africa, Afghanistan and Pakistan (WB)",WB_MENAP,2009,7546681638039
"Middle East, North Africa, Afghanistan and Pakistan (WB)",WB_MENAP,2010,7900664014499
"Middle East, North Africa, Afghanistan and Pakistan (WB)",WB_MENAP,2011,8230159658681
"Middle East, North Africa, Afghanistan and Pakistan (WB)",WB_MENAP,2012,8491786350111
"Middle East, North Africa, Afghanistan and Pakistan (WB)",WB_MENAP,2013,8660151115229
"Middle East, North Africa, Afghanistan and Pakistan (WB)",WB_MENAP,2014,8935056471313
"Middle East, North Africa, Afghanistan and Pakistan (WB)",WB_MENAP,2015,9215584086104
"Middle East, North Africa, Afghanistan and Pakistan (WB)",WB_MENAP,2016,9658411328536
"Middle East, North Africa, Afghanistan and Pakistan (WB)",WB_MENAP,2017,9876591156774
"Middle East, North Africa, Afghanistan and Pakistan (WB)",WB_MENAP,2018,10121140448186
"Middle East, North Africa, Afghanistan and Pakistan (WB)",WB_MENAP,2019,10305486612816
"Middle East, North Africa, Afghanistan and Pakistan (WB)",WB_MENAP,2020,10031102752988
"Middle East, North Africa, Afghanistan and Pakistan (WB)",WB_MENAP,2021,10491233018995
"Middle East, North Africa, Afghanistan and Pakistan (WB)",WB_MENAP,2022,11156991854840
"Middle East, North Africa, Afghanistan and Pakistan (WB)",WB_MENAP,2023,11420692019354
"Middle East, North Africa, Afghanistan and Pakistan (WB)",WB_MENAP,2024,11702716220636
"Middle East, North Africa, Afghanistan and Pakistan (WB)",WB_MENAP,2025,12016303883551
Moldova,MDA,1990,47357419839
Moldova,MDA,1991,39780232536
Moldova,MDA,1992,28204184901
Moldova,MDA,1993,27865734701
Moldova,MDA,1994,19255222615
Moldova,MDA,1995,18985649681
Moldova,MDA,1996,17869851603
Moldova,MDA,1997,18164179596
Moldova,MDA,1998,16975844077
Moldova,MDA,1999,16404054449
Moldova,MDA,2000,16749805343
Moldova,MDA,2001,17771543536
Moldova,MDA,2002,19157723871
Moldova,MDA,2003,20422133638
Moldova,MDA,2004,21933371473
Moldova,MDA,2005,23578374366
Moldova,MDA,2006,24710136298
Moldova,MDA,2007,25451440442
Moldova,MDA,2008,27436652834
Moldova,MDA,2009,25790453592
Moldova,MDA,2010,27621575824
Moldova,MDA,2011,29228644998
Moldova,MDA,2012,29056273754
Moldova,MDA,2013,31684084103
Moldova,MDA,2014,33268169763
Moldova,MDA,2015,33155644962
Moldova,MDA,2016,34696060989
Moldova,MDA,2017,36144833893
Moldova,MDA,2018,37617951104
Moldova,MDA,2019,38954258880
Moldova,MDA,2020,35730412861
Moldova,MDA,2021,40707659297
Moldova,MDA,2022,38815627943
Moldova,MDA,2023,39276765630
Moldova,MDA,2024,39383076230
Moldova,MDA,2025,40334767222
Mongolia,MNG,1990,13930857674
Mongolia,MNG,1991,12719772331
Mongolia,MNG,1992,11542370967
Mongolia,MNG,1993,11176617291
Mongolia,MNG,1994,11415169077
Mongolia,MNG,1995,12143048987
Mongolia,MNG,1996,12414457527
Mongolia,MNG,1997,12898213380
Mongolia,MNG,1998,13329005529
Mongolia,MNG,1999,13738255184
Mongolia,MNG,2000,13895704125
Mongolia,MNG,2001,14306004046
Mongolia,MNG,2002,14983104137
Mongolia,MNG,2003,16032615830
Mongolia,MNG,2004,17736146348
Mongolia,MNG,2005,19022667065
Mongolia,MNG,2006,20650291128
Mongolia,MNG,2007,22766536341
Mongolia,MNG,2008,24792841843
Mongolia,MNG,2009,24478320115
Mongolia,MNG,2010,26036404766
Mongolia,MNG,2011,30538301606
Mongolia,MNG,2012,34300565349
Mongolia,MNG,2013,38296209459
Mongolia,MNG,2014,41315951926
Mongolia,MNG,2015,42299203744
Mongolia,MNG,2016,42929370719
Mongolia,MNG,2017,45349246281
Mongolia,MNG,2018,48861491267
Mongolia,MNG,2019,51598831338
Mongolia,MNG,2020,49247084583
Mongolia,MNG,2021,50053145881
Mongolia,MNG,2022,52572175378
Mongolia,MNG,2023,56474141515
Mongolia,MNG,2024,59366772678
Mongolia,MNG,2025,63429783639
Montenegro,MNE,1997,8922602579
Montenegro,MNE,1998,9359810492
Montenegro,MNE,1999,8479988785
Montenegro,MNE,2000,8742868155
Montenegro,MNE,2001,8839025797
Montenegro,MNE,2002,9007315203
Montenegro,MNE,2003,9230936116
Montenegro,MNE,2004,9639502100
Montenegro,MNE,2005,10042491324
Montenegro,MNE,2006,10902773301
Montenegro,MNE,2007,11680964215
Montenegro,MNE,2008,12486787248
Montenegro,MNE,2009,11738273202
Montenegro,MNE,2010,12064080458
Montenegro,MNE,2011,12475440040
Montenegro,MNE,2012,12165134824
Montenegro,MNE,2013,12577061554
Montenegro,MNE,2014,12875176767
Montenegro,MNE,2015,13200025632
Montenegro,MNE,2016,13654014855
Montenegro,MNE,2017,14093221510
Montenegro,MNE,2018,14760242569
Montenegro,MNE,2019,15408795178
Montenegro,MNE,2020,13098613271
Montenegro,MNE,2021,14807492512
Montenegro,MNE,2022,15953525339
Montenegro,MNE,2023,16987052595
Montenegro,MNE,2024,17524539733
Montenegro,MNE,2025,18005510109
Morocco,MAR,1990,108500615233
Morocco,MAR,1991,116330115276
Morocco,MAR,1992,113889813365
Morocco,MAR,1993,113046354860
Morocco,MAR,1994,125015703383
Morocco,MAR,1995,118258044704
Morocco,MAR,1996,132889966255
Morocco,MAR,1997,130815949435
Morocco,MAR,1998,140285130844
Morocco,MAR,1999,142665855758
Morocco,MAR,2000,146349746258
Morocco,MAR,2001,157650617839
Morocco,MAR,2002,163531297047
Morocco,MAR,2003,173622980434
Morocco,MAR,2004,181559946924
Morocco,MAR,2005,187355793839
Morocco,MAR,2006,201952346516
Morocco,MAR,2007,208901663617
Morocco,MAR,2008,220776760915
Morocco,MAR,2009,229046549271
Morocco,MAR,2010,237062164034
Morocco,MAR,2011,250159007579
Morocco,MAR,2012,257819736151
Morocco,MAR,2013,268447614492
Morocco,MAR,2014,275747360357
Morocco,MAR,2015,287727433233
Morocco,MAR,2016,289227026912
Morocco,MAR,2017,303855835390
Morocco,MAR,2018,313170965464
Morocco,MAR,2019,322224659036
Morocco,MAR,2020,299094704579
Morocco,MAR,2021,323485096796
Morocco,MAR,2022,329348886632
Morocco,MAR,2023,341388709808
Morocco,MAR,2024,354338830185
Morocco,MAR,2025,370621562218
Mozambique,MOZ,1990,7170866773
Mozambique,MOZ,1991,7524064320
Mozambique,MOZ,1992,6953992508
Mozambique,MOZ,1993,7714789540
Mozambique,MOZ,1994,8211636159
Mozambique,MOZ,1995,8385960474
Mozambique,MOZ,1996,9282915341
Mozambique,MOZ,1997,10379686771
Mozambique,MOZ,1998,11455980625
Mozambique,MOZ,1999,12809732312
Mozambique,MOZ,2000,12907884958
Mozambique,MOZ,2001,14566765289
Mozambique,MOZ,2002,15975153770
Mozambique,MOZ,2003,17128192582
Mozambique,MOZ,2004,18533510246
Mozambique,MOZ,2005,19703349820
Mozambique,MOZ,2006,21656085291
Mozambique,MOZ,2007,23312635904
Mozambique,MOZ,2008,24916085861
Mozambique,MOZ,2009,26393353584
Mozambique,MOZ,2010,28156358172
Mozambique,MOZ,2011,30165049214
Mozambique,MOZ,2012,32576595027
Mozambique,MOZ,2013,34717337919
Mozambique,MOZ,2014,37391464636
Mozambique,MOZ,2015,40155850652
Mozambique,MOZ,2016,42041967039
Mozambique,MOZ,2017,43151121313
Mozambique,MOZ,2018,44654908558
Mozambique,MOZ,2019,45689926257
Mozambique,MOZ,2020,45132727326
Mozambique,MOZ,2021,46205728911
Mozambique,MOZ,2022,48224599530
Mozambique,MOZ,2023,50878806530
Mozambique,MOZ,2024,51972153919
Mozambique,MOZ,2025,51700087291
Myanmar,MMR,1990,30871439712
Myanmar,MMR,1991,30670584905
Myanmar,MMR,1992,33633652463
Myanmar,MMR,1993,35664926709
Myanmar,MMR,1994,38331935077
Myanmar,MMR,1995,40995257643
Myanmar,MMR,1996,43636465399
Myanmar,MMR,1997,46102616443
Myanmar,MMR,1998,48807094193
Myanmar,MMR,1999,54149094093
Myanmar,MMR,2000,61592390964
Myanmar,MMR,2001,68579429990
Myanmar,MMR,2002,76826458556
Myanmar,MMR,2003,87462311090
Myanmar,MMR,2004,99326277631
Myanmar,MMR,2005,112803810601
Myanmar,MMR,2006,127554151235
Myanmar,MMR,2007,142849724677
Myanmar,MMR,2008,157499400196
Myanmar,MMR,2009,174115601243
Myanmar,MMR,2010,190890663421
Myanmar,MMR,2011,201564281228
Myanmar,MMR,2012,216344325709
Myanmar,MMR,2013,234573500811
Myanmar,MMR,2014,253737938743
Myanmar,MMR,2015,271481427555
Myanmar,MMR,2016,287396952715
Myanmar,MMR,2017,305031940823
Myanmar,MMR,2018,324153972904
Myanmar,MMR,2019,345480419570
Myanmar,MMR,2020,314220151769
Myanmar,MMR,2021,276462287916
Myanmar,MMR,2022,287624434643
Myanmar,MMR,2023,290381161330
Myanmar,MMR,2024,287558521666
Myanmar,MMR,2025,281773290621
Namibia,NAM,1990,9970961728
Namibia,NAM,1991,10785151825
Namibia,NAM,1992,11560533332
Namibia,NAM,1993,11377930181
Namibia,NAM,1994,11574754661
Namibia,NAM,1995,12026055992
Namibia,NAM,1996,12409846439
Namibia,NAM,1997,12933554406
Namibia,NAM,1998,13359273423
Namibia,NAM,1999,13809384540
Namibia,NAM,2000,14291633570
Namibia,NAM,2001,14459981681
Namibia,NAM,2002,15152421216
Namibia,NAM,2003,15794852707
Namibia,NAM,2004,17732809757
Namibia,NAM,2005,18181319093
Namibia,NAM,2006,19467315667
Namibia,NAM,2007,20513497807
Namibia,NAM,2008,21057066941
Namibia,NAM,2009,21119389734
Namibia,NAM,2010,22394842369
Namibia,NAM,2011,23535039520
Namibia,NAM,2012,24726308395
Namibia,NAM,2013,26114621285
Namibia,NAM,2014,27705659590
Namibia,NAM,2015,28887077272
Namibia,NAM,2016,28896839500
Namibia,NAM,2017,28599997269
Namibia,NAM,2018,28903139937
Namibia,NAM,2019,28660598613
Namibia,NAM,2020,26338688299
Namibia,NAM,2021,27287889637
Namibia,NAM,2022,28761087697
Namibia,NAM,2023,30004999128
Namibia,NAM,2024,31138743191
Namibia,NAM,2025,31677499977
Nauru,NRU,1990,289884167
Nauru,NRU,1991,234824136
Nauru,NRU,1992,196641110
Nauru,NRU,1993,164947746
Nauru,NRU,1994,158570670
Nauru,NRU,1995,146006404
Nauru,NRU,1996,128690669
Nauru,NRU,1997,117168244
Nauru,NRU,1998,103356456
Nauru,NRU,1999,96567797
Nauru,NRU,2000,89946954
Nauru,NRU,2001,83865515
Nauru,NRU,2002,75503004
Nauru,NRU,2003,75717870
Nauru,NRU,2004,72450821
Nauru,NRU,2005,72450821
Nauru,NRU,2006,78573426
Nauru,NRU,2007,61226046
Nauru,NRU,2008,73471255
Nauru,NRU,2009,69389519
Nauru,NRU,2010,69389519
Nauru,NRU,2011,79593860
Nauru,NRU,2012,98982108
Nauru,NRU,2013,103063844
Nauru,NRU,2014,119390790
Nauru,NRU,2015,123472527
Nauru,NRU,2016,128574697
Nauru,NRU,2017,120411224
Nauru,NRU,2018,119390790
Nauru,NRU,2019,129595131
Nauru,NRU,2020,131635999
Nauru,NRU,2021,141840340
Nauru,NRU,2022,141840340
Nauru,NRU,2023,140819906
Nauru,NRU,2024,142860775
Nauru,NRU,2025,145922077
Nepal,NPL,1990,35305600051
Nepal,NPL,1991,37553913761
Nepal,NPL,1992,39096030161
Nepal,NPL,1993,40601168688
Nepal,NPL,1994,43936961801
Nepal,NPL,1995,45460894184
Nepal,NPL,1996,47883179815
Nepal,NPL,1997,50300616038
Nepal,NPL,1998,51817878527
Nepal,NPL,1999,54104380389
Nepal,NPL,2000,57458851963
Nepal,NPL,2001,60216814884
Nepal,NPL,2002,60289161279
Nepal,NPL,2003,62667591457
Nepal,NPL,2004,65602066132
Nepal,NPL,2005,67884480784
Nepal,NPL,2006,70168532058
Nepal,NPL,2007,72562373827
Nepal,NPL,2008,76992044903
Nepal,NPL,2009,80482154910
Nepal,NPL,2010,84358509208
Nepal,NPL,2011,87245096016
Nepal,NPL,2012,91319565822
Nepal,NPL,2013,94538720393
Nepal,NPL,2014,100221899349
Nepal,NPL,2015,104206775456
Nepal,NPL,2016,104658109297
Nepal,NPL,2017,114053560138
Nepal,NPL,2018,122747151452
Nepal,NPL,2019,130918497364
Nepal,NPL,2020,127816225643
Nepal,NPL,2021,134000165871
Nepal,NPL,2022,141546136718
Nepal,NPL,2023,144352357436
Nepal,NPL,2024,149661456120
Nepal,NPL,2025,156292554073
Netherlands,NLD,1990,644833315869
Netherlands,NLD,1991,660561666709
Netherlands,NLD,1992,671831317775
Netherlands,NLD,1993,680279946925
Netherlands,NLD,1994,700423665565
Netherlands,NLD,1995,722249118706
Netherlands,NLD,1996,746954627395
Netherlands,NLD,1997,778688800304
Netherlands,NLD,1998,814879945138
Netherlands,NLD,1999,855977129018
Netherlands,NLD,2000,892096798889
Netherlands,NLD,2001,912825422273
Netherlands,NLD,2002,915069416602
Netherlands,NLD,2003,915964857226
Netherlands,NLD,2004,934433303819
Netherlands,NLD,2005,953439824533
Netherlands,NLD,2006,987165811960
Netherlands,NLD,2007,1025521384237
Netherlands,NLD,2008,1047229058322
Netherlands,NLD,2009,1008845165698
Netherlands,NLD,2010,1022155393436
Netherlands,NLD,2011,1040281307796
Netherlands,NLD,2012,1030109165433
Netherlands,NLD,2013,1029797649931
Netherlands,NLD,2014,1046403743083
Netherlands,NLD,2015,1068594200173
Netherlands,NLD,2016,1094499922643
Netherlands,NLD,2017,1124943529347
Netherlands,NLD,2018,1150352984120
Netherlands,NLD,2019,1176812961787
Netherlands,NLD,2020,1131293870060
Netherlands,NLD,2021,1202303330254
Netherlands,NLD,2022,1262505477809
Netherlands,NLD,2023,1254954924701
Netherlands,NLD,2024,1268431024402
Netherlands,NLD,2025,1291067852227
New Zealand,NZL,1990,102510229695
New Zealand,NZL,1991,101407355462
New Zealand,NZL,1992,102523771698
New Zealand,NZL,1993,109068510913
New Zealand,NZL,1994,114643737156
New Zealand,NZL,1995,120074136760
New Zealand,NZL,1996,124385806337
New Zealand,NZL,1997,126967453431
New Zealand,NZL,1998,128053264612
New Zealand,NZL,1999,134946567709
New Zealand,NZL,2000,138817902527
New Zealand,NZL,2001,143559331571
New Zealand,NZL,2002,150328363557
New Zealand,NZL,2003,157432693879
New Zealand,NZL,2004,163872534540
New Zealand,NZL,2005,169367105965
New Zealand,NZL,2006,174066099542
New Zealand,NZL,2007,179397956912
New Zealand,NZL,2008,177558031114
New Zealand,NZL,2009,177486546454
New Zealand,NZL,2010,180098837893
New Zealand,NZL,2011,183961058272
New Zealand,NZL,2012,188196879917
New Zealand,NZL,2013,193023821383
New Zealand,NZL,2014,200396050054
New Zealand,NZL,2015,207870187709
New Zealand,NZL,2016,215651859628
New Zealand,NZL,2017,222802198613
New Zealand,NZL,2018,230204125825
New Zealand,NZL,2019,235553418426
New Zealand,NZL,2020,234985932282
New Zealand,NZL,2021,245088353611
New Zealand,NZL,2022,253287094503
New Zealand,NZL,2023,257881455266
New Zealand,NZL,2024,255641181371
New Zealand,NZL,2025,256824472387
Nicaragua,NIC,1990,17556044736
Nicaragua,NIC,1991,17522814392
Nicaragua,NIC,1992,17590513186
Nicaragua,NIC,1993,17521393719
Nicaragua,NIC,1994,18106209852
Nicaragua,NIC,1995,19176632310
Nicaragua,NIC,1996,20393249326
Nicaragua,NIC,1997,21202178340
Nicaragua,NIC,1998,21989135663
Nicaragua,NIC,1999,23536284754
Nicaragua,NIC,2000,24501646714
Nicaragua,NIC,2001,25227102126
Nicaragua,NIC,2002,25417299056
Nicaragua,NIC,2003,26058001275
Nicaragua,NIC,2004,27442246750
Nicaragua,NIC,2005,28617433068
Nicaragua,NIC,2006,29805899495
Nicaragua,NIC,2007,31318951876
Nicaragua,NIC,2008,32394982410
Nicaragua,NIC,2009,31328324111
Nicaragua,NIC,2010,32709934256
Nicaragua,NIC,2011,34776117942
Nicaragua,NIC,2012,37035222022
Nicaragua,NIC,2013,38859982274
Nicaragua,NIC,2014,40719611235
Nicaragua,NIC,2015,42671004005
Nicaragua,NIC,2016,44618144813
Nicaragua,NIC,2017,46684503716
Nicaragua,NIC,2018,45114337351
Nicaragua,NIC,2019,43807433706
Nicaragua,NIC,2020,42827662156
Nicaragua,NIC,2021,47305032464
Nicaragua,NIC,2022,48984491097
Nicaragua,NIC,2023,51153423422
Nicaragua,NIC,2024,52985199356
Nicaragua,NIC,2025,55593939194
Niger,NER,1990,11768114814
Niger,NER,1991,11716395232
Niger,NER,1992,11950811286
Niger,NER,1993,11989251725
Niger,NER,1994,12211625823
Niger,NER,1995,12511695281
Niger,NER,1996,12524273351
Niger,NER,1997,12715578585
Niger,NER,1998,13983654276
Niger,NER,1999,13952951413
Niger,NER,2000,13784333101
Niger,NER,2001,14786197026
Niger,NER,2002,15513451776
Niger,NER,2003,15850188371
Niger,NER,2004,15907851607
Niger,NER,2005,17074194422
Niger,NER,2006,18086873426
Niger,NER,2007,18655293953
Niger,NER,2008,20097612004
Niger,NER,2009,20492047920
Niger,NER,2010,22249889959
Niger,NER,2011,22774488283
Niger,NER,2012,25176956430
Niger,NER,2013,26515144554
Niger,NER,2014,28276316689
Niger,NER,2015,29518395984
Niger,NER,2016,30782189383
Niger,NER,2017,32485055578
Niger,NER,2018,34724765091
Niger,NER,2019,36835619420
Niger,NER,2020,38476579239
Niger,NER,2021,38905670296
Niger,NER,2022,43660546146
Niger,NER,2023,44811075674
Niger,NER,2024,48540822754
Niger,NER,2025,51942480899
Nigeria,NGA,1990,526765142748
Nigeria,NGA,1991,528652819341
Nigeria,NGA,1992,553135751420
Nigeria,NGA,1993,541878781897
Nigeria,NGA,1994,532044091205
Nigeria,NGA,1995,531657482621
Nigeria,NGA,1996,553965426780
Nigeria,NGA,1997,570235942113
Nigeria,NGA,1998,584955180759
Nigeria,NGA,1999,588372061281
Nigeria,NGA,2000,617884420018
Nigeria,NGA,2001,654448871491
Nigeria,NGA,2002,754770358247
Nigeria,NGA,2003,810224808028
Nigeria,NGA,2004,885175125682
Nigeria,NGA,2005,942167272427
Nigeria,NGA,2006,999257220241
Nigeria,NGA,2007,1065119566266
Nigeria,NGA,2008,1137169289377
Nigeria,NGA,2009,1228562733436
Nigeria,NGA,2010,1326917238590
Nigeria,NGA,2011,1397348999851
Nigeria,NGA,2012,1456457717371
Nigeria,NGA,2013,1553622896556
Nigeria,NGA,2014,1651652130292
Nigeria,NGA,2015,1695465395615
Nigeria,NGA,2016,1668051942092
Nigeria,NGA,2017,1681494549493
Nigeria,NGA,2018,1713825609399
Nigeria,NGA,2019,1751674235936
Nigeria,NGA,2020,1640111883469
Nigeria,NGA,2021,1658304866199
Nigeria,NGA,2022,1729924225820
Nigeria,NGA,2023,1787286846905
Nigeria,NGA,2024,1860048483015
Nigeria,NGA,2025,1934698958424
North America (WB),WB_NA,1990,12204711561127
North America (WB),WB_NA,1991,12169112412759
North America (WB),WB_NA,1992,12568727443429
North America (WB),WB_NA,1993,12913562834662
North America (WB),WB_NA,1994,13438982192917
North America (WB),WB_NA,1995,13799796028708
North America (WB),WB_NA,1996,14294962861883
North America (WB),WB_NA,1997,14928615186714
North America (WB),WB_NA,1998,15590222058260
North America (WB),WB_NA,1999,16341410039515
North America (WB),WB_NA,2000,17023021058917
North America (WB),WB_NA,2001,17199717659810
North America (WB),WB_NA,2002,17511635365167
North America (WB),WB_NA,2003,17985814923402
North America (WB),WB_NA,2004,18665782517455
North America (WB),WB_NA,2005,19311425581524
North America (WB),WB_NA,2006,19846874372170
North America (WB),WB_NA,2007,20245472501050
North America (WB),WB_NA,2008,20283912760389
North America (WB),WB_NA,2009,19755027471966
North America (WB),WB_NA,2010,20293962261234
North America (WB),WB_NA,2011,20639194374528
North America (WB),WB_NA,2012,21101321787858
North America (WB),WB_NA,2013,21551965559618
North America (WB),WB_NA,2014,22102227206300
North America (WB),WB_NA,2015,22707804768590
North America (WB),WB_NA,2016,23105295555344
North America (WB),WB_NA,2017,23684774977704
North America (WB),WB_NA,2018,24382551742150
North America (WB),WB_NA,2019,24998058795670
North America (WB),WB_NA,2020,24413403796420
North America (WB),WB_NA,2021,25911097971316
North America (WB),WB_NA,2022,26612693378055
North America (WB),WB_NA,2023,27371304259313
North America (WB),WB_NA,2024,28118399864194
North America (WB),WB_NA,2025,28716203683698
North Macedonia,MKD,1990,26630847503
North Macedonia,MKD,1991,24987519781
North Macedonia,MKD,1992,23347039463
North Macedonia,MKD,1993,21603185740
North Macedonia,MKD,1994,21223365835
North Macedonia,MKD,1995,20986783098
North Macedonia,MKD,1996,21235498281
North Macedonia,MKD,1997,21541285493
North Macedonia,MKD,1998,22269108584
North Macedonia,MKD,1999,23235371422
North Macedonia,MKD,2000,24292380018
North Macedonia,MKD,2001,23547270382
North Macedonia,MKD,2002,23898987829
North Macedonia,MKD,2003,24430167129
North Macedonia,MKD,2004,25572055025
North Macedonia,MKD,2005,26780101572
North Macedonia,MKD,2006,28155802128
North Macedonia,MKD,2007,29978464279
North Macedonia,MKD,2008,31618886261
North Macedonia,MKD,2009,31505496237
North Macedonia,MKD,2010,32563687362
North Macedonia,MKD,2011,33325640539
North Macedonia,MKD,2012,33173614557
North Macedonia,MKD,2013,34144028260
North Macedonia,MKD,2014,35383157217
North Macedonia,MKD,2015,36747484042
North Macedonia,MKD,2016,37794127791
North Macedonia,MKD,2017,38202974362
North Macedonia,MKD,2018,39303447985
North Macedonia,MKD,2019,40840377694
North Macedonia,MKD,2020,38925597002
North Macedonia,MKD,2021,40681405923
North Macedonia,MKD,2022,41803758784
North Macedonia,MKD,2023,42871830296
North Macedonia,MKD,2024,44155299441
North Macedonia,MKD,2025,45695023963
Norway,NOR,1990,240102384105
Norway,NOR,1991,246966085239
Norway,NOR,1992,255768514734
Norway,NOR,1993,263116897858
Norway,NOR,1994,276376234106
Norway,NOR,1995,287853849645
Norway,NOR,1996,302158730431
Norway,NOR,1997,317544922631
Norway,NOR,1998,326200905550
Norway,NOR,1999,333320606646
Norway,NOR,2000,344798222185
Norway,NOR,2001,352257707809
Norway,NOR,2002,357391789436
Norway,NOR,2003,361310082239
Norway,NOR,2004,376955372361
Norway,NOR,2005,388149951645
Norway,NOR,2006,399201604580
Norway,NOR,2007,412855501849
Norway,NOR,2008,416252500851
Norway,NOR,2009,409537217806
Norway,NOR,2010,413652791186
Norway,NOR,2011,419382094013
Norway,NOR,2012,431225262902
Norway,NOR,2013,436714336937
Norway,NOR,2014,445864436344
Norway,NOR,2015,454979191541
Norway,NOR,2016,460855645122
Norway,NOR,2017,473158853624
Norway,NOR,2018,478412768070
Norway,NOR,2019,485444037932
Norway,NOR,2020,478839293963
Norway,NOR,2021,498678309268
Norway,NOR,2022,519026367563
Norway,NOR,2023,520856950627
Norway,NOR,2024,528272502211
Norway,NOR,2025,534005747798
Oman,OMN,1990,62093919315
Oman,OMN,1991,65865552351
Oman,OMN,1992,71407403692
Oman,OMN,1993,75722525016
Oman,OMN,1994,78657359079
Oman,OMN,1995,82587725352
Oman,OMN,1996,85103297839
Oman,OMN,1997,90238015958
Oman,OMN,1998,90176767724
Oman,OMN,1999,90445129903
Oman,OMN,2000,96045863748
Oman,OMN,2001,100476619353
Oman,OMN,2002,99688716081
Oman,OMN,2003,97500882042
Oman,OMN,2004,99443601849
Oman,OMN,2005,102207580679
Oman,OMN,2006,106980485428
Oman,OMN,2007,112308813972
Oman,OMN,2008,122360519029
Oman,OMN,2009,129680084836
Oman,OMN,2010,132885774673
Oman,OMN,2011,136732299244
Oman,OMN,2012,148851050089
Oman,OMN,2013,156632542510
Oman,OMN,2014,158656630134
Oman,OMN,2015,166616525284
Oman,OMN,2016,175024701514
Oman,OMN,2017,175556877361
Oman,OMN,2018,177816476803
Oman,OMN,2019,175809572445
Oman,OMN,2020,169867700237
Oman,OMN,2021,174253981507
Oman,OMN,2022,188169394400
Oman,OMN,2023,190830135664
Oman,OMN,2024,193943781823
Oman,OMN,2025,198594308998
Pakistan,PAK,1990,371666437763
Pakistan,PAK,1991,390478586348
Pakistan,PAK,1992,420568467210
Pakistan,PAK,1993,427960999760
Pakistan,PAK,1994,443955680746
Pakistan,PAK,1995,465987465964
Pakistan,PAK,1996,488571927288
Pakistan,PAK,1997,493527981429
Pakistan,PAK,1998,506114101282
Pakistan,PAK,1999,524638549202
Pakistan,PAK,2000,546988613138
Pakistan,PAK,2001,566961082799
Pakistan,PAK,2002,581672683569
Pakistan,PAK,2003,613090633473
Pakistan,PAK,2004,661103327854
Pakistan,PAK,2005,709209003607
Pakistan,PAK,2006,752127762869
Pakistan,PAK,2007,785558445527
Pakistan,PAK,2008,802215749225
Pakistan,PAK,2009,830073097004
Pakistan,PAK,2010,842538450143
Pakistan,PAK,2011,865119465149
Pakistan,PAK,2012,891311682885
Pakistan,PAK,2013,930234061250
Pakistan,PAK,2014,968526478209
Pakistan,PAK,2015,1009378364242
Pakistan,PAK,2016,1075733265592
Pakistan,PAK,2017,1123416497011
Pakistan,PAK,2018,1192525738990
Pakistan,PAK,2019,1222310702240
Pakistan,PAK,2020,1206737395064
Pakistan,PAK,2021,1285342890384
Pakistan,PAK,2022,1346757947320
Pakistan,PAK,2023,1341169763803
Pakistan,PAK,2024,1382501436758
Pakistan,PAK,2025,1433632238850
Palau,PLW,1990,271725101
Palau,PLW,1991,285053855
Palau,PLW,1992,266810302
Palau,PLW,1993,233992525
Palau,PLW,1994,251074077
Palau,PLW,1995,278441126
Palau,PLW,1996,307399001
Palau,PLW,1997,314469182
Palau,PLW,1998,320758512
Palau,PLW,1999,303437605
Palau,PLW,2000,295536317
Palau,PLW,2001,317246085
Palau,PLW,2002,332204160
Palau,PLW,2003,325135656
Palau,PLW,2004,336426033
Palau,PLW,2005,346131319
Palau,PLW,2006,346920855
Palau,PLW,2007,349304413
Palau,PLW,2008,329905800
Palau,PLW,2009,309467825
Palau,PLW,2010,300101835
Palau,PLW,2011,313742491
Palau,PLW,2012,320209756
Palau,PLW,2013,315747046
Palau,PLW,2014,329052386
Palau,PLW,2015,357252194
Palau,PLW,2016,363205826
Palau,PLW,2017,350778987
Palau,PLW,2018,349314043
Palau,PLW,2019,350364376
Palau,PLW,2020,329316561
Palau,PLW,2021,290079678
Palau,PLW,2022,288736959
Palau,PLW,2023,292267774
Palau,PLW,2024,327357361
Palau,PLW,2025,347936278
Palestine,PSE,1994,9386367656
Palestine,PSE,1995,10054476156
Palestine,PSE,1996,10176591543
Palestine,PSE,1997,11669257281
Palestine,PSE,1998,13341941143
Palestine,PSE,1999,14446732781
Palestine,PSE,2000,13210732057
Palestine,PSE,2001,11980670076
Palestine,PSE,2002,10484478209
Palestine,PSE,2003,11953945736
Palestine,PSE,2004,14574786910
Palestine,PSE,2005,16220375261
Palestine,PSE,2006,16058730121
Palestine,PSE,2007,16667080027
Palestine,PSE,2008,17905307779
Palestine,PSE,2009,19443998769
Palestine,PSE,2010,20567348977
Palestine,PSE,2011,22541980763
Palestine,PSE,2012,23916242829
Palestine,PSE,2013,25039964208
Palestine,PSE,2014,25000434455
Palestine,PSE,2015,25930775540
Palestine,PSE,2016,28229439949
Palestine,PSE,2017,28630119462
Palestine,PSE,2018,28981433182
Palestine,PSE,2019,29376359539
Palestine,PSE,2020,26051406241
Palestine,PSE,2021,27878126229
Palestine,PSE,2022,29016323292
Palestine,PSE,2023,28734233037
Palestine,PSE,2024,22166355318
Palestine,PSE,2025,23129359485
Panama,PAN,1990,25203349661
Panama,PAN,1991,27577254690
Panama,PAN,1992,29839052743
Panama,PAN,1993,31466995302
Panama,PAN,1994,32363850979
Panama,PAN,1995,32930761729
Panama,PAN,1996,34274238906
Panama,PAN,1997,36916453694
Panama,PAN,1998,40012810957
Panama,PAN,1999,42098136957
Panama,PAN,2000,43870049848
Panama,PAN,2001,44286775027
Panama,PAN,2002,45397861004
Panama,PAN,2003,47711726561
Panama,PAN,2004,51612471927
Panama,PAN,2005,55884014733
Panama,PAN,2006,61392635463
Panama,PAN,2007,69467648943
Panama,PAN,2008,76551565617
Panama,PAN,2009,77785472790
Panama,PAN,2010,82509690663
Panama,PAN,2011,92335668423
Panama,PAN,2012,101225094194
Panama,PAN,2013,107626927373
Panama,PAN,2014,112605548584
Panama,PAN,2015,118536389586
Panama,PAN,2016,123955834295
Panama,PAN,2017,131075931126
Panama,PAN,2018,136211804010
Panama,PAN,2019,140438393571
Panama,PAN,2020,115410702568
Panama,PAN,2021,134415382039
Panama,PAN,2022,149252961480
Panama,PAN,2023,159948936405
Panama,PAN,2024,164344079638
Panama,PAN,2025,171493547705
Papua New Guinea,PNG,1990,12330625672
Papua New Guinea,PNG,1991,13507817892
Papua New Guinea,PNG,1992,15378527110
Papua New Guinea,PNG,1993,18177770590
Papua New Guinea,PNG,1994,19257913543
Papua New Guinea,PNG,1995,18620005021
Papua New Guinea,PNG,1996,20060019567
Papua New Guinea,PNG,1997,19276798238
Papua New Guinea,PNG,1998,18550233887
Papua New Guinea,PNG,1999,18894443493
Papua New Guinea,PNG,2000,18423056983
Papua New Guinea,PNG,2001,18400711914
Papua New Guinea,PNG,2002,18371473084
Papua New Guinea,PNG,2003,18769050593
Papua New Guinea,PNG,2004,19279789445
Papua New Guinea,PNG,2005,20503052739
Papua New Guinea,PNG,2006,21612256430
Papua New Guinea,PNG,2007,23301295166
Papua New Guinea,PNG,2008,23232216649
Papua New Guinea,PNG,2009,24812105301
Papua New Guinea,PNG,2010,27325187990
Papua New Guinea,PNG,2011,27627826368
Papua New Guinea,PNG,2012,28914487284
Papua New Guinea,PNG,2013,30020450904
Papua New Guinea,PNG,2014,34086351914
Papua New Guinea,PNG,2015,36328673600
Papua New Guinea,PNG,2016,38322962713
Papua New Guinea,PNG,2017,39677530299
Papua New Guinea,PNG,2018,39566729889
Papua New Guinea,PNG,2019,41339522986
Papua New Guinea,PNG,2020,40030121688
Papua New Guinea,PNG,2021,39825722840
Papua New Guinea,PNG,2022,42098584668
Papua New Guinea,PNG,2023,43702735696
Papua New Guinea,PNG,2024,45401877627
Papua New Guinea,PNG,2025,47961599404
Paraguay,PRY,1990,40200970637
Paraguay,PRY,1991,41605451910
Paraguay,PRY,1992,42311258450
Paraguay,PRY,1993,44399894240
Paraguay,PRY,1994,46761044057
Paraguay,PRY,1995,49951461389
Paraguay,PRY,1996,50737590062
Paraguay,PRY,1997,52890140490
Paraguay,PRY,1998,52926125755
Paraguay,PRY,1999,52203112689
Paraguay,PRY,2000,50995059280
Paraguay,PRY,2001,50569732583
Paraguay,PRY,2002,50558908437
Paraguay,PRY,2003,52743430191
Paraguay,PRY,2004,54883451813
Paraguay,PRY,2005,56054385134
Paraguay,PRY,2006,58748985119
Paraguay,PRY,2007,61934133534
Paraguay,PRY,2008,65957555770
Paraguay,PRY,2009,65785315971
Paraguay,PRY,2010,73084348919
Paraguay,PRY,2011,76217015408
Paraguay,PRY,2012,75677366080
Paraguay,PRY,2013,81953347934
Paraguay,PRY,2014,86297890485
Paraguay,PRY,2015,88849850007
Paraguay,PRY,2016,92641984558
Paraguay,PRY,2017,97098137069
Paraguay,PRY,2018,100209404457
Paraguay,PRY,2019,99806707853
Paraguay,PRY,2020,98988507043
Paraguay,PRY,2021,102942716900
Paraguay,PRY,2022,102913813496
Paraguay,PRY,2023,108353679035
Paraguay,PRY,2024,113412870267
Paraguay,PRY,2025,120946462068
Peru,PER,1990,139050289092
Peru,PER,1991,142136175291
Peru,PER,1992,141367916294
Peru,PER,1993,148780651849
Peru,PER,1994,167093119290
Peru,PER,1995,179477050458
Peru,PER,1996,184500564784
Peru,PER,1997,196450342420
Peru,PER,1998,195681165551
Peru,PER,1999,198606424121
Peru,PER,2000,203957618808
Peru,PER,2001,205217857282
Peru,PER,2002,216409472515
Peru,PER,2003,225422977115
Peru,PER,2004,236599906394
Peru,PER,2005,251470353240
Peru,PER,2006,270403302261
Peru,PER,2007,293437304088
Peru,PER,2008,320218060068
Peru,PER,2009,323727085331
Peru,PER,2010,350701512336
Peru,PER,2011,372891071777
Peru,PER,2012,395785557036
Peru,PER,2013,418948978837
Peru,PER,2014,428929002821
Peru,PER,2015,442878823892
Peru,PER,2016,460387235322
Peru,PER,2017,471983632178
Peru,PER,2018,490718320812
Peru,PER,2019,501713511404
Peru,PER,2020,446859635445
Peru,PER,2021,506813209118
Peru,PER,2022,521096217783
Peru,PER,2023,519268734314
Peru,PER,2024,537522457938
Peru,PER,2025,555962509610
Philippines,PHL,1990,283126473617
Philippines,PHL,1991,281890937770
Philippines,PHL,1992,283068196261
Philippines,PHL,1993,289244432888
Philippines,PHL,1994,301895018069
Philippines,PHL,1995,315858342273
Philippines,PHL,1996,334368739912
Philippines,PHL,1997,351710479274
Philippines,PHL,1998,349902368762
Philippines,PHL,1999,361611680724
Philippines,PHL,2000,377459330716
Philippines,PHL,2001,388968938941
Philippines,PHL,2002,403424016589
Philippines,PHL,2003,423945837811
Philippines,PHL,2004,451795808663
Philippines,PHL,2005,474125839632
Philippines,PHL,2006,499332345525
Philippines,PHL,2007,531885276934
Philippines,PHL,2008,554992965268
Philippines,PHL,2009,563031056381
Philippines,PHL,2010,604326568988
Philippines,PHL,2011,627642895061
Philippines,PHL,2012,670931122448
Philippines,PHL,2013,716222537880
Philippines,PHL,2014,761688254932
Philippines,PHL,2015,810042584431
Philippines,PHL,2016,867956228661
Philippines,PHL,2017,928114173543
Philippines,PHL,2018,986970399946
Philippines,PHL,2019,1047358437145
Philippines,PHL,2020,947667774109
Philippines,PHL,2021,1001824458376
Philippines,PHL,2022,1077772591518
Philippines,PHL,2023,1137254318493
Philippines,PHL,2024,1202245505768
Philippines,PHL,2025,1255173180994
Poland,POL,1990,488636005387
Poland,POL,1991,454355361418
Poland,POL,1992,465782301587
Poland,POL,1993,483194689317
Poland,POL,1994,508769227819
Poland,POL,1995,549112895547
Poland,POL,1996,582575162595
Poland,POL,1997,619620571605
Poland,POL,1998,648257026192
Poland,POL,1999,678719821780
Poland,POL,2000,710323273628
Poland,POL,2001,719086848972
Poland,POL,2002,732758087729
Poland,POL,2003,758575874955
Poland,POL,2004,797193421189
Poland,POL,2005,823188485604
Poland,POL,2006,874243517193
Poland,POL,2007,933346294279
Poland,POL,2008,974262055589
Poland,POL,2009,999740261175
Poland,POL,2010,1031421305065
Poland,POL,2011,1085627265652
Poland,POL,2012,1102039579729
Poland,POL,2013,1109580182039
Poland,POL,2014,1153081368765
Poland,POL,2015,1204183248380
Poland,POL,2016,1240684182182
Poland,POL,2017,1304609910272
Poland,POL,2018,1386093998885
Poland,POL,2019,1449583454736
Poland,POL,2020,1420076185854
Poland,POL,2021,1518447457166
Poland,POL,2022,1598248809948
Poland,POL,2023,1602238212133
Poland,POL,2024,1650760655426
Poland,POL,2025,1709737794625
Portugal,PRT,1990,271449408087
Portugal,PRT,1991,283306877870
Portugal,PRT,1992,286393440856
Portugal,PRT,1993,280541628709
Portugal,PRT,1994,283248401748
Portugal,PRT,1995,295379308136
Portugal,PRT,1996,305730127294
Portugal,PRT,1997,319184905607
Portugal,PRT,1998,334531198375
Portugal,PRT,1999,347599919892
Portugal,PRT,2000,360864948578
Portugal,PRT,2001,367878980026
Portugal,PRT,2002,370715050248
Portugal,PRT,2003,367265468688
Portugal,PRT,2004,373834876613
Portugal,PRT,2005,376757695508
Portugal,PRT,2006,382880141167
Portugal,PRT,2007,392477335826
Portugal,PRT,2008,393730309298
Portugal,PRT,2009,381437740848
Portugal,PRT,2010,388065696624
Portugal,PRT,2011,381416084353
Portugal,PRT,2012,365965289984
Portugal,PRT,2013,362363801506
Portugal,PRT,2014,365050335642
Portugal,PRT,2015,370853898713
Portugal,PRT,2016,378286334847
Portugal,PRT,2017,390825467955
Portugal,PRT,2018,402340293975
Portugal,PRT,2019,413387288366
Portugal,PRT,2020,379470384302
Portugal,PRT,2021,400564219793
Portugal,PRT,2022,428547000796
Portugal,PRT,2023,441831904076
Portugal,PRT,2024,451616679505
Portugal,PRT,2025,460036982508
Puerto Rico,PRI,1990,94575186676
Puerto Rico,PRI,1991,96754568943
Puerto Rico,PRI,1992,101170497603
Puerto Rico,PRI,1993,105869388737
Puerto Rico,PRI,1994,110301037504
Puerto Rico,PRI,1995,115318618493
Puerto Rico,PRI,1996,117986754052
Puerto Rico,PRI,1997,123744610544
Puerto Rico,PRI,1998,130588585443
Puerto Rico,PRI,1999,137626918304
Puerto Rico,PRI,2000,142130022240
Puerto Rico,PRI,2001,151103360796
Puerto Rico,PRI,2002,152488161785
Puerto Rico,PRI,2003,152569620659
Puerto Rico,PRI,2004,165917443819
Puerto Rico,PRI,2005,162620765888
Puerto Rico,PRI,2006,160328765955
Puerto Rico,PRI,2007,158464452393
Puerto Rico,PRI,2008,155542155203
Puerto Rico,PRI,2009,152505310993
Puerto Rico,PRI,2010,151875076513
Puerto Rico,PRI,2011,151330588209
Puerto Rico,PRI,2012,151374890466
Puerto Rico,PRI,2013,150910431935
Puerto Rico,PRI,2014,149114049276
Puerto Rico,PRI,2015,147549410420
Puerto Rico,PRI,2016,145684836860
Puerto Rico,PRI,2017,141481511164
Puerto Rico,PRI,2018,135310898292
Puerto Rico,PRI,2019,137577983403
Puerto Rico,PRI,2020,131826020840
Puerto Rico,PRI,2021,132333844622
Puerto Rico,PRI,2022,136247082992
Puerto Rico,PRI,2023,137243719648
Puerto Rico,PRI,2024,141604056305
Puerto Rico,PRI,2025,142053889977
Qatar,QAT,1990,33146744598
Qatar,QAT,1991,32595768611
Qatar,QAT,1992,36289041216
Qatar,QAT,1993,35808162041
Qatar,QAT,1994,36316175440
Qatar,QAT,1995,37187486302
Qatar,QAT,1996,38814033696
Qatar,QAT,1997,50462916902
Qatar,QAT,1998,56124176172
Qatar,QAT,1999,58528572002
Qatar,QAT,2000,63227319209
Qatar,QAT,2001,65692013365
Qatar,QAT,2002,70410357538
Qatar,QAT,2003,73029566157
Qatar,QAT,2004,87064755696
Qatar,QAT,2005,93588281057
Qatar,QAT,2006,118080708149
Qatar,QAT,2007,139317779227
Qatar,QAT,2008,163925526893
Qatar,QAT,2009,183527005851
Qatar,QAT,2010,214233929333
Qatar,QAT,2011,242130197025
Qatar,QAT,2012,253331713195
Qatar,QAT,2013,264556086390
Qatar,QAT,2014,275453456566
Qatar,QAT,2015,288546711667
Qatar,QAT,2016,297388336588
Qatar,QAT,2017,292934634875
Qatar,QAT,2018,296552003251
Qatar,QAT,2019,298592995589
Qatar,QAT,2020,287970239265
Qatar,QAT,2021,292655073655
Qatar,QAT,2022,304902716904
Qatar,QAT,2023,308522399742
Qatar,QAT,2024,318116313580
Qatar,QAT,2025,327346968571
Romania,ROU,1990,378580737708
Romania,ROU,1991,329674880228
Romania,ROU,1992,300771530329
Romania,ROU,1993,305369829241
Romania,ROU,1994,317376796040
Romania,ROU,1995,337160515068
Romania,ROU,1996,350335743556
Romania,ROU,1997,333347743557
Romania,ROU,1998,326581408037
Romania,ROU,1999,325351304201
Romania,ROU,2000,333359056965
Romania,ROU,2001,350754186782
Romania,ROU,2002,370757668768
Romania,ROU,2003,379437652028
Romania,ROU,2004,419005839215
Romania,ROU,2005,438565652131
Romania,ROU,2006,473777259785
Romania,ROU,2007,508049395891
Romania,ROU,2008,555335926625
Romania,ROU,2009,524699675360
Romania,ROU,2010,504205894717
Romania,ROU,2011,526872919958
Romania,ROU,2012,536902562262
Romania,ROU,2013,538399295615
Romania,ROU,2014,560559816506
Romania,ROU,2015,578256892019
Romania,ROU,2016,594794648941
Romania,ROU,2017,643540915125
Romania,ROU,2018,678256873184
Romania,ROU,2019,705117809492
Romania,ROU,2020,679747491181
Romania,ROU,2021,717727367561
Romania,ROU,2022,747783730203
Romania,ROU,2023,764666698964
Romania,ROU,2024,771671074711
Romania,ROU,2025,776901691484
Russia,RUS,1990,4386345138171
Russia,RUS,1991,4164968954917
Russia,RUS,1992,3559754243459
Russia,RUS,1993,3251175510767
Russia,RUS,1994,2842510682575
Russia,RUS,1995,2724730445020
Russia,RUS,1996,2622414924801
Russia,RUS,1997,2659126525814
Russia,RUS,1998,2518193840343
Russia,RUS,1999,2679356097890
Russia,RUS,2000,2947293497854
Russia,RUS,2001,3097606976017
Russia,RUS,2002,3243194253267
Russia,RUS,2003,3479945888221
Russia,RUS,2004,3730500178061
Russia,RUS,2005,3969250900494
Russia,RUS,2006,4294732183530
Russia,RUS,2007,4659783464375
Russia,RUS,2008,4902090772294
Russia,RUS,2009,4519727990459
Russia,RUS,2010,4723115749994
Russia,RUS,2011,4926211105734
Russia,RUS,2012,5124446084914
Russia,RUS,2013,5214401746510
Russia,RUS,2014,5252793677362
Russia,RUS,2015,5149170806564
Russia,RUS,2016,5159143263887
Russia,RUS,2017,5253385606058
Russia,RUS,2018,5400813510778
Russia,RUS,2019,5519527480907
Russia,RUS,2020,5373058291699
Russia,RUS,2021,5688268314339
Russia,RUS,2022,5606620581333
Russia,RUS,2023,5834620196473
Russia,RUS,2024,6121781512040
Russia,RUS,2025,6183071354159
Rwanda,RWA,1990,8597587515
Rwanda,RWA,1991,8381411524
Rwanda,RWA,1992,8873628794
Rwanda,RWA,1993,8154093576
Rwanda,RWA,1994,4056819164
Rwanda,RWA,1995,5485796323
Rwanda,RWA,1996,6184999233
Rwanda,RWA,1997,7041606318
Rwanda,RWA,1998,7665398949
Rwanda,RWA,1999,7998988551
Rwanda,RWA,2000,8668575558
Rwanda,RWA,2001,9404066082
Rwanda,RWA,2002,10644657404
Rwanda,RWA,2003,10879094009
Rwanda,RWA,2004,11689332744
Rwanda,RWA,2005,12785546582
Rwanda,RWA,2006,13965278652
Rwanda,RWA,2007,15031290015
Rwanda,RWA,2008,16708969470
Rwanda,RWA,2009,17752988909
Rwanda,RWA,2010,19055109655
Rwanda,RWA,2011,20571589348
Rwanda,RWA,2012,22349284920
Rwanda,RWA,2013,23404137325
Rwanda,RWA,2014,24730789976
Rwanda,RWA,2015,26924501940
Rwanda,RWA,2016,28448091074
Rwanda,RWA,2017,29786270615
Rwanda,RWA,2018,32190273617
Rwanda,RWA,2019,35179505520
Rwanda,RWA,2020,34202533764
Rwanda,RWA,2021,37079447223
Rwanda,RWA,2022,40722493252
Rwanda,RWA,2023,44208193267
Rwanda,RWA,2024,47403195005
Rwanda,RWA,2025,51847622976
Saint Kitts and Nevis,KNA,1990,579230492
Saint Kitts and Nevis,KNA,1991,568429644
Saint Kitts and Nevis,KNA,1992,592695757
Saint Kitts and Nevis,KNA,1993,633010622
Saint Kitts and Nevis,KNA,1994,666571067
Saint Kitts and Nevis,KNA,1995,702453538
Saint Kitts and Nevis,KNA,1996,743496761
Saint Kitts and Nevis,KNA,1997,794232733
Saint Kitts and Nevis,KNA,1998,790366839
Saint Kitts and Nevis,KNA,1999,815815753
Saint Kitts and Nevis,KNA,2000,897746566
Saint Kitts and Nevis,KNA,2001,944909232
Saint Kitts and Nevis,KNA,2002,957832898
Saint Kitts and Nevis,KNA,2003,920157548
Saint Kitts and Nevis,KNA,2004,956930233
Saint Kitts and Nevis,KNA,2005,1050066537
Saint Kitts and Nevis,KNA,2006,1083147636
Saint Kitts and Nevis,KNA,2007,1089653046
Saint Kitts and Nevis,KNA,2008,1212969471
Saint Kitts and Nevis,KNA,2009,1171671013
Saint Kitts and Nevis,KNA,2010,1171036035
Saint Kitts and Nevis,KNA,2011,1189967089
Saint Kitts and Nevis,KNA,2012,1181189455
Saint Kitts and Nevis,KNA,2013,1248839492
Saint Kitts and Nevis,KNA,2014,1343463636
Saint Kitts and Nevis,KNA,2015,1352789095
Saint Kitts and Nevis,KNA,2016,1405990275
Saint Kitts and Nevis,KNA,2017,1409096686
Saint Kitts and Nevis,KNA,2018,1437328297
Saint Kitts and Nevis,KNA,2019,1479560547
Saint Kitts and Nevis,KNA,2020,1253159832
Saint Kitts and Nevis,KNA,2021,1257766533
Saint Kitts and Nevis,KNA,2022,1389586681
Saint Kitts and Nevis,KNA,2023,1431569920
Saint Kitts and Nevis,KNA,2024,1436039666
Saint Kitts and Nevis,KNA,2025,1474648807
Saint Lucia,LCA,1990,2351388040
Saint Lucia,LCA,1991,2360221689
Saint Lucia,LCA,1992,2547931898
Saint Lucia,LCA,1993,2562791431
Saint Lucia,LCA,1994,2603759194
Saint Lucia,LCA,1995,2649278786
Saint Lucia,LCA,1996,2726706288
Saint Lucia,LCA,1997,2707779398
Saint Lucia,LCA,1998,2878003171
Saint Lucia,LCA,1999,2954863224
Saint Lucia,LCA,2000,2956303678
Saint Lucia,LCA,2001,2855550957
Saint Lucia,LCA,2002,2867442913
Saint Lucia,LCA,2003,2989728213
Saint Lucia,LCA,2004,3207003987
Saint Lucia,LCA,2005,3193845498
Saint Lucia,LCA,2006,3391712444
Saint Lucia,LCA,2007,3449087281
Saint Lucia,LCA,2008,3619793715
Saint Lucia,LCA,2009,3517393387
Saint Lucia,LCA,2010,3529001437
Saint Lucia,LCA,2011,3681699311
Saint Lucia,LCA,2012,3677695237
Saint Lucia,LCA,2013,3610806197
Saint Lucia,LCA,2014,3658760961
Saint Lucia,LCA,2015,3662489891
Saint Lucia,LCA,2016,3788035362
Saint Lucia,LCA,2017,3916064373
Saint Lucia,LCA,2018,4029112498
Saint Lucia,LCA,2019,3987638107
Saint Lucia,LCA,2020,3074448489
Saint Lucia,LCA,2021,3417148018
Saint Lucia,LCA,2022,4078218523
Saint Lucia,LCA,2023,4237585027
Saint Lucia,LCA,2024,4439671312
Saint Lucia,LCA,2025,4414184257
Saint Vincent and the Grenadines,VCT,1990,834942552
Saint Vincent and the Grenadines,VCT,1991,844423952
Saint Vincent and the Grenadines,VCT,1992,898280811
Saint Vincent and the Grenadines,VCT,1993,936464310
Saint Vincent and the Grenadines,VCT,1994,924780762
Saint Vincent and the Grenadines,VCT,1995,996605250
Saint Vincent and the Grenadines,VCT,1996,1009440648
Saint Vincent and the Grenadines,VCT,1997,1044823066
Saint Vincent and the Grenadines,VCT,1998,1087558366
Saint Vincent and the Grenadines,VCT,1999,1117034577
Saint Vincent and the Grenadines,VCT,2000,1135343130
Saint Vincent and the Grenadines,VCT,2001,1155191551
Saint Vincent and the Grenadines,VCT,2002,1216903351
Saint Vincent and the Grenadines,VCT,2003,1298330451
Saint Vincent and the Grenadines,VCT,2004,1351752839
Saint Vincent and the Grenadines,VCT,2005,1385391984
Saint Vincent and the Grenadines,VCT,2006,1482326839
Saint Vincent and the Grenadines,VCT,2007,1531584095
Saint Vincent and the Grenadines,VCT,2008,1537781509
Saint Vincent and the Grenadines,VCT,2009,1516587902
Saint Vincent and the Grenadines,VCT,2010,1448789327
Saint Vincent and the Grenadines,VCT,2011,1440005655
Saint Vincent and the Grenadines,VCT,2012,1456840937
Saint Vincent and the Grenadines,VCT,2013,1492715414
Saint Vincent and the Grenadines,VCT,2014,1509817861
Saint Vincent and the Grenadines,VCT,2015,1551867766
Saint Vincent and the Grenadines,VCT,2016,1616265328
Saint Vincent and the Grenadines,VCT,2017,1641286760
Saint Vincent and the Grenadines,VCT,2018,1693407650
Saint Vincent and the Grenadines,VCT,2019,1704726869
Saint Vincent and the Grenadines,VCT,2020,1631953369
Saint Vincent and the Grenadines,VCT,2021,1666116701
Saint Vincent and the Grenadines,VCT,2022,1717946809
Saint Vincent and the Grenadines,VCT,2023,1809450922
Saint Vincent and the Grenadines,VCT,2024,1882947831
Saint Vincent and the Grenadines,VCT,2025,1946820567
Samoa,WSM,1990,674720673
Samoa,WSM,1991,659202014
Samoa,WSM,1992,657883695
Samoa,WSM,1993,684856867
Samoa,WSM,1994,667447117
Samoa,WSM,1995,711990156
Samoa,WSM,1996,763103707
Samoa,WSM,1997,768013707
Samoa,WSM,1998,784870761
Samoa,WSM,1999,802023597
Samoa,WSM,2000,842871017
Samoa,WSM,2001,905160273
Samoa,WSM,2002,956319562
Samoa,WSM,2003,1006168953
Samoa,WSM,2004,1037232007
Samoa,WSM,2005,1106095952
Samoa,WSM,2006,1129679324
Samoa,WSM,2007,1135169368
Samoa,WSM,2008,1175537179
Samoa,WSM,2009,1169169557
Samoa,WSM,2010,1240777918
Samoa,WSM,2011,1288536427
Samoa,WSM,2012,1240446570
Samoa,WSM,2013,1241777486
Samoa,WSM,2014,1249972271
Samoa,WSM,2015,1298100726
Samoa,WSM,2016,1401739308
Samoa,WSM,2017,1421451721
Samoa,WSM,2018,1412785882
Samoa,WSM,2019,1475681116
Samoa,WSM,2020,1429807431
Samoa,WSM,2021,1357695009
Samoa,WSM,2022,1388474676
Samoa,WSM,2023,1599989444
Samoa,WSM,2024,1675963125
Samoa,WSM,2025,1746427429
San Marino,SMR,1997,1726614240
San Marino,SMR,1998,1855516679
San Marino,SMR,1999,2023429065
San Marino,SMR,2000,2067527268
San Marino,SMR,2001,2182861029
San Marino,SMR,2002,2189645368
San Marino,SMR,2003,2274449603
San Marino,SMR,2004,2377910771
San Marino,SMR,2005,2435577651
San Marino,SMR,2006,2528862311
San Marino,SMR,2007,2708647291
San Marino,SMR,2008,2695078613
San Marino,SMR,2009,2416920719
San Marino,SMR,2010,2284626112
San Marino,SMR,2011,2094664623
San Marino,SMR,2012,1947105253
San Marino,SMR,2013,1931840491
San Marino,SMR,2014,1918271813
San Marino,SMR,2015,1962229071
San Marino,SMR,2016,2008231807
San Marino,SMR,2017,2013418265
San Marino,SMR,2018,2043496801
San Marino,SMR,2019,2085709127
San Marino,SMR,2020,1947053014
San Marino,SMR,2021,2217650270
San Marino,SMR,2022,2392810197
San Marino,SMR,2023,2402427676
Sao Tome and Principe,STP,1990,477556464
Sao Tome and Principe,STP,1991,483291939
Sao Tome and Principe,STP,1992,486674968
Sao Tome and Principe,STP,1993,492028386
Sao Tome and Principe,STP,1994,502853019
Sao Tome and Principe,STP,1995,512910088
Sao Tome and Principe,STP,1996,520603744
Sao Tome and Principe,STP,1997,525790628
Sao Tome and Principe,STP,1998,538935331
Sao Tome and Principe,STP,1999,552408748
Sao Tome and Principe,STP,2000,554885573
Sao Tome and Principe,STP,2001,571889947
Sao Tome and Principe,STP,2002,591106525
Sao Tome and Principe,STP,2003,640118238
Sao Tome and Principe,STP,2004,662765019
Sao Tome and Principe,STP,2005,706604438
Sao Tome and Principe,STP,2006,769252760
Sao Tome and Principe,STP,2007,797264883
Sao Tome and Principe,STP,2008,846924799
Sao Tome and Principe,STP,2009,874893641
Sao Tome and Principe,STP,2010,887566084
Sao Tome and Principe,STP,2011,905312365
Sao Tome and Principe,STP,2012,931955190
Sao Tome and Principe,STP,2013,979668288
Sao Tome and Principe,STP,2014,1027732877
Sao Tome and Principe,STP,2015,1043556924
Sao Tome and Principe,STP,2016,1097580036
Sao Tome and Principe,STP,2017,1142723280
Sao Tome and Principe,STP,2018,1192753169
Sao Tome and Principe,STP,2019,1216778995
Sao Tome and Principe,STP,2020,1248717734
Sao Tome and Principe,STP,2021,1272434617
Sao Tome and Principe,STP,2022,1274581195
Sao Tome and Principe,STP,2023,1279325859
Sao Tome and Principe,STP,2024,1298245662
Sao Tome and Principe,STP,2025,1311597788
Saudi Arabia,SAU,1990,693736591659
Saudi Arabia,SAU,1991,750767086436
Saudi Arabia,SAU,1992,785156588923
Saudi Arabia,SAU,1993,788138895733
Saudi Arabia,SAU,1994,795649591230
Saudi Arabia,SAU,1995,798129694885
Saudi Arabia,SAU,1996,824505347577
Saudi Arabia,SAU,1997,846332637593
Saudi Arabia,SAU,1998,870062212291
Saudi Arabia,SAU,1999,864551293567
Saudi Arabia,SAU,2000,905341984010
Saudi Arabia,SAU,2001,908461730889
Saudi Arabia,SAU,2002,902207969996
Saudi Arabia,SAU,2003,981320185364
Saudi Arabia,SAU,2004,1066017984132
Saudi Arabia,SAU,2005,1129391647181
Saudi Arabia,SAU,2006,1166813867023
Saudi Arabia,SAU,2007,1192643088440
Saudi Arabia,SAU,2008,1267040015652
Saudi Arabia,SAU,2009,1253524282984
Saudi Arabia,SAU,2010,1316695828286
Saudi Arabia,SAU,2011,1471523729723
Saudi Arabia,SAU,2012,1556306655730
Saudi Arabia,SAU,2013,1602149814289
Saudi Arabia,SAU,2014,1666631082595
Saudi Arabia,SAU,2015,1744214812221
Saudi Arabia,SAU,2016,1773937059241
Saudi Arabia,SAU,2017,1794906894436
Saudi Arabia,SAU,2018,1852827658444
Saudi Arabia,SAU,2019,1883428760986
Saudi Arabia,SAU,2020,1811768270289
Saudi Arabia,SAU,2021,1929888259783
Saudi Arabia,SAU,2022,2161486188573
Saudi Arabia,SAU,2023,2173214249211
Saudi Arabia,SAU,2024,2230781188268
Saudi Arabia,SAU,2025,2331221343923
Senegal,SEN,1990,22569745551
Senegal,SEN,1991,23170092355
Senegal,SEN,1992,23475991569
Senegal,SEN,1993,23795315059
Senegal,SEN,1994,23784007300
Senegal,SEN,1995,25084655922
Senegal,SEN,1996,25591360254
Senegal,SEN,1997,26370770987
Senegal,SEN,1998,27926245460
Senegal,SEN,1999,29680937545
Senegal,SEN,2000,30834698201
Senegal,SEN,2001,32163936241
Senegal,SEN,2002,32186031763
Senegal,SEN,2003,33986502591
Senegal,SEN,2004,35564595805
Senegal,SEN,2005,37097514716
Senegal,SEN,2006,37962172824
Senegal,SEN,2007,39035408701
Senegal,SEN,2008,40480955880
Senegal,SEN,2009,41595034083
Senegal,SEN,2010,43005475623
Senegal,SEN,2011,43579207837
Senegal,SEN,2012,45323681588
Senegal,SEN,2013,46417063409
Senegal,SEN,2014,49306095988
Senegal,SEN,2015,52445436642
Senegal,SEN,2016,55778904558
Senegal,SEN,2017,59910719208
Senegal,SEN,2018,63630720168
Senegal,SEN,2019,66566404953
Senegal,SEN,2020,67459775215
Senegal,SEN,2021,71874343647
Senegal,SEN,2022,74641816330
Senegal,SEN,2023,77819640032
Senegal,SEN,2024,82848505304
Senegal,SEN,2025,88384672290
Serbia,SRB,1995,72047058809
Serbia,SRB,1996,76488732995
Serbia,SRB,1997,83321634794
Serbia,SRB,1998,87773209535
Serbia,SRB,1999,78710181878
Serbia,SRB,2000,83476154017
Serbia,SRB,2001,89134604144
Serbia,SRB,2002,94964939606
Serbia,SRB,2003,99295046441
Serbia,SRB,2004,105934775493
Serbia,SRB,2005,112188630970
Serbia,SRB,2006,116564735255
Serbia,SRB,2007,125694167184
Serbia,SRB,2008,132181109002
Serbia,SRB,2009,128027171255
Serbia,SRB,2010,130089654179
Serbia,SRB,2011,130160257066
Serbia,SRB,2012,129582402703
Serbia,SRB,2013,130167569369
Serbia,SRB,2014,127818994422
Serbia,SRB,2015,129475194516
Serbia,SRB,2016,133327338006
Serbia,SRB,2017,136478400479
Serbia,SRB,2018,142823759477
Serbia,SRB,2019,149608185038
Serbia,SRB,2020,148186871386
Serbia,SRB,2021,159966329526
Serbia,SRB,2022,164290982541
Serbia,SRB,2023,170448498550
Serbia,SRB,2024,177181088496
Serbia,SRB,2025,180778559075
Seychelles,SYC,1990,1075888256
Seychelles,SYC,1991,1105587358
Seychelles,SYC,1992,1184891625
Seychelles,SYC,1993,1271428653
Seychelles,SYC,1994,1240449419
Seychelles,SYC,1995,1246466054
Seychelles,SYC,1996,1371087057
Seychelles,SYC,1997,1538272501
Seychelles,SYC,1998,1576228466
Seychelles,SYC,1999,1605735544
Seychelles,SYC,2000,1674030661
Seychelles,SYC,2001,1636010698
Seychelles,SYC,2002,1655852774
Seychelles,SYC,2003,1558370594
Seychelles,SYC,2004,1513949957
Seychelles,SYC,2005,1650292683
Seychelles,SYC,2006,1805521335
Seychelles,SYC,2007,1965780608
Seychelles,SYC,2008,1912194485
Seychelles,SYC,2009,1864783995
Seychelles,SYC,2010,1948794976
Seychelles,SYC,2011,2134121157
Seychelles,SYC,2012,2200506804
Seychelles,SYC,2013,2228095328
Seychelles,SYC,2014,2318638255
Seychelles,SYC,2015,2525321875
Seychelles,SYC,2016,2831328441
Seychelles,SYC,2017,3028223613
Seychelles,SYC,2018,3177801892
Seychelles,SYC,2019,3353035170
Seychelles,SYC,2020,2959393508
Seychelles,SYC,2021,2975737695
Seychelles,SYC,2022,3269754971
Seychelles,SYC,2023,3439122065
Seychelles,SYC,2024,3554218279
Seychelles,SYC,2025,3760290316
Sierra Leone,SLE,1990,11346540765
Sierra Leone,SLE,1991,11613407016
Sierra Leone,SLE,1992,9405360418
Sierra Leone,SLE,1993,9534641797
Sierra Leone,SLE,1994,9348965610
Sierra Leone,SLE,1995,8601071478
Sierra Leone,SLE,1996,8751918844
Sierra Leone,SLE,1997,8237561498
Sierra Leone,SLE,1998,8384602990
Sierra Leone,SLE,1999,8218647658
Sierra Leone,SLE,2000,8765412120
Sierra Leone,SLE,2001,8209206783
Sierra Leone,SLE,2002,10386627878
Sierra Leone,SLE,2003,11371657367
Sierra Leone,SLE,2004,12108409522
Sierra Leone,SLE,2005,12635549107
Sierra Leone,SLE,2006,13176743653
Sierra Leone,SLE,2007,13670839659
Sierra Leone,SLE,2008,14174754970
Sierra Leone,SLE,2009,14391742579
Sierra Leone,SLE,2010,15306433662
Sierra Leone,SLE,2011,16546355075
Sierra Leone,SLE,2012,18296683393
Sierra Leone,SLE,2013,20979585325
Sierra Leone,SLE,2014,19340027559
Sierra Leone,SLE,2015,18496157827
Sierra Leone,SLE,2016,19686836248
Sierra Leone,SLE,2017,20318362565
Sierra Leone,SLE,2018,20906346803
Sierra Leone,SLE,2019,22056762309
Sierra Leone,SLE,2020,21780314092
Sierra Leone,SLE,2021,23064667132
Sierra Leone,SLE,2022,24290220817
Sierra Leone,SLE,2023,25677197745
Sierra Leone,SLE,2024,26779577193
Sierra Leone,SLE,2025,28013754385
Singapore,SGP,1990,140049416153
Singapore,SGP,1991,149416477857
Singapore,SGP,1992,159337441475
Singapore,SGP,1993,177596955982
Singapore,SGP,1994,197302562442
Singapore,SGP,1995,211459812719
Singapore,SGP,1996,227258801839
Singapore,SGP,1997,246158119024
Singapore,SGP,1998,240764757697
Singapore,SGP,1999,254532581602
Singapore,SGP,2000,277538041479
Singapore,SGP,2001,274565989973
Singapore,SGP,2002,285338204303
Singapore,SGP,2003,298316114664
Singapore,SGP,2004,327968684807
Singapore,SGP,2005,352127915476
Singapore,SGP,2006,383843253121
Singapore,SGP,2007,418471747099
Singapore,SGP,2008,426269898869
Singapore,SGP,2009,426815325624
Singapore,SGP,2010,488787842633
Singapore,SGP,2011,519165685276
Singapore,SGP,2012,542193266755
Singapore,SGP,2013,568314137606
Singapore,SGP,2014,590680369392
Singapore,SGP,2015,608263738590
Singapore,SGP,2016,632052647907
Singapore,SGP,2017,659400262106
Singapore,SGP,2018,680412766806
Singapore,SGP,2019,688297250280
Singapore,SGP,2020,663443918456
Singapore,SGP,2021,730724326968
Singapore,SGP,2022,760028410066
Singapore,SGP,2023,771050857055
Singapore,SGP,2024,812252052277
Singapore,SGP,2025,853074881927
Sint Maarten (Dutch part),SXM,2009,1707402664
Sint Maarten (Dutch part),SXM,2010,1762039424
Sint Maarten (Dutch part),SXM,2011,1843093298
Sint Maarten (Dutch part),SXM,2012,1868722332
Sint Maarten (Dutch part),SXM,2013,1893141506
Sint Maarten (Dutch part),SXM,2014,1923060378
Sint Maarten (Dutch part),SXM,2015,1925095229
Sint Maarten (Dutch part),SXM,2016,1943725499
Sint Maarten (Dutch part),SXM,2017,1797261623
Sint Maarten (Dutch part),SXM,2018,1674023699
Sint Maarten (Dutch part),SXM,2019,1857580414
Sint Maarten (Dutch part),SXM,2020,1610210354
Sint Maarten (Dutch part),SXM,2021,1683919292
Sint Maarten (Dutch part),SXM,2022,1917984095
Sint Maarten (Dutch part),SXM,2023,1990867446
Sint Maarten (Dutch part),SXM,2024,2050593487
Sint Maarten (Dutch part),SXM,2025,2120313666
Slovakia,SVK,1990,92847188211
Slovakia,SVK,1991,79315822214
Slovakia,SVK,1992,73984618274
Slovakia,SVK,1993,75391309094
Slovakia,SVK,1994,80069739789
Slovakia,SVK,1995,84748610469
Slovakia,SVK,1996,89934868456
Slovakia,SVK,1997,94868551611
Slovakia,SVK,1998,98498324603
Slovakia,SVK,1999,98032170240
Slovakia,SVK,2000,98805864124
Slovakia,SVK,2001,101696094502
Slovakia,SVK,2002,106188268778
Slovakia,SVK,2003,111345512852
Slovakia,SVK,2004,117346477675
Slovakia,SVK,2005,124956317218
Slovakia,SVK,2006,136109527040
Slovakia,SVK,2007,150834712494
Slovakia,SVK,2008,158924547093
Slovakia,SVK,2009,150175213754
Slovakia,SVK,2010,160372984174
Slovakia,SVK,2011,164482421184
Slovakia,SVK,2012,167063431715
Slovakia,SVK,2013,168238428165
Slovakia,SVK,2014,172794243229
Slovakia,SVK,2015,181739592288
Slovakia,SVK,2016,185279549534
Slovakia,SVK,2017,190605842395
Slovakia,SVK,2018,198348480096
Slovakia,SVK,2019,202862691369
Slovakia,SVK,2020,197617651294
Slovakia,SVK,2021,208794626628
Slovakia,SVK,2022,209931704693
Slovakia,SVK,2023,214366798159
Slovakia,SVK,2024,218522672516
Slovakia,SVK,2025,220287065416
Slovenia,SVN,1990,50652977159
Slovenia,SVN,1991,46144807795
Slovenia,SVN,1992,43623595304
Slovenia,SVN,1993,44863997362
Slovenia,SVN,1994,47254120964
Slovenia,SVN,1995,49194922764
Slovenia,SVN,1996,50628274767
Slovenia,SVN,1997,53246434117
Slovenia,SVN,1998,54877812187
Slovenia,SVN,1999,57768779177
Slovenia,SVN,2000,59789484523
Slovenia,SVN,2001,61480740580
Slovenia,SVN,2002,63498897358
Slovenia,SVN,2003,65527706922
Slovenia,SVN,2004,68506610989
Slovenia,SVN,2005,71146943268
Slovenia,SVN,2006,75350860547
Slovenia,SVN,2007,80730332762
Slovenia,SVN,2008,83452752254
Slovenia,SVN,2009,77118199208
Slovenia,SVN,2010,77975859384
Slovenia,SVN,2011,78486942897
Slovenia,SVN,2012,76198626393
Slovenia,SVN,2013,75570920078
Slovenia,SVN,2014,77658818605
Slovenia,SVN,2015,79517431936
Slovenia,SVN,2016,81930320713
Slovenia,SVN,2017,86169724994
Slovenia,SVN,2018,89943169180
Slovenia,SVN,2019,93095905107
Slovenia,SVN,2020,89292936500
Slovenia,SVN,2021,96808602042
Slovenia,SVN,2022,99391944966
Slovenia,SVN,2023,101753331260
Slovenia,SVN,2024,103515085614
Slovenia,SVN,2025,104612273022
Solomon Islands,SLB,1990,779767330
Solomon Islands,SLB,1991,826553388
Solomon Islands,SLB,1992,931525650
Solomon Islands,SLB,1993,968786673
Solomon Islands,SLB,1994,1047258405
Solomon Islands,SLB,1995,1152912280
Solomon Islands,SLB,1996,1171473103
Solomon Islands,SLB,1997,1160764931
Solomon Islands,SLB,1998,1175756339
Solomon Islands,SLB,1999,1170045333
Solomon Islands,SLB,2000,1002997967
Solomon Islands,SLB,2001,923193375
Solomon Islands,SLB,2002,897344109
Solomon Islands,SLB,2003,955882062
Solomon Islands,SLB,2004,1029328608
Solomon Islands,SLB,2005,1105077715
Solomon Islands,SLB,2006,1150797680
Solomon Islands,SLB,2007,1192683666
Solomon Islands,SLB,2008,1266939034
Solomon Islands,SLB,2009,1303235103
Solomon Islands,SLB,2010,1429755413
Solomon Islands,SLB,2011,1535989636
Solomon Islands,SLB,2012,1573865887
Solomon Islands,SLB,2013,1656296279
Solomon Islands,SLB,2014,1675997180
Solomon Islands,SLB,2015,1704083308
Solomon Islands,SLB,2016,1798744173
Solomon Islands,SLB,2017,1854063862
Solomon Islands,SLB,2018,1904973720
Solomon Islands,SLB,2019,1938296519
Solomon Islands,SLB,2020,1872757689
Solomon Islands,SLB,2021,1868488264
Solomon Islands,SLB,2022,1820197491
Solomon Islands,SLB,2023,1871911459
Solomon Islands,SLB,2024,1928023126
Solomon Islands,SLB,2025,1997762631
Somalia,SOM,1991,5704936549
Somalia,SOM,1992,5220683080
Somalia,SOM,1993,5429019472
Somalia,SOM,1994,4460102937
Somalia,SOM,1995,4638087646
Somalia,SOM,1996,5011268876
Somalia,SOM,1997,5070426496
Somalia,SOM,1998,5404389795
Somalia,SOM,1999,5799899011
Somalia,SOM,2000,6212290060
Somalia,SOM,2001,6654003409
Somalia,SOM,2002,7161721655
Somalia,SOM,2003,7708180160
Somalia,SOM,2004,8256255998
Somalia,SOM,2005,8843301749
Somalia,SOM,2006,9416911086
Somalia,SOM,2007,10047312254
Somalia,SOM,2008,10719914696
Somalia,SOM,2009,11437543512
Somalia,SOM,2010,12203212926
Somalia,SOM,2011,13020138946
Somalia,SOM,2012,13891752868
Somalia,SOM,2013,15414191548
Somalia,SOM,2014,16798078575
Somalia,SOM,2015,18555525157
Somalia,SOM,2016,19860882712
Somalia,SOM,2017,22787541794
Somalia,SOM,2018,23255669700
Somalia,SOM,2019,23906905922
Somalia,SOM,2020,23245985890
Somalia,SOM,2021,24047321167
Somalia,SOM,2022,24700978342
Somalia,SOM,2023,25732304106
Somalia,SOM,2024,26790260348
Somalia,SOM,2025,27591595625
South Africa,ZAF,1990,440514077745
South Africa,ZAF,1991,436028565317
South Africa,ZAF,1992,426710491662
South Africa,ZAF,1993,431974212807
South Africa,ZAF,1994,445797387630
South Africa,ZAF,1995,459617106649
South Africa,ZAF,1996,479380642222
South Africa,ZAF,1997,491844538927
South Africa,ZAF,1998,494303761623
South Africa,ZAF,1999,506167051890
South Africa,ZAF,2000,527426068073
South Africa,ZAF,2001,541666571912
South Africa,ZAF,2002,561710263094
South Africa,ZAF,2003,578275522662
South Africa,ZAF,2004,604613427770
South Africa,ZAF,2005,636519192589
South Africa,ZAF,2006,672188496216
South Africa,ZAF,2007,708220986149
South Africa,ZAF,2008,730820628629
South Africa,ZAF,2009,719579955942
South Africa,ZAF,2010,741453264470
South Africa,ZAF,2011,764946628434
South Africa,ZAF,2012,783276527270
South Africa,ZAF,2013,802744614772
South Africa,ZAF,2014,814094030479
South Africa,ZAF,2015,824855232040
South Africa,ZAF,2016,830336826521
South Africa,ZAF,2017,839951686494
South Africa,ZAF,2018,853027918674
South Africa,ZAF,2019,855245241715
South Africa,ZAF,2020,802485866495
South Africa,ZAF,2021,841475835218
South Africa,ZAF,2022,858794557506
South Africa,ZAF,2023,865717339517
South Africa,ZAF,2024,870347572712
South Africa,ZAF,2025,880048693753
South Asia (WB),WB_SA,1990,2195868422038
South Asia (WB),WB_SA,1991,2229182495585
South Asia (WB),WB_SA,1992,2349945471294
South Asia (WB),WB_SA,1993,2462845422940
South Asia (WB),WB_SA,1994,2619233320950
South Asia (WB),WB_SA,1995,2807309538986
South Asia (WB),WB_SA,1996,3005835412003
South Asia (WB),WB_SA,1997,3131907527105
South Asia (WB),WB_SA,1998,3319275393972
South Asia (WB),WB_SA,1999,3591546770498
South Asia (WB),WB_SA,2000,3738320225154
South Asia (WB),WB_SA,2001,3911405907608
South Asia (WB),WB_SA,2002,4058638406252
South Asia (WB),WB_SA,2003,4360668617318
South Asia (WB),WB_SA,2004,4689403161165
South Asia (WB),WB_SA,2005,5048612951614
South Asia (WB),WB_SA,2006,5445849334568
South Asia (WB),WB_SA,2007,5856034912165
South Asia (WB),WB_SA,2008,6059990258491
South Asia (WB),WB_SA,2009,6508962935492
South Asia (WB),WB_SA,2010,7040906137076
South Asia (WB),WB_SA,2011,7423569599949
South Asia (WB),WB_SA,2012,7841923338604
South Asia (WB),WB_SA,2013,8331462576637
South Asia (WB),WB_SA,2014,8934640672338
South Asia (WB),WB_SA,2015,9622886930643
South Asia (WB),WB_SA,2016,10390395967778
South Asia (WB),WB_SA,2017,11095444187614
South Asia (WB),WB_SA,2018,11808230947750
South Asia (WB),WB_SA,2019,12298136124928
South Asia (WB),WB_SA,2020,11696380852549
South Asia (WB),WB_SA,2021,12776195414008
South Asia (WB),WB_SA,2022,13692289943372
South Asia (WB),WB_SA,2023,14625271493468
South Asia (WB),WB_SA,2024,15611531104855
South Asia (WB),WB_SA,2025,16720061514033
South Korea,KOR,1990,616369574721
South Korea,KOR,1991,683399605271
South Korea,KOR,1992,726806359900
South Korea,KOR,1993,777644414581
South Korea,KOR,1994,850523972035
South Korea,KOR,1995,933330082275
South Korea,KOR,1996,1007907167538
South Korea,KOR,1997,1071225837574
South Korea,KOR,1998,1018318746032
South Korea,KOR,1999,1136619512488
South Korea,KOR,2000,1241209630438
South Korea,KOR,2001,1299868398274
South Korea,KOR,2002,1400530193429
South Korea,KOR,2003,1443592668083
South Korea,KOR,2004,1518423269730
South Korea,KOR,2005,1584599749529
South Korea,KOR,2006,1667712093636
South Korea,KOR,2007,1765139223629
South Korea,KOR,2008,1818171146191
South Korea,KOR,2009,1833077636085
South Korea,KOR,2010,1961056909625
South Korea,KOR,2011,2033381317173
South Korea,KOR,2012,2085185071589
South Korea,KOR,2013,2153816768676
South Korea,KOR,2014,2223055089815
South Korea,KOR,2015,2287974804720
South Korea,KOR,2016,2360538554612
South Korea,KOR,2017,2441580369855
South Korea,KOR,2018,2519127786865
South Korea,KOR,2019,2577415418649
South Korea,KOR,2020,2559367265189
South Korea,KOR,2021,2677430056971
South Korea,KOR,2022,2750458690513
South Korea,KOR,2023,2793998855187
South Korea,KOR,2024,2849979724104
South Korea,KOR,2025,2878679544405
Spain,ESP,1990,1234940234760
Spain,ESP,1991,1266381819268
Spain,ESP,1992,1278149235206
Spain,ESP,1993,1264965230180
Spain,ESP,1994,1295111823093
Spain,ESP,1995,1330824453946
Spain,ESP,1996,1365524519426
Spain,ESP,1997,1414509976737
Spain,ESP,1998,1475361877011
Spain,ESP,1999,1540408597115
Spain,ESP,2000,1620519722120
Spain,ESP,2001,1684029329182
Spain,ESP,2002,1730432018323
Spain,ESP,2003,1781294426591
Spain,ESP,2004,1836773402257
Spain,ESP,2005,1902001369250
Spain,ESP,2006,1978907561282
Spain,ESP,2007,2048832262566
Spain,ESP,2008,2064550201924
Spain,ESP,2009,1986755203031
Spain,ESP,2010,1988625182955
Spain,ESP,2011,1975899560026
Spain,ESP,2012,1919287791302
Spain,ESP,2013,1891893369662
Spain,ESP,2014,1920659342281
Spain,ESP,2015,1998654758407
Spain,ESP,2016,2056918662236
Spain,ESP,2017,2116487892218
Spain,ESP,2018,2167186481182
Spain,ESP,2019,2209688876689
Spain,ESP,2020,1967947352764
Spain,ESP,2021,2099468112223
Spain,ESP,2022,2233210888832
Spain,ESP,2023,2288167036933
Spain,ESP,2024,2367229021292
Spain,ESP,2025,2434102152355
Sri Lanka,LKA,1990,74593031179
Sri Lanka,LKA,1991,78024301098
Sri Lanka,LKA,1992,81457363521
Sri Lanka,LKA,1993,87077973127
Sri Lanka,LKA,1994,91954268850
Sri Lanka,LKA,1995,97011832013
Sri Lanka,LKA,1996,100698249815
Sri Lanka,LKA,1997,107148375202
Sri Lanka,LKA,1998,112182659158
Sri Lanka,LKA,1999,117007119847
Sri Lanka,LKA,2000,124027585835
Sri Lanka,LKA,2001,122110853436
Sri Lanka,LKA,2002,126952152751
Sri Lanka,LKA,2003,134493452225
Sri Lanka,LKA,2004,141816703114
Sri Lanka,LKA,2005,150668544407
Sri Lanka,LKA,2006,162222248195
Sri Lanka,LKA,2007,173248212331
Sri Lanka,LKA,2008,183556633674
Sri Lanka,LKA,2009,190052541508
Sri Lanka,LKA,2010,205287091221
Sri Lanka,LKA,2011,223084420720
Sri Lanka,LKA,2012,242341472540
Sri Lanka,LKA,2013,252160534261
Sri Lanka,LKA,2014,268243279922
Sri Lanka,LKA,2015,279525472841
Sri Lanka,LKA,2016,293651641710
Sri Lanka,LKA,2017,312623538327
Sri Lanka,LKA,2018,319845405464
Sri Lanka,LKA,2019,319140197882
Sri Lanka,LKA,2020,304381511441
Sri Lanka,LKA,2021,317188291990
Sri Lanka,LKA,2022,293877511885
Sri Lanka,LKA,2023,287914943856
Sri Lanka,LKA,2024,302288855994
Sri Lanka,LKA,2025,317262534697
Sub-Saharan Africa (WB),WB_SSA,1990,1968483946031
Sub-Saharan Africa (WB),WB_SSA,1991,1978305611449
Sub-Saharan Africa (WB),WB_SSA,1992,1973512569055
Sub-Saharan Africa (WB),WB_SSA,1993,1949450589695
Sub-Saharan Africa (WB),WB_SSA,1994,1964907920239
Sub-Saharan Africa (WB),WB_SSA,1995,2028337053082
Sub-Saharan Africa (WB),WB_SSA,1996,2133608663441
Sub-Saharan Africa (WB),WB_SSA,1997,2220852434894
Sub-Saharan Africa (WB),WB_SSA,1998,2279575032745
Sub-Saharan Africa (WB),WB_SSA,1999,2327822583219
Sub-Saharan Africa (WB),WB_SSA,2000,2407703337638
Sub-Saharan Africa (WB),WB_SSA,2001,2513324453076
Sub-Saharan Africa (WB),WB_SSA,2002,2682436345253
Sub-Saharan Africa (WB),WB_SSA,2003,2796489763772
Sub-Saharan Africa (WB),WB_SSA,2004,2988324144569
Sub-Saharan Africa (WB),WB_SSA,2005,3169569333175
Sub-Saharan Africa (WB),WB_SSA,2006,3362565566429
Sub-Saharan Africa (WB),WB_SSA,2007,3570550268644
Sub-Saharan Africa (WB),WB_SSA,2008,3761912816572
Sub-Saharan Africa (WB),WB_SSA,2009,3896522562586
Sub-Saharan Africa (WB),WB_SSA,2010,4142966476930
Sub-Saharan Africa (WB),WB_SSA,2011,4332164128716
Sub-Saharan Africa (WB),WB_SSA,2012,4510924169343
Sub-Saharan Africa (WB),WB_SSA,2013,4753089854175
Sub-Saharan Africa (WB),WB_SSA,2014,4990090470156
Sub-Saharan Africa (WB),WB_SSA,2015,5143739255533
Sub-Saharan Africa (WB),WB_SSA,2016,5215153737217
Sub-Saharan Africa (WB),WB_SSA,2017,5350560748133
Sub-Saharan Africa (WB),WB_SSA,2018,5505173500025
Sub-Saharan Africa (WB),WB_SSA,2019,5649729890148
Sub-Saharan Africa (WB),WB_SSA,2020,5464438962722
Sub-Saharan Africa (WB),WB_SSA,2021,5655469047138
Sub-Saharan Africa (WB),WB_SSA,2022,5889462381744
Sub-Saharan Africa (WB),WB_SSA,2023,6054224301952
Sub-Saharan Africa (WB),WB_SSA,2024,6285750608976
Sub-Saharan Africa (WB),WB_SSA,2025,6559866844468
Sudan,SDN,1990,65832468679
Sudan,SDN,1991,70777086386
Sudan,SDN,1992,75432705020
Sudan,SDN,1993,78879036120
Sudan,SDN,1994,79672740052
Sudan,SDN,1995,84450787779
Sudan,SDN,1996,89449534427
Sudan,SDN,1997,105830121020
Sudan,SDN,1998,110389816288
Sudan,SDN,1999,113816421735
Sudan,SDN,2000,121039060983
Sudan,SDN,2001,128907036334
Sudan,SDN,2002,136649800780
Sudan,SDN,2003,145243444604
Sudan,SDN,2004,152710248170
Sudan,SDN,2005,161328474716
Sudan,SDN,2006,171865501665
Sudan,SDN,2007,181722459503
Sudan,SDN,2008,188712858640
Sudan,SDN,2009,183489844612
Sudan,SDN,2010,190569326775
Sudan,SDN,2011,184445320301
Sudan,SDN,2012,153080968306
Sudan,SDN,2013,156073922642
Sudan,SDN,2014,163349120543
Sudan,SDN,2015,166469377694
Sudan,SDN,2016,172241940059
Sudan,SDN,2017,173463576844
Sudan,SDN,2018,168813138819
Sudan,SDN,2019,165135964859
Sudan,SDN,2020,159141858245
Sudan,SDN,2021,156168260027
Sudan,SDN,2022,154672454523
Sudan,SDN,2023,109147290850
Sudan,SDN,2024,93905594410
Sudan,SDN,2025,96783124222
Suriname,SUR,1990,7069161061
Suriname,SUR,1991,7260028349
Suriname,SUR,1992,7289068463
Suriname,SUR,1993,6800701010
Suriname,SUR,1994,7031924770
Suriname,SUR,1995,7031924770
Suriname,SUR,1996,7102244104
Suriname,SUR,1997,7507071853
Suriname,SUR,1998,7679734630
Suriname,SUR,1999,7572218309
Suriname,SUR,2000,7731234807
Suriname,SUR,2001,8055946702
Suriname,SUR,2002,8281513265
Suriname,SUR,2003,8803248554
Suriname,SUR,2004,9551524697
Suriname,SUR,2005,9981343329
Suriname,SUR,2006,10559616805
Suriname,SUR,2007,11099370327
Suriname,SUR,2008,11559262393
Suriname,SUR,2009,11907623766
Suriname,SUR,2010,12523108019
Suriname,SUR,2011,13255630651
Suriname,SUR,2012,13612253476
Suriname,SUR,2013,14011560990
Suriname,SUR,2014,14047360953
Suriname,SUR,2015,13567918528
Suriname,SUR,2016,12901508432
Suriname,SUR,2017,13103550934
Suriname,SUR,2018,13751950156
Suriname,SUR,2019,13912516519
Suriname,SUR,2020,11689965333
Suriname,SUR,2021,11405269573
Suriname,SUR,2022,11679705719
Suriname,SUR,2023,11961956571
Suriname,SUR,2024,12167816758
Suriname,SUR,2025,12385826501
Sweden,SWE,1990,344062662873
Sweden,SWE,1991,340119791286
Sweden,SWE,1992,336179188009
Sweden,SWE,1993,329235015672
Sweden,SWE,1994,342456323028
Sweden,SWE,1995,356477820225
Sweden,SWE,1996,362554768400
Sweden,SWE,1997,373667042554
Sweden,SWE,1998,389532316651
Sweden,SWE,1999,405897033978
Sweden,SWE,2000,424694618241
Sweden,SWE,2001,430473889901
Sweden,SWE,2002,440278917145
Sweden,SWE,2003,448560685519
Sweden,SWE,2004,467308657029
Sweden,SWE,2005,480361231904
Sweden,SWE,2006,502823282845
Sweden,SWE,2007,519038670699
Sweden,SWE,2008,514247355956
Sweden,SWE,2009,492362974294
Sweden,SWE,2010,520677610789
Sweden,SWE,2011,537151255124
Sweden,SWE,2012,534925312665
Sweden,SWE,2013,541010979913
Sweden,SWE,2014,553431360604
Sweden,SWE,2015,577717294222
Sweden,SWE,2016,590029484727
Sweden,SWE,2017,601138688785
Sweden,SWE,2018,611780378612
Sweden,SWE,2019,627737018768
Sweden,SWE,2020,615597858878
Sweden,SWE,2021,647768167635
Sweden,SWE,2022,655900483732
Sweden,SWE,2023,654562044646
Sweden,SWE,2024,661224153134
Sweden,SWE,2025,671427924457
Switzerland,CHE,1990,429265528873
Switzerland,CHE,1991,424346254012
Switzerland,CHE,1992,419429809409
Switzerland,CHE,1993,410765998835
Switzerland,CHE,1994,427261399863
Switzerland,CHE,1995,444755147668
Switzerland,CHE,1996,447246518902
Switzerland,CHE,1997,456628037034
Switzerland,CHE,1998,469304550695
Switzerland,CHE,1999,477189222462
Switzerland,CHE,2000,494526541149
Switzerland,CHE,2001,502400381925
Switzerland,CHE,2002,504311563892
Switzerland,CHE,2003,502878197674
Switzerland,CHE,2004,515887299379
Switzerland,CHE,2005,531116730314
Switzerland,CHE,2006,553074808875
Switzerland,CHE,2007,575104850637
Switzerland,CHE,2008,589664182918
Switzerland,CHE,2009,578254714926
Switzerland,CHE,2010,597109466386
Switzerland,CHE,2011,605514741530
Switzerland,CHE,2012,612321549212
Switzerland,CHE,2013,623564531702
Switzerland,CHE,2014,639424418394
Switzerland,CHE,2015,648724868075
Switzerland,CHE,2016,661125833893
Switzerland,CHE,2017,670516109038
Switzerland,CHE,2018,692827080377
Switzerland,CHE,2019,700554332340
Switzerland,CHE,2020,684755025118
Switzerland,CHE,2021,727047059179
Switzerland,CHE,2022,752743104247
Switzerland,CHE,2023,758957457250
Switzerland,CHE,2024,769509498082
Switzerland,CHE,2025,779513721078
Syria,SYR,1990,74875953167
Syria,SYR,1991,80616294296
Syria,SYR,1992,91074476916
Syria,SYR,1993,96676372885
Syria,SYR,1994,103649667896
Syria,SYR,1995,110932704622
Syria,SYR,1996,121832474507
Syria,SYR,1997,127953099854
Syria,SYR,1998,136635107327
Syria,SYR,1999,131779847282
Syria,SYR,2000,132670208055
Syria,SYR,2001,137702924291
Syria,SYR,2002,148524378799
Syria,SYR,2003,149401833667
Syria,SYR,2004,159714344992
Syria,SYR,2005,169641397209
Syria,SYR,2006,178201506864
Syria,SYR,2007,188313975866
Syria,SYR,2008,196744079878
Syria,SYR,2009,208376169498
Syria,SYR,2010,219194037405
Syria,SYR,2011,225441551008
Syria,SYR,2012,166062715804
Syria,SYR,2013,122387793522
Syria,SYR,2014,109769194412
Syria,SYR,2015,105181180124
Syria,SYR,2016,98443605079
Syria,SYR,2017,97731516907
Syria,SYR,2018,99093144887
Syria,SYR,2019,100302802835
Syria,SYR,2020,101260608930
Syria,SYR,2021,103072861947
Syria,SYR,2022,102864167600
Tajikistan,TJK,1990,22529307638
Tajikistan,TJK,1991,20929726999
Tajikistan,TJK,1992,14860105948
Tajikistan,TJK,1993,12423048596
Tajikistan,TJK,1994,9776939492
Tajikistan,TJK,1995,8563003180
Tajikistan,TJK,1996,7132981783
Tajikistan,TJK,1997,7252863963
Tajikistan,TJK,1998,7638199027
Tajikistan,TJK,1999,7920778073
Tajikistan,TJK,2000,8580129343
Tajikistan,TJK,2001,9402177479
Tajikistan,TJK,2002,10417613000
Tajikistan,TJK,2003,11563550334
Tajikistan,TJK,2004,12754595896
Tajikistan,TJK,2005,13609153632
Tajikistan,TJK,2006,14561794823
Tajikistan,TJK,2007,15697614837
Tajikistan,TJK,2008,16937726138
Tajikistan,TJK,2009,17598297652
Tajikistan,TJK,2010,18742186838
Tajikistan,TJK,2011,20129108777
Tajikistan,TJK,2012,21638791827
Tajikistan,TJK,2013,23240062367
Tajikistan,TJK,2014,24797146706
Tajikistan,TJK,2015,26289762181
Tajikistan,TJK,2016,28103755771
Tajikistan,TJK,2017,30099122549
Tajikistan,TJK,2018,32386655528
Tajikistan,TJK,2019,34783268090
Tajikistan,TJK,2020,36313732274
Tajikistan,TJK,2021,39727222945
Tajikistan,TJK,2022,42905400915
Tajikistan,TJK,2023,46466548855
Tajikistan,TJK,2024,50369738870
Tajikistan,TJK,2025,54600797204
Tanzania,TZA,1990,45548129428
Tanzania,TZA,1991,46491881301
Tanzania,TZA,1992,46763543653
Tanzania,TZA,1993,47327418840
Tanzania,TZA,1994,48069352690
Tanzania,TZA,1995,49785386216
Tanzania,TZA,1996,52047816781
Tanzania,TZA,1997,53882647114
Tanzania,TZA,1998,55880891332
Tanzania,TZA,1999,58598861751
Tanzania,TZA,2000,61247990089
Tanzania,TZA,2001,64966238148
Tanzania,TZA,2002,69574420093
Tanzania,TZA,2003,74216974922
Tanzania,TZA,2004,79786079165
Tanzania,TZA,2005,85751141168
Tanzania,TZA,2006,91352595553
Tanzania,TZA,2007,97535828141
Tanzania,TZA,2008,103082121916
Tanzania,TZA,2009,108513627413
Tanzania,TZA,2010,115389618835
Tanzania,TZA,2011,124242489748
Tanzania,TZA,2012,129833592573
Tanzania,TZA,2013,138638368792
Tanzania,TZA,2014,147972144106
Tanzania,TZA,2015,157088158594
Tanzania,TZA,2016,167875584975
Tanzania,TZA,2017,179169028787
Tanzania,TZA,2018,189028119923
Tanzania,TZA,2019,199991750878
Tanzania,TZA,2020,203975515772
Tanzania,TZA,2021,212790081675
Tanzania,TZA,2022,222506089071
Tanzania,TZA,2023,233786087616
Tanzania,TZA,2024,246705840510
Tanzania,TZA,2025,261145208412
Thailand,THA,1990,476382179394
Thailand,THA,1991,517152206431
Thailand,THA,1992,558955625949
Thailand,THA,1993,605080174206
Thailand,THA,1994,653468584993
Thailand,THA,1995,706532294783
Thailand,THA,1996,746465107712
Thailand,THA,1997,725910629979
Thailand,THA,1998,670494356342
Thailand,THA,1999,701151421768
Thailand,THA,2000,732389449755
Thailand,THA,2001,757614766126
Thailand,THA,2002,804200771231
Thailand,THA,2003,862016721322
Thailand,THA,2004,916231902255
Thailand,THA,2005,954600381491
Thailand,THA,2006,1002023123223
Thailand,THA,2007,1056484599944
Thailand,THA,2008,1074716342521
Thailand,THA,2009,1067294155514
Thailand,THA,2010,1147484133550
Thailand,THA,2011,1157124515904
Thailand,THA,2012,1240932686400
Thailand,THA,2013,1274282697289
Thailand,THA,2014,1286827613679
Thailand,THA,2015,1327157399106
Thailand,THA,2016,1372747348917
Thailand,THA,2017,1430096354531
Thailand,THA,2018,1490487468569
Thailand,THA,2019,1522004687538
Thailand,THA,2020,1429267981090
Thailand,THA,2021,1451544299160
Thailand,THA,2022,1489833746301
Thailand,THA,2023,1523337639788
Thailand,THA,2024,1568254771392
Thailand,THA,2025,1606558993493
Togo,TGO,1990,8947626991
Togo,TGO,1991,8884996511
Togo,TGO,1992,8531312626
Togo,TGO,1993,7243440390
Togo,TGO,1994,8328682642
Togo,TGO,1995,8982137117
Togo,TGO,1996,9775817762
Togo,TGO,1997,11181323992
Togo,TGO,1998,10924167342
Togo,TGO,1999,11195278022
Togo,TGO,2000,11107565301
Togo,TGO,2001,11199029298
Togo,TGO,2002,11627573882
Togo,TGO,2003,12408966779
Togo,TGO,2004,12287524523
Togo,TGO,2005,11714151842
Togo,TGO,2006,12024592340
Togo,TGO,2007,11883286918
Togo,TGO,2008,12362850408
Togo,TGO,2009,13037096900
Togo,TGO,2010,13800332095
Togo,TGO,2011,14603960793
Togo,TGO,2012,15524406713
Togo,TGO,2013,16428587079
Togo,TGO,2014,17354048389
Togo,TGO,2015,18302974936
Togo,TGO,2016,19074427736
Togo,TGO,2017,19838914128
Togo,TGO,2018,20790226431
Togo,TGO,2019,21813000083
Togo,TGO,2020,22283943041
Togo,TGO,2021,23428363747
Togo,TGO,2022,24903047324
Togo,TGO,2023,26446445980
Togo,TGO,2024,28172476918
Togo,TGO,2025,29950252256
Tonga,TON,1990,447492905
Tonga,TON,1991,476199367
Tonga,TON,1992,477399263
Tonga,TON,1993,495244725
Tonga,TON,1994,519771825
Tonga,TON,1995,552144047
Tonga,TON,1996,552657089
Tonga,TON,1997,549338174
Tonga,TON,1998,561932172
Tonga,TON,1999,574870450
Tonga,TON,2000,596451647
Tonga,TON,2001,605353576
Tonga,TON,2002,632166040
Tonga,TON,2003,632493536
Tonga,TON,2004,620046396
Tonga,TON,2005,615968656
Tonga,TON,2006,602628849
Tonga,TON,2007,587778219
Tonga,TON,2008,616360941
Tonga,TON,2009,584746690
Tonga,TON,2010,589567324
Tonga,TON,2011,629090133
Tonga,TON,2012,634876259
Tonga,TON,2013,637377180
Tonga,TON,2014,650064413
Tonga,TON,2015,657304467
Tonga,TON,2016,700678008
Tonga,TON,2017,723115959
Tonga,TON,2018,726932768
Tonga,TON,2019,724859477
Tonga,TON,2020,737951796
Tonga,TON,2021,731052538
Tonga,TON,2022,715491728
Tonga,TON,2023,735455000
Tonga,TON,2024,748079365
Tonga,TON,2025,769025588
Trinidad and Tobago,TTO,1990,14863118827
Trinidad and Tobago,TTO,1991,15325719707
Trinidad and Tobago,TTO,1992,16872541457
Trinidad and Tobago,TTO,1993,16759644791
Trinidad and Tobago,TTO,1994,17357491589
Trinidad and Tobago,TTO,1995,18018796943
Trinidad and Tobago,TTO,1996,19304343950
Trinidad and Tobago,TTO,1997,20756581682
Trinidad and Tobago,TTO,1998,22442963444
Trinidad and Tobago,TTO,1999,24243970335
Trinidad and Tobago,TTO,2000,25917133906
Trinidad and Tobago,TTO,2001,26997495849
Trinidad and Tobago,TTO,2002,29140208717
Trinidad and Tobago,TTO,2003,33348343210
Trinidad and Tobago,TTO,2004,35999553673
Trinidad and Tobago,TTO,2005,38234743597
Trinidad and Tobago,TTO,2006,43284810939
Trinidad and Tobago,TTO,2007,45342661620
Trinidad and Tobago,TTO,2008,46880565486
Trinidad and Tobago,TTO,2009,44821697980
Trinidad and Tobago,TTO,2010,46311223723
Trinidad and Tobago,TTO,2011,46174904594
Trinidad and Tobago,TTO,2012,49273585275
Trinidad and Tobago,TTO,2013,50933214684
Trinidad and Tobago,TTO,2014,52802906023
Trinidad and Tobago,TTO,2015,52588376640
Trinidad and Tobago,TTO,2016,48625125652
Trinidad and Tobago,TTO,2017,46255745100
Trinidad and Tobago,TTO,2018,45818420297
Trinidad and Tobago,TTO,2019,46032728869
Trinidad and Tobago,TTO,2020,41987005233
Trinidad and Tobago,TTO,2021,41686067308
Trinidad and Tobago,TTO,2022,42045093076
Trinidad and Tobago,TTO,2023,42661667327
Trinidad and Tobago,TTO,2024,43732137356
Trinidad and Tobago,TTO,2025,43387629321
Tunisia,TUN,1990,56128703390
Tunisia,TUN,1991,58320274042
Tunisia,TUN,1992,62872596514
Tunisia,TUN,1993,64249398779
Tunisia,TUN,1994,66291508944
Tunisia,TUN,1995,67850466373
Tunisia,TUN,1996,72699115638
Tunisia,TUN,1997,76654633445
Tunisia,TUN,1998,80321609038
Tunisia,TUN,1999,85184788873
Tunisia,TUN,2000,89196969355
Tunisia,TUN,2001,92583128626
Tunisia,TUN,2002,93807593412
Tunisia,TUN,2003,98218801247
Tunisia,TUN,2004,104343520142
Tunisia,TUN,2005,107981504493
Tunisia,TUN,2006,113644162389
Tunisia,TUN,2007,121269141301
Tunisia,TUN,2008,126408262506
Tunisia,TUN,2009,130255434928
Tunisia,TUN,2010,134125496815
Tunisia,TUN,2011,131380438935
Tunisia,TUN,2012,136920327837
Tunisia,TUN,2013,140247397280
Tunisia,TUN,2014,144581501910
Tunisia,TUN,2015,145980811141
Tunisia,TUN,2016,147611755424
Tunisia,TUN,2017,150936879048
Tunisia,TUN,2018,154871757681
Tunisia,TUN,2019,157272414033
Tunisia,TUN,2020,143157016349
Tunisia,TUN,2021,149936984870
Tunisia,TUN,2022,154063681928
Tunisia,TUN,2023,154347183057
Tunisia,TUN,2024,156839034439
Tunisia,TUN,2025,160749204258
Turkey,TUR,1990,682505591964
Turkey,TUR,1991,687421536684
Turkey,TUR,1992,722037575720
Turkey,TUR,1993,777282585537
Turkey,TUR,1994,740997888983
Turkey,TUR,1995,799375680239
Turkey,TUR,1996,856593380523
Turkey,TUR,1997,919620342574
Turkey,TUR,1998,937171946463
Turkey,TUR,1999,908562237208
Turkey,TUR,2000,972027916852
Turkey,TUR,2001,918960943249
Turkey,TUR,2002,978100755969
Turkey,TUR,2003,1034821730499
Turkey,TUR,2004,1137531983651
Turkey,TUR,2005,1241179091458
Turkey,TUR,2006,1328900988579
Turkey,TUR,2007,1396783711390
Turkey,TUR,2008,1409635772832
Turkey,TUR,2009,1340807571289
Turkey,TUR,2010,1455342015326
Turkey,TUR,2011,1615138023254
Turkey,TUR,2012,1692787834404
Turkey,TUR,2013,1836476014441
Turkey,TUR,2014,1920968501406
Turkey,TUR,2015,2032491746703
Turkey,TUR,2016,2100044965183
Turkey,TUR,2017,2264391487395
Turkey,TUR,2018,2342924050076
Turkey,TUR,2019,2373420103722
Turkey,TUR,2020,2416214350889
Turkey,TUR,2021,2701595710002
Turkey,TUR,2022,2848595614232
Turkey,TUR,2023,2992310786629
Turkey,TUR,2024,3091883611271
Turkey,TUR,2025,3203334425248
Turkmenistan,TKM,1990,29523094069
Turkmenistan,TKM,1991,28163477881
Turkmenistan,TKM,1992,23948535539
Turkmenistan,TKM,1993,24307763651
Turkmenistan,TKM,1994,20102554445
Turkmenistan,TKM,1995,18655162298
Turkmenistan,TKM,1996,19905056677
Turkmenistan,TKM,1997,17635880190
Turkmenistan,TKM,1998,18888027743
Turkmenistan,TKM,1999,22004552233
Turkmenistan,TKM,2000,23207995333
Turkmenistan,TKM,2001,24216114783
Turkmenistan,TKM,2002,24278393786
Turkmenistan,TKM,2003,25072012882
Turkmenistan,TKM,2004,26325715659
Turkmenistan,TKM,2005,29757018599
Turkmenistan,TKM,2006,33022347990
Turkmenistan,TKM,2007,36674388384
Turkmenistan,TKM,2008,42065523482
Turkmenistan,TKM,2009,44631520422
Turkmenistan,TKM,2010,48737620334
Turkmenistan,TKM,2011,55910975379
Turkmenistan,TKM,2012,62089602878
Turkmenistan,TKM,2013,68399673002
Turkmenistan,TKM,2014,75478858169
Turkmenistan,TKM,2015,80349168617
Turkmenistan,TKM,2016,85354198656
Turkmenistan,TKM,2017,90860725420
Turkmenistan,TKM,2018,96499563517
Turkmenistan,TKM,2019,102609622208
Turkmenistan,TKM,2020,108633480388
Turkmenistan,TKM,2021,115315697251
Turkmenistan,TKM,2022,122505531400
Turkmenistan,TKM,2023,130246409084
Turkmenistan,TKM,2024,138428952805
Turkmenistan,TKM,2025,147149976883
Turks and Caicos Islands,TCA,2007,574756617
Turks and Caicos Islands,TCA,2008,622299870
Turks and Caicos Islands,TCA,2009,500638710
Turks and Caicos Islands,TCA,2010,505569625
Turks and Caicos Islands,TCA,2011,528929464
Turks and Caicos Islands,TCA,2012,514825265
Turks and Caicos Islands,TCA,2013,520338429
Turks and Caicos Islands,TCA,2014,565666649
Turks and Caicos Islands,TCA,2015,629670865
Turks and Caicos Islands,TCA,2016,675329472
Turks and Caicos Islands,TCA,2017,1179044139
Turks and Caicos Islands,TCA,2018,1258660844
Turks and Caicos Islands,TCA,2019,1321363621
Turks and Caicos Islands,TCA,2020,874516799
Turks and Caicos Islands,TCA,2021,1133630688
Turks and Caicos Islands,TCA,2022,1293326643
Turks and Caicos Islands,TCA,2023,1470915240
Turks and Caicos Islands,TCA,2024,1553828160
Tuvalu,TUV,1990,27452233
Tuvalu,TUV,1991,28443034
Tuvalu,TUV,1992,29236250
Tuvalu,TUV,1993,30438101
Tuvalu,TUV,1994,33568166
Tuvalu,TUV,1995,31888263
Tuvalu,TUV,1996,29987286
Tuvalu,TUV,1997,32987005
Tuvalu,TUV,1998,38100375
Tuvalu,TUV,1999,37504534
Tuvalu,TUV,2000,37157624
Tuvalu,TUV,2001,37416104
Tuvalu,TUV,2002,40528129
Tuvalu,TUV,2003,38764837
Tuvalu,TUV,2004,38032903
Tuvalu,TUV,2005,36607944
Tuvalu,TUV,2006,37084227
Tuvalu,TUV,2007,39645068
Tuvalu,TUV,2008,42253397
Tuvalu,TUV,2009,39878789
Tuvalu,TUV,2010,38894475
Tuvalu,TUV,2011,41819383
Tuvalu,TUV,2012,40626375
Tuvalu,TUV,2013,42172218
Tuvalu,TUV,2014,42875324
Tuvalu,TUV,2015,46896585
Tuvalu,TUV,2016,49136603
Tuvalu,TUV,2017,50742402
Tuvalu,TUV,2018,51446038
Tuvalu,TUV,2019,58363733
Tuvalu,TUV,2020,56595135
Tuvalu,TUV,2021,56595135
Tuvalu,TUV,2022,50405042
Tuvalu,TUV,2023,52173640
Tuvalu,TUV,2024,53942238
Tuvalu,TUV,2025,54826537
Uganda,UGA,1990,18976161859
Uganda,UGA,1991,20030116010
Uganda,UGA,1992,20714816861
Uganda,UGA,1993,22439593108
Uganda,UGA,1994,23876542912
Uganda,UGA,1995,26627895166
Uganda,UGA,1996,29043608326
Uganda,UGA,1997,30524832892
Uganda,UGA,1998,32022156984
Uganda,UGA,1999,34601204977
Uganda,UGA,2000,35688342775
Uganda,UGA,2001,37538305526
Uganda,UGA,2002,40816407789
Uganda,UGA,2003,43458559445
Uganda,UGA,2004,46416884994
Uganda,UGA,2005,49356264462
Uganda,UGA,2006,54679211422
Uganda,UGA,2007,59279059602
Uganda,UGA,2008,64441525832
Uganda,UGA,2009,68824527391
Uganda,UGA,2010,72704586957
Uganda,UGA,2011,79532751291
Uganda,UGA,2012,82584785315
Uganda,UGA,2013,85547023791
Uganda,UGA,2014,89915317733
Uganda,UGA,2015,94579998410
Uganda,UGA,2016,99101868411
Uganda,UGA,2017,102205149786
Uganda,UGA,2018,108648084530
Uganda,UGA,2019,115643657676
Uganda,UGA,2020,119056656372
Uganda,UGA,2021,123267190675
Uganda,UGA,2022,128922716406
Uganda,UGA,2023,135803286914
Uganda,UGA,2024,144026964626
Uganda,UGA,2025,153146480646
Ukraine,UKR,1990,1187655664310
Ukraine,UKR,1991,1084329621518
Ukraine,UKR,1992,976980988966
Ukraine,UKR,1993,838249688539
Ukraine,UKR,1994,646290509870
Ukraine,UKR,1995,567443067661
Ukraine,UKR,1996,510698760895
Ukraine,UKR,1997,495377798076
Ukraine,UKR,1998,485965619902
Ukraine,UKR,1999,484993688662
Ukraine,UKR,2000,513608316294
Ukraine,UKR,2001,558805848147
Ukraine,UKR,2002,588644109011
Ukraine,UKR,2003,644663072355
Ukraine,UKR,2004,720703354358
Ukraine,UKR,2005,742837814816
Ukraine,UKR,2006,799081191364
Ukraine,UKR,2007,864732459089
Ukraine,UKR,2008,884132659139
Ukraine,UKR,2009,750306202906
Ukraine,UKR,2010,781008765492
Ukraine,UKR,2011,823536885927
Ukraine,UKR,2012,824791255865
Ukraine,UKR,2013,825166033543
Ukraine,UKR,2014,741998415578
Ukraine,UKR,2015,669483005304
Ukraine,UKR,2016,685824964588
Ukraine,UKR,2017,702010243648
Ukraine,UKR,2018,726498904612
Ukraine,UKR,2019,749743265134
Ukraine,UKR,2020,721606765377
Ukraine,UKR,2021,746470597165
Ukraine,UKR,2022,531796221835
Ukraine,UKR,2023,561229725741
Ukraine,UKR,2024,579459129957
Ukraine,UKR,2025,590014115732
United Arab Emirates,ARE,1990,211418019277
United Arab Emirates,ARE,1991,213236434810
United Arab Emirates,ARE,1992,220369794161
United Arab Emirates,ARE,1993,223148873072
United Arab Emirates,ARE,1994,238537388359
United Arab Emirates,ARE,1995,254489980053
United Arab Emirates,ARE,1996,269246711016
United Arab Emirates,ARE,1997,291298723806
United Arab Emirates,ARE,1998,292149975856
United Arab Emirates,ARE,1999,300628324209
United Arab Emirates,ARE,2000,333255028999
United Arab Emirates,ARE,2001,337917005618
United Arab Emirates,ARE,2002,346139793122
United Arab Emirates,ARE,2003,376602095951
United Arab Emirates,ARE,2004,412629834366
United Arab Emirates,ARE,2005,432663576394
United Arab Emirates,ARE,2006,475225900525
United Arab Emirates,ARE,2007,490359054999
United Arab Emirates,ARE,2008,506010395898
United Arab Emirates,ARE,2009,479480665998
United Arab Emirates,ARE,2010,487166022061
United Arab Emirates,ARE,2011,519984018033
United Arab Emirates,ARE,2012,544336202989
United Arab Emirates,ARE,2013,571109110186
United Arab Emirates,ARE,2014,597568126146
United Arab Emirates,ARE,2015,639921760403
United Arab Emirates,ARE,2016,676127903104
United Arab Emirates,ARE,2017,668951676639
United Arab Emirates,ARE,2018,679234844226
United Arab Emirates,ARE,2019,687869897064
United Arab Emirates,ARE,2020,628070384049
United Arab Emirates,ARE,2021,656665181293
United Arab Emirates,ARE,2022,706010444877
United Arab Emirates,ARE,2023,736376917710
United Arab Emirates,ARE,2024,765771699903
United Kingdom,GBR,1990,1919566391185
United Kingdom,GBR,1991,1894757152165
United Kingdom,GBR,1992,1919289112945
United Kingdom,GBR,1993,1986281658495
United Kingdom,GBR,1994,2084670351228
United Kingdom,GBR,1995,2158329905035
United Kingdom,GBR,1996,2214768420554
United Kingdom,GBR,1997,2322848793991
United Kingdom,GBR,1998,2398255778841
United Kingdom,GBR,1999,2468871429734
United Kingdom,GBR,2000,2580572573397
United Kingdom,GBR,2001,2642274638992
United Kingdom,GBR,2002,2687431835567
United Kingdom,GBR,2003,2773927262589
United Kingdom,GBR,2004,2838449324816
United Kingdom,GBR,2005,2917660644802
United Kingdom,GBR,2006,2981552199768
United Kingdom,GBR,2007,3068938851175
United Kingdom,GBR,2008,3067422437153
United Kingdom,GBR,2009,2926707248980
United Kingdom,GBR,2010,2992866771927
United Kingdom,GBR,2011,3018349169102
United Kingdom,GBR,2012,3064477402594
United Kingdom,GBR,2013,3117139515557
United Kingdom,GBR,2014,3215646532943
United Kingdom,GBR,2015,3284474411422
United Kingdom,GBR,2016,3356947002982
United Kingdom,GBR,2017,3458434969965
United Kingdom,GBR,2018,3512086742067
United Kingdom,GBR,2019,3556209052603
United Kingdom,GBR,2020,3198884842788
United Kingdom,GBR,2021,3472169152711
United Kingdom,GBR,2022,3650975582470
United Kingdom,GBR,2023,3660893459405
United Kingdom,GBR,2024,3700441255614
United Kingdom,GBR,2025,3751819739100
United States,USA,1990,11079319700573
United States,USA,1991,11067319371015
United States,USA,1992,11457165382935
United States,USA,1993,11772443185976
United States,USA,1994,12246757597389
United States,USA,1995,12575513322950
United States,USA,1996,13049958855286
United States,USA,1997,13630307220970
United States,USA,1998,14241372070381
United States,USA,1999,14923309497831
United States,USA,2000,15531820240832
United States,USA,2001,15680232737760
United States,USA,2002,15946866836810
United States,USA,2003,16392678397137
United States,USA,2004,17023431236172
United States,USA,2005,17616450964293
United States,USA,2006,18106988023981
United States,USA,2007,18469826407095
United States,USA,2008,18490805774529
United States,USA,2009,18014390119987
United States,USA,2010,18499912627046
United States,USA,2011,18789326527808
United States,USA,2012,19219435517265
United States,USA,2013,19626470506630
United States,USA,2014,20121807258768
United States,USA,2015,20714505243484
United States,USA,2016,21091395615523
United States,USA,2017,21609742457818
United States,USA,2018,22250796562799
United States,USA,2019,22825718280631
United States,USA,2020,22350629263579
United States,USA,2021,23725645000000
United States,USA,2022,24324531017265
United States,USA,2023,25038301109944
United States,USA,2024,25737667720036
United States,USA,2025,26293957026094
United States Virgin Islands,VIR,2002,5891955133
United States Virgin Islands,VIR,2003,5868618225
United States Virgin Islands,VIR,2004,6061454781
United States Virgin Islands,VIR,2005,6272715211
United States Virgin Islands,VIR,2006,6492573449
United States Virgin Islands,VIR,2007,6752964212
United States Virgin Islands,VIR,2008,6835257519
United States Virgin Islands,VIR,2009,6384486718
United States Virgin Islands,VIR,2010,6422562725
United States Virgin Islands,VIR,2011,5895639908
United States Virgin Islands,VIR,2012,5022348247
United States Virgin Islands,VIR,2013,4706685860
United States Virgin Islands,VIR,2014,4623164295
United States Virgin Islands,VIR,2015,4603512162
United States Virgin Islands,VIR,2016,4677207661
United States Virgin Islands,VIR,2017,4642816428
United States Virgin Islands,VIR,2018,4730022768
United States Virgin Islands,VIR,2019,4867587699
United States Virgin Islands,VIR,2020,4788979167
United States Virgin Islands,VIR,2021,4964620106
United States Virgin Islands,VIR,2022,4899522415
Upper-middle-income countries,OWID_UMC,1990,13021622009789
Upper-middle-income countries,OWID_UMC,1991,13276010563257
Upper-middle-income countries,OWID_UMC,1992,13715091289211
Upper-middle-income countries,OWID_UMC,1993,14325672580355
Upper-middle-income countries,OWID_UMC,1994,14876468446032
Upper-middle-income countries,OWID_UMC,1995,15455349575442
Upper-middle-income countries,OWID_UMC,1996,16335236864252
Upper-middle-income countries,OWID_UMC,1997,17245187108876
Upper-middle-income countries,OWID_UMC,1998,17604661301306
Upper-middle-income countries,OWID_UMC,1999,18124397743683
Upper-middle-income countries,OWID_UMC,2000,19187223937848
Upper-middle-income countries,OWID_UMC,2001,19827554140328
Upper-middle-income countries,OWID_UMC,2002,20761451472365
Upper-middle-income countries,OWID_UMC,2003,21934221749801
Upper-middle-income countries,OWID_UMC,2004,23639584825885
Upper-middle-income countries,OWID_UMC,2005,25302316629898
Upper-middle-income countries,OWID_UMC,2006,27341171241745
Upper-middle-income countries,OWID_UMC,2007,29745274885306
Upper-middle-income countries,OWID_UMC,2008,31472419034972
Upper-middle-income countries,OWID_UMC,2009,32297881182534
Upper-middle-income countries,OWID_UMC,2010,34906017117271
Upper-middle-income countries,OWID_UMC,2011,37195500781943
Upper-middle-income countries,OWID_UMC,2012,39213108675607
Upper-middle-income countries,OWID_UMC,2013,41307278658546
Upper-middle-income countries,OWID_UMC,2014,43209396749306
Upper-middle-income countries,OWID_UMC,2015,44988242549466
Upper-middle-income countries,OWID_UMC,2016,47002777398323
Upper-middle-income countries,OWID_UMC,2017,49424819350796
Upper-middle-income countries,OWID_UMC,2018,51742860674538
Upper-middle-income countries,OWID_UMC,2019,53834881894872
Upper-middle-income countries,OWID_UMC,2020,53327081790856
Upper-middle-income countries,OWID_UMC,2021,57167014516834
Upper-middle-income countries,OWID_UMC,2022,59110891411666
Upper-middle-income countries,OWID_UMC,2023,61753143040267
Upper-middle-income countries,OWID_UMC,2024,64337062986163
Upper-middle-income countries,OWID_UMC,2025,66962886121421
Uruguay,URY,1990,43650514353
Uruguay,URY,1991,45195222468
Uruguay,URY,1992,48779921496
Uruguay,URY,1993,50076270401
Uruguay,URY,1994,53722495233
Uruguay,URY,1995,52944808945
Uruguay,URY,1996,55898048027
Uruguay,URY,1997,60676036088
Uruguay,URY,1998,63417919473
Uruguay,URY,1999,62453367215
Uruguay,URY,2000,61248060548
Uruguay,URY,2001,58893605503
Uruguay,URY,2002,54339947676
Uruguay,URY,2003,54777538534
Uruguay,URY,2004,57518694402
Uruguay,URY,2005,61809665004
Uruguay,URY,2006,64342981936
Uruguay,URY,2007,68551985078
Uruguay,URY,2008,73471374697
Uruguay,URY,2009,76589128217
Uruguay,URY,2010,82565691640
Uruguay,URY,2011,86827842475
Uruguay,URY,2012,89899966721
Uruguay,URY,2013,94069112406
Uruguay,URY,2014,97115814568
Uruguay,URY,2015,97475862960
Uruguay,URY,2016,99123008367
Uruguay,URY,2017,100848121902
Uruguay,URY,2018,101014297026
Uruguay,URY,2019,101952064290
Uruguay,URY,2020,94451117467
Uruguay,URY,2021,99971098860
Uruguay,URY,2022,104575997616
Uruguay,URY,2023,105372604484
Uruguay,URY,2024,108877043424
Uruguay,URY,2025,110820184181
Uzbekistan,UZB,1990,86762950998
Uzbekistan,UZB,1991,86336077274
Uzbekistan,UZB,1992,76666436622
Uzbekistan,UZB,1993,74903108576
Uzbekistan,UZB,1994,71008146935
Uzbekistan,UZB,1995,70369073609
Uzbekistan,UZB,1996,71565347863
Uzbekistan,UZB,1997,75286745949
Uzbekistan,UZB,1998,78524076026
Uzbekistan,UZB,1999,81900611296
Uzbekistan,UZB,2000,85041499740
Uzbekistan,UZB,2001,88582490234
Uzbekistan,UZB,2002,92102305024
Uzbekistan,UZB,2003,96000652406
Uzbekistan,UZB,2004,103151741585
Uzbekistan,UZB,2005,110320795047
Uzbekistan,UZB,2006,118541259153
Uzbekistan,UZB,2007,129770678921
Uzbekistan,UZB,2008,141487882475
Uzbekistan,UZB,2009,152878977560
Uzbekistan,UZB,2010,164493450262
Uzbekistan,UZB,2011,177863373966
Uzbekistan,UZB,2012,190948464705
Uzbekistan,UZB,2013,206074972304
Uzbekistan,UZB,2014,221971058053
Uzbekistan,UZB,2015,239606162717
Uzbekistan,UZB,2016,255686324524
Uzbekistan,UZB,2017,267704282407
Uzbekistan,UZB,2018,283026829072
Uzbekistan,UZB,2019,302253721741
Uzbekistan,UZB,2020,307155137056
Uzbekistan,UZB,2021,332355634582
Uzbekistan,UZB,2022,352582543777
Uzbekistan,UZB,2023,374851763165
Uzbekistan,UZB,2024,399877571452
Uzbekistan,UZB,2025,430666644031
Vanuatu,VUT,1990,522927053
Vanuatu,VUT,1991,539386906
Vanuatu,VUT,1992,553332289
Vanuatu,VUT,1993,557401760
Vanuatu,VUT,1994,608022012
Vanuatu,VUT,1995,614126219
Vanuatu,VUT,1996,628418996
Vanuatu,VUT,1997,659254339
Vanuatu,VUT,1998,667012803
Vanuatu,VUT,1999,669262591
Vanuatu,VUT,2000,708915122
Vanuatu,VUT,2001,684829146
Vanuatu,VUT,2002,649229544
Vanuatu,VUT,2003,677070683
Vanuatu,VUT,2004,704068150
Vanuatu,VUT,2005,741421264
Vanuatu,VUT,2006,804150675
Vanuatu,VUT,2007,827277182
Vanuatu,VUT,2008,873612909
Vanuatu,VUT,2009,900147185
Vanuatu,VUT,2010,911478843
Vanuatu,VUT,2011,940097482
Vanuatu,VUT,2012,949592915
Vanuatu,VUT,2013,953993237
Vanuatu,VUT,2014,983615962
Vanuatu,VUT,2015,1018052482
Vanuatu,VUT,2016,1054904030
Vanuatu,VUT,2017,1099456024
Vanuatu,VUT,2018,1127110948
Vanuatu,VUT,2019,1164043810
Vanuatu,VUT,2020,1097398777
Vanuatu,VUT,2021,1084632464
Vanuatu,VUT,2022,1145284648
Vanuatu,VUT,2023,1212051652
Vanuatu,VUT,2024,1257693255
Vanuatu,VUT,2025,1296097902
Vietnam,VNM,1990,161662915527
Vietnam,VNM,1991,171299389618
Vietnam,VNM,1992,186110016142
Vietnam,VNM,1993,201134176471
Vietnam,VNM,1994,218912388019
Vietnam,VNM,1995,239797680998
Vietnam,VNM,1996,262194826367
Vietnam,VNM,1997,283569169231
Vietnam,VNM,1998,299915387686
Vietnam,VNM,1999,314232109294
Vietnam,VNM,2000,335560036797
Vietnam,VNM,2001,356340911874
Vietnam,VNM,2002,378864583034
Vietnam,VNM,2003,405002691161
Vietnam,VNM,2004,435525356944
Vietnam,VNM,2005,468395534555
Vietnam,VNM,2006,501079963291
Vietnam,VNM,2007,536804481752
Vietnam,VNM,2008,567197123348
Vietnam,VNM,2009,597813842917
Vietnam,VNM,2010,636212889630
Vietnam,VNM,2011,677014296785
Vietnam,VNM,2012,714280851405
Vietnam,VNM,2013,753948515703
Vietnam,VNM,2014,802368922391
Vietnam,VNM,2015,858431677101
Vietnam,VNM,2016,915860832928
Vietnam,VNM,2017,979423318291
Vietnam,VNM,2018,1052537336148
Vietnam,VNM,2019,1129996323741
Vietnam,VNM,2020,1162375387665
Vietnam,VNM,2021,1192059299524
Vietnam,VNM,2022,1293831367134
Vietnam,VNM,2023,1358246826635
Vietnam,VNM,2024,1453861317894
Vietnam,VNM,2025,1570443985263
World,OWID_WRL,1990,59746506695070
World,OWID_WRL,1991,60258490453632
World,OWID_WRL,1992,61053199066222
World,OWID_WRL,1993,61978794358266
World,OWID_WRL,1994,63652014872827
World,OWID_WRL,1995,65638271921048
World,OWID_WRL,1996,68072956904075
World,OWID_WRL,1997,70778368389422
World,OWID_WRL,1998,72514571649883
World,OWID_WRL,1999,75129460995882
World,OWID_WRL,2000,78748266091431
World,OWID_WRL,2001,80651158295442
World,OWID_WRL,2002,82913446416270
World,OWID_WRL,2003,85953247177966
World,OWID_WRL,2004,90382276783125
World,OWID_WRL,2005,94536020338348
World,OWID_WRL,2006,99458127988160
World,OWID_WRL,2007,104664529164621
World,OWID_WRL,2008,107616102342597
World,OWID_WRL,2009,106900393523163
World,OWID_WRL,2010,112369774826691
World,OWID_WRL,2011,116779323374085
World,OWID_WRL,2012,120457639815694
World,OWID_WRL,2013,124396248689855
World,OWID_WRL,2014,128707260097480
World,OWID_WRL,2015,132979475190066
World,OWID_WRL,2016,137269733552341
World,OWID_WRL,2017,142488808750999
World,OWID_WRL,2018,147685397273162
World,OWID_WRL,2019,152051967520231
World,OWID_WRL,2020,147750738921631
World,OWID_WRL,2021,157405903630916
World,OWID_WRL,2022,163140044693829
World,OWID_WRL,2023,168473707388178
World,OWID_WRL,2024,174159721560705
World,OWID_WRL,2025,180028791385506
Zambia,ZMB,1990,18882326322
Zambia,ZMB,1991,18875503499
Zambia,ZMB,1992,18548783223
Zambia,ZMB,1993,19809594852
Zambia,ZMB,1994,18100929747
Zambia,ZMB,1995,18625434758
Zambia,ZMB,1996,19783666077
Zambia,ZMB,1997,20538216584
Zambia,ZMB,1998,20458991205
Zambia,ZMB,1999,21410373117
Zambia,ZMB,2000,22244804500
Zambia,ZMB,2001,23427531453
Zambia,ZMB,2002,24483179366
Zambia,ZMB,2003,26183529803
Zambia,ZMB,2004,28024859074
Zambia,ZMB,2005,30052625499
Zambia,ZMB,2006,32427893191
Zambia,ZMB,2007,35136412295
Zambia,ZMB,2008,37867880381
Zambia,ZMB,2009,41359430886
Zambia,ZMB,2010,45618717444
Zambia,ZMB,2011,48159338865
Zambia,ZMB,2012,51818187350
Zambia,ZMB,2013,54438911322
Zambia,ZMB,2014,56993883582
Zambia,ZMB,2015,58658318773
Zambia,ZMB,2016,60860997487
Zambia,ZMB,2017,63006872740
Zambia,ZMB,2018,65548881175
Zambia,ZMB,2019,66493641150
Zambia,ZMB,2020,64641756629
Zambia,ZMB,2021,68672119764
Zambia,ZMB,2022,72250777479
Zambia,ZMB,2023,76129157926
Zambia,ZMB,2024,79037328495
Zambia,ZMB,2025,82007336609
Zimbabwe,ZWE,1990,61663750293
Zimbabwe,ZWE,1991,65074859696
Zimbabwe,ZWE,1992,59207993170
Zimbabwe,ZWE,1993,59830488367
Zimbabwe,ZWE,1994,65355974976
Zimbabwe,ZWE,1995,65459260179
Zimbabwe,ZWE,1996,72241322923
Zimbabwe,ZWE,1997,74177785048
Zimbabwe,ZWE,1998,76318033093
Zimbabwe,ZWE,1999,75693831513
Zimbabwe,ZWE,2000,73378268035
Zimbabwe,ZWE,2001,74434560881
Zimbabwe,ZWE,2002,67814341465
Zimbabwe,ZWE,2003,56289244401
Zimbabwe,ZWE,2004,53020224218
Zimbabwe,ZWE,2005,49992172719
Zimbabwe,ZWE,2006,48261742201
Zimbabwe,ZWE,2007,46498619663
Zimbabwe,ZWE,2008,38282779114
Zimbabwe,ZWE,2009,43363690467
Zimbabwe,ZWE,2010,51895673362
Zimbabwe,ZWE,2011,59261701480
Zimbabwe,ZWE,2012,69137918289
Zimbabwe,ZWE,2013,70513407176
Zimbabwe,ZWE,2014,72189500723
Zimbabwe,ZWE,2015,73474368124
Zimbabwe,ZWE,2016,74029683033
Zimbabwe,ZWE,2017,77534552621
Zimbabwe,ZWE,2018,81418972876
Zimbabwe,ZWE,2019,76263157323
Zimbabwe,ZWE,2020,70301703988
Zimbabwe,ZWE,2021,76254864070
Zimbabwe,ZWE,2022,80936350936
Zimbabwe,ZWE,2023,85267148879
Zimbabwe,ZWE,2024,86696647982
Zimbabwe,ZWE,2025,93724896788